smiles,predicted_w_eV
CCCCC(C=C)C1CC1,0.7104281
NCCCC(C=C)C1CC1,0.6498974
OCCCC(C=C)C1CC1,0.6852582
CNCCC(C=C)C1CC1,0.6048496
COCCC(C=C)C1CC1,0.6888172
CCNCC(C=C)C1CC1,0.5936367
CCOCC(C=C)C1CC1,0.73731625
CCCNC(C=C)C1CC1,0.5167059
NCCNC(C=C)C1CC1,0.5514448
OCCNC(C=C)C1CC1,0.64310426
CCCOC(C=C)C1CC1,0.785945
NCCOC(C=C)C1CC1,0.703102
OCCOC(C=C)C1CC1,0.69719994
COCOC(C=C)C1CC1,0.53468287
CCCCC(C=C)C1CN1,0.6084841
NCCCC(C=C)C1CN1,0.66043425
OCCCC(C=C)C1CN1,0.6280891
CNCCC(C=C)C1CN1,0.63195485
COCCC(C=C)C1CN1,0.612245
CCNCC(C=C)C1CN1,0.5640713
CCOCC(C=C)C1CN1,0.69996685
CCCNC(C=C)C1CN1,0.555596
NCCNC(C=C)C1CN1,0.6078061
OCCNC(C=C)C1CN1,0.63543266
CCCOC(C=C)C1CN1,0.7084731
NCCOC(C=C)C1CN1,0.6941037
OCCOC(C=C)C1CN1,0.63367414
COCOC(C=C)C1CN1,0.38571605
CCCCC(C=C)C1CO1,0.6609751
NCCCC(C=C)C1CO1,0.4787932
OCCCC(C=C)C1CO1,0.7491258
CNCCC(C=C)C1CO1,0.6206325
COCCC(C=C)C1CO1,0.73727494
CCNCC(C=C)C1CO1,0.34249595
CCOCC(C=C)C1CO1,0.71699184
CCCNC(C=C)C1CO1,0.5339302
NCCNC(C=C)C1CO1,0.56501025
OCCNC(C=C)C1CO1,0.73407
CCCOC(C=C)C1CO1,0.63223076
NCCOC(C=C)C1CO1,0.463043
OCCOC(C=C)C1CO1,0.43799165
COCOC(C=C)C1CO1,0.35739192
CCCCC(C=C)N1CC1,0.6494963
NCCCC(C=C)N1CC1,0.6247595
OCCCC(C=C)N1CC1,0.51039237
CNCCC(C=C)N1CC1,0.64327407
COCCC(C=C)N1CC1,0.5337498
CCNCC(C=C)N1CC1,0.5401397
CCOCC(C=C)N1CC1,0.58902174
C=CCCC(C=C)C1CC1,0.82541305
C=CC(CCC=O)C1CC1,0.87401175
C=CC(CCC#N)C1CC1,1.06818
C=CCCC(C=O)C1CC1,1.080256
C=CCCC(C#N)C1CC1,1.2849883
C=CC(CNC=N)C1CC1,0.64195395
C=CC(CNC=O)C1CC1,0.72772545
C=CC(CNN=C)C1CC1,0.44482008
C=COCC(C=C)C1CC1,0.80707353
C=CC(COC=O)C1CC1,1.0895808
C=COCC(C=O)C1CC1,1.3095903
C=COCC(C#N)C1CC1,0.999234
C=CC(CON=C)C1CC1,0.9069586
C=CCNC(C=C)C1CC1,0.65319705
C=CC(NCC=O)C1CC1,0.84222084
C=CC(NCC#N)C1CC1,1.0515789
C=CCNC(C=O)C1CC1,1.0215404
C=CCNC(C#N)C1CC1,0.82101876
C=CC(NNC=N)C1CC1,0.6988588
C=CC(NNC=O)C1CC1,0.99102485
C=CCOC(C=C)C1CC1,0.7838875
C=CC(OCC=O)C1CC1,1.2769803
C=CC(OCC#N)C1CC1,1.4736425
C=CCOC(C=O)C1CC1,1.31734
C=CCOC(C#N)C1CC1,1.3895472
C=CC(ONC=N)C1CC1,0.9252344
C=CC(ONC=O)C1CC1,1.0914513
C=CCCN(C=N)C1CC1,0.6380624
C=CCCN(C=O)C1CC1,0.7759422
C=CCCN(N=C)C1CC1,0.6060744
C=CCNN(C=N)C1CC1,0.72074926
C=CCNN(C=O)C1CC1,0.97999436
C=CCON(C=N)C1CC1,0.77028555
C=CCON(C=O)C1CC1,1.2767668
C=CCCC(C=C)C1CN1,0.7881949
C=CC(CCC=O)C1CN1,1.107467
C=CC(CCC#N)C1CN1,1.0710446
C=CCCC(C=O)C1CN1,1.1650808
C=CCCC(C#N)C1CN1,1.3110054
C=CC(CNC=N)C1CN1,0.60444826
C=CC(CNC=O)C1CN1,0.933844
C=CC(CNN=C)C1CN1,0.43771857
C=COCC(C=C)C1CN1,0.6425622
C=CC(COC=O)C1CN1,1.0440301
C=COCC(C=O)C1CN1,1.2688962
C=COCC(C#N)C1CN1,0.83991903
C=CC(CON=C)C1CN1,1.0087018
C=CCNC(C=C)C1CN1,0.8581472
C=CC(NCC=O)C1CN1,1.0555766
C=CC(NCC#N)C1CN1,0.78450006
C=CCNC(C=O)C1CN1,1.1077726
C=CCNC(C#N)C1CN1,0.7594278
C=CC(NNC=N)C1CN1,0.74638295
C=CC(NNC=O)C1CN1,1.0026824
C=CCOC(C=C)C1CN1,0.7160454
C=CC(OCC=O)C1CN1,1.1088653
C=CC(OCC#N)C1CN1,0.6992116
C=CCOC(C=O)C1CN1,1.2141273
C=CCOC(C#N)C1CN1,0.8843713
C=CC(ONC=N)C1CN1,0.85009444
C=CC(ONC=O)C1CN1,0.88864774
C=CCCC(C=C)C1CO1,0.9056527
C=CC(CCC=O)C1CO1,1.3143003
C=CC(CCC#N)C1CO1,1.2308245
C=CCCC(C=O)C1CO1,1.3991303
C=CCCC(C#N)C1CO1,1.531778
C=CC(CNC=N)C1CO1,0.5941201
C=CC(CNC=O)C1CO1,0.8893982
C=CC(CNN=C)C1CO1,0.69463927
C=COCC(C=C)C1CO1,0.777702
C=CC(COC=O)C1CO1,0.9442668
C=COCC(C=O)C1CO1,1.3492172
C=COCC(C#N)C1CO1,1.2227753
C=CC(CON=C)C1CO1,1.1378664
C=CCNC(C=C)C1CO1,0.78793514
C=CC(NCC=O)C1CO1,1.0932702
C=CC(NCC#N)C1CO1,0.9405357
C=CCNC(C=O)C1CO1,1.4282775
C=CCNC(C#N)C1CO1,1.3306285
C=CC(NNC=N)C1CO1,0.802791
C=CC(NNC=O)C1CO1,0.9743041
C=CCOC(C=C)C1CO1,0.7888753
C=CC(OCC=O)C1CO1,1.2589141
C=CC(OCC#N)C1CO1,1.4440993
C=CCOC(C=O)C1CO1,1.3742505
C=CCOC(C#N)C1CO1,0.90853393
C=CC(ONC=N)C1CO1,0.7808246
C=CC(ONC=O)C1CO1,1.1974845
C=CCCC(C=C)N1CC1,0.63114655
C=CC(CCC=O)N1CC1,1.1575896
C=CC(CCC#N)N1CC1,0.97788936
C=CCCC(C=O)N1CC1,1.3587407
C=CCCC(C#N)N1CC1,1.1184978
C=CC(CNC=N)N1CC1,0.7759466
C=CC(CNC=O)N1CC1,0.84673333
C=CC(CNN=C)N1CC1,0.55090535
C=COCC(C=C)N1CC1,0.6541507
C=CC(COC=O)N1CC1,1.1092659
C=COCC(C=O)N1CC1,1.352707
C=COCC(C#N)N1CC1,1.1482842
C=CC(CON=C)N1CC1,0.9714558
C=CCCN(C=N)N1CC1,0.7346403
C=CCCN(C=O)N1CC1,1.0391744
C=CC(CCC#C)C1CC1,0.7220534
C=CC(NCC#C)C1CC1,0.71586734
C=CC(OCC#C)C1CC1,0.9212087
C=CC(CCC#C)C1CN1,0.8248694
C=CC(NCC#C)C1CN1,0.7467303
C=CC(OCC#C)C1CN1,0.83815867
C=CC(CCC#C)C1CO1,0.6784961
C=CC(NCC#C)C1CO1,0.45443866
C=CC(OCC#C)C1CO1,0.90937907
C=CC(CCC#C)N1CC1,0.59962106
C=CCCC(C#C)C1CC1,0.91156834
C=COCC(C#C)C1CC1,1.0791458
C=CCNC(C#C)C1CC1,0.73167413
C=CCOC(C#C)C1CC1,1.0033531
C=CCCC(C#C)C1CN1,0.96020615
C=COCC(C#C)C1CN1,0.7576681
C=CCNC(C#C)C1CN1,1.010105
C=CCOC(C#C)C1CN1,1.0829445
C=CCCC(C#C)C1CO1,1.2180443
C=COCC(C#C)C1CO1,1.091417
C=CCNC(C#C)C1CO1,0.8792055
C=CCOC(C#C)C1CO1,0.7401739
C=CCCC(C#C)N1CC1,1.06426
C=COCC(C#C)N1CC1,1.011131
CCC(CC=CC)C1CC1,0.56137264
CC=CCC(CN)C1CC1,0.5943309
CC=CCC(CO)C1CC1,0.6585401
CNC(CC=CC)C1CC1,0.5241345
COC(CC=CC)C1CC1,0.7473538
CCC(OC=CC)C1CC1,0.49823365
CC=COC(CN)C1CC1,0.48105088
CC=COC(CO)C1CC1,0.5357254
COC(OC=CC)C1CC1,0.40112886
CCN(CC=CC)C1CC1,0.32936156
CCC(CC=CC)C1CN1,0.43591627
CC=CCC(CN)C1CN1,0.5786602
CC=CCC(CO)C1CN1,0.60026866
CNC(CC=CC)C1CN1,0.44946054
COC(CC=CC)C1CN1,0.60802376
CCC(OC=CC)C1CN1,0.46081784
CC=COC(CN)C1CN1,0.5151682
CC=COC(CO)C1CN1,0.5432758
COC(OC=CC)C1CN1,0.4375587
CCC(CC=CC)C1CO1,0.51315224
CC=CCC(CN)C1CO1,0.51715416
CC=CCC(CO)C1CO1,0.77262217
CNC(CC=CC)C1CO1,0.57883954
COC(CC=CC)C1CO1,0.824945
CCC(OC=CC)C1CO1,0.49468544
CC=COC(CN)C1CO1,0.44756016
CC=COC(CO)C1CO1,0.71283007
COC(OC=CC)C1CO1,0.46668553
CCC(CC=CC)N1CC1,0.39860734
CC=CCC(CN)N1CC1,0.6486372
CC=CCC(CO)N1CC1,0.5736321
CC=CCC(C=C)C1CC1,0.7721801
CC=CCC(C=O)C1CC1,1.0234817
CC=CCC(C#N)C1CC1,1.3407769
NN=CCC(C=C)C1CC1,0.8833313
ON=CCC(C=C)C1CC1,0.66182166
CN=CNC(C=C)C1CC1,0.6389332
NN=CNC(C=C)C1CC1,0.6271705
ON=CNC(C=C)C1CC1,0.7463244
CC=NNC(C=C)C1CC1,0.6110493
CC=COC(C=C)C1CC1,0.69391984
CC=COC(C=O)C1CC1,1.3578343
CC=COC(C#N)C1CC1,1.026115
NN=COC(C=C)C1CC1,0.72556
ON=COC(C=C)C1CC1,0.9627163
CC=NOC(C=C)C1CC1,0.98274606
CC=CCN(C=N)C1CC1,0.7058604
CC=CCN(C=O)C1CC1,0.8890738
CC=CCN(N=C)C1CC1,0.5837767
CC=CCC(C=C)C1CN1,0.78608596
CC=CCC(C=O)C1CN1,1.2281394
CC=CCC(C#N)C1CN1,1.344296
NN=CCC(C=C)C1CN1,0.8368869
ON=CCC(C=C)C1CN1,0.86900795
CN=CNC(C=C)C1CN1,0.6892881
NN=CNC(C=C)C1CN1,0.8944671
ON=CNC(C=C)C1CN1,0.7398423
CC=NNC(C=C)C1CN1,0.754547
CC=COC(C=C)C1CN1,0.66522694
CC=COC(C=O)C1CN1,1.2316548
CC=COC(C#N)C1CN1,0.8936865
NN=COC(C=C)C1CN1,0.8863559
ON=COC(C=C)C1CN1,0.93848026
CC=NOC(C=C)C1CN1,0.9973432
CC=CCC(C=C)C1CO1,0.9239717
CC=CCC(C=O)C1CO1,1.6961814
CC=CCC(C#N)C1CO1,1.3027962
NN=CCC(C=C)C1CO1,1.0837541
ON=CCC(C=C)C1CO1,1.1079812
CN=CNC(C=C)C1CO1,0.73790514
NN=CNC(C=C)C1CO1,1.0358757
ON=CNC(C=C)C1CO1,1.0012004
CC=NNC(C=C)C1CO1,0.7654937
CC=COC(C=C)C1CO1,0.64090323
CC=COC(C=O)C1CO1,1.4244143
CC=COC(C#N)C1CO1,0.9904427
NN=COC(C=C)C1CO1,0.9598733
ON=COC(C=C)C1CO1,1.0470465
CC=NOC(C=C)C1CO1,1.1478978
CC=CCC(C=C)N1CC1,0.6092961
CC=CCC(C=O)N1CC1,1.3724241
CC=CCC(C#N)N1CC1,1.2975464
NN=CCC(C=C)N1CC1,0.88161945
ON=CCC(C=C)N1CC1,0.9182828
CC=CCN(C=N)N1CC1,0.8113374
CC=CCN(C=O)N1CC1,0.9821249
CC=CCC(C#C)C1CC1,0.8111918
CC=COC(C#C)C1CC1,1.135635
CC=CCC(C#C)C1CN1,0.8293739
CC=COC(C#C)C1CN1,0.82896435
CC=CCC(C#C)C1CO1,1.2816721
CC=COC(C#C)C1CO1,0.7777887
CC=CCC(C#C)N1CC1,0.8476094
CC#CCC(C=C)C1CC1,0.7439046
CC#CCC(C=C)C1CN1,0.7176541
CC#CCC(C=C)C1CO1,1.0968566
CC#CCC(C=C)N1CC1,0.71104777
CCCCC(=CC)C1CC1,0.6258044
CC=C(CCCN)C1CC1,0.52381194
CC=C(CCCO)C1CC1,0.74853086
CNCCC(=CC)C1CC1,0.4592855
COCCC(=CC)C1CC1,0.6721677
CCNCC(=CC)C1CC1,0.56970847
CCOCC(=CC)C1CC1,0.763209
CCCOC(=CC)C1CC1,0.5749465
CC=C(OCCN)C1CC1,0.4419813
CC=C(OCCO)C1CC1,0.51222086
COCOC(=CC)C1CC1,0.43585792
CCCCC(=CC)C1CN1,0.5580726
CC=C(CCCN)C1CN1,0.51761943
CC=C(CCCO)C1CN1,0.6540239
CNCCC(=CC)C1CN1,0.58219016
COCCC(=CC)C1CN1,0.6052959
CCNCC(=CC)C1CN1,0.56621456
CCOCC(=CC)C1CN1,0.6466593
CCCOC(=CC)C1CN1,0.6043464
CC=C(OCCN)C1CN1,0.5270642
CC=C(OCCO)C1CN1,0.5218839
COCOC(=CC)C1CN1,0.5805947
CCCCC(=CC)C1CO1,0.7330109
CC=C(CCCN)C1CO1,0.5458387
CC=C(CCCO)C1CO1,0.72622794
CNCCC(=CC)C1CO1,0.6492197
COCCC(=CC)C1CO1,0.88585377
CCNCC(=CC)C1CO1,0.6982004
CCOCC(=CC)C1CO1,0.83986175
CCCOC(=CC)C1CO1,0.72048336
CC=C(OCCN)C1CO1,0.5606496
CC=C(OCCO)C1CO1,0.40948698
COCOC(=CC)C1CO1,0.58721304
CC=C(CCC=C)C1CC1,0.8172196
CC=C(CCC=O)C1CC1,0.91943127
CC=C(CCC#N)C1CC1,1.2469221
NN=C(CCC=C)C1CC1,0.66089284
ON=C(CCC=C)C1CC1,0.59933907
CC=C(CNC=N)C1CC1,0.64872694
CC=C(CNC=O)C1CC1,0.74768096
CC=C(CNN=C)C1CC1,0.50359166
CC=C(COC=C)C1CC1,0.65207154
CC=C(COC=O)C1CC1,1.0944704
CC=C(CON=C)C1CC1,0.86565924
NN=C(COC=C)C1CC1,0.91396594
ON=C(COC=C)C1CC1,1.0048836
CN=C(NCC=C)C1CC1,0.6501064
NN=C(NCC=C)C1CC1,0.60431224
ON=C(NCC=C)C1CC1,0.77358043
CC=C(OCC=C)C1CC1,0.69409454
CC=C(OCC=O)C1CC1,1.1954147
CC=C(OCC#N)C1CC1,1.4218634
NN=C(OCC=C)C1CC1,0.68268996
ON=C(OCC=C)C1CC1,0.8204122
CC=C(CCC=C)C1CN1,0.7600906
CC=C(CCC=O)C1CN1,1.1411666
CC=C(CCC#N)C1CN1,1.3363409
NN=C(CCC=C)C1CN1,0.8862964
ON=C(CCC=C)C1CN1,0.74799865
CC=C(CNC=N)C1CN1,0.5599739
CC=C(CNC=O)C1CN1,0.8617416
CC=C(CNN=C)C1CN1,0.557568
CC=C(COC=C)C1CN1,0.6709293
CC=C(COC=O)C1CN1,0.9447298
CC=C(CON=C)C1CN1,0.8381574
NN=C(COC=C)C1CN1,0.8245928
ON=C(COC=C)C1CN1,0.9244133
CN=C(NCC=C)C1CN1,0.65234196
NN=C(NCC=C)C1CN1,0.6229689
ON=C(NCC=C)C1CN1,0.67591316
CC=C(OCC=C)C1CN1,0.68357956
CC=C(OCC=O)C1CN1,0.98108137
CC=C(OCC#N)C1CN1,1.0520085
NN=C(OCC=C)C1CN1,0.60406214
ON=C(OCC=C)C1CN1,0.93978244
CC=C(CCC=C)C1CO1,0.9573543
CC=C(CCC=O)C1CO1,1.2886218
CC=C(CCC#N)C1CO1,1.2932081
NN=C(CCC=C)C1CO1,1.1631964
ON=C(CCC=C)C1CO1,1.0734301
CC=C(CNC=N)C1CO1,0.61393535
CC=C(CNC=O)C1CO1,1.0604495
CC=C(CNN=C)C1CO1,0.7474004
CC=C(COC=C)C1CO1,0.59087986
CC=C(COC=O)C1CO1,1.1199943
CC=C(CON=C)C1CO1,1.0603813
NN=C(COC=C)C1CO1,0.971009
ON=C(COC=C)C1CO1,1.0233271
CN=C(NCC=C)C1CO1,0.7814382
NN=C(NCC=C)C1CO1,1.0410308
ON=C(NCC=C)C1CO1,1.1624514
CC=C(OCC=C)C1CO1,0.6845559
CC=C(OCC=O)C1CO1,1.2550653
CC=C(OCC#N)C1CO1,1.3376676
NN=C(OCC=C)C1CO1,0.9794289
ON=C(OCC=C)C1CO1,1.1957496
CN=C(CCC=C)N1CC1,0.6327104
NN=C(CCC=C)N1CC1,0.6839591
ON=C(CCC=C)N1CC1,0.654616
CN=C(COC=C)N1CC1,0.6849708
NN=C(COC=C)N1CC1,0.86525714
ON=C(COC=C)N1CC1,1.1391357
CN=C(NCC=C)N1CC1,0.47034854
NN=C(NCC=C)N1CC1,0.7025241
ON=C(NCC=C)N1CC1,0.929467
CN=C(OCC=C)N1CC1,0.6270452
NN=C(OCC=C)N1CC1,0.9057267
ON=C(OCC=C)N1CC1,1.011901
CC=C(CCC#C)C1CC1,0.8291082
CC=C(OCC#C)C1CC1,0.7163664
CC=C(CCC#C)C1CN1,0.62065846
CC=C(OCC#C)C1CN1,0.7099166
CC=C(CCC#C)C1CO1,1.0428898
CC=C(OCC#C)C1CO1,1.0202917
CC=CCC(=CC)C1CC1,0.75793254
CC=C(CC=NN)C1CC1,0.66203797
CC=C(CC=NO)C1CC1,0.92704874
CC=CCC(=NN)C1CC1,0.70634764
CC=CCC(=NO)C1CC1,0.9074022
CC=C(NC=NC)C1CC1,0.54241765
CC=C(N=CNN)C1CC1,0.5698615
CC=C(N=CNO)C1CC1,0.8978721
CC=CNC(=NC)C1CC1,0.52785623
CC=CN=C(NN)C1CC1,0.68121165
CC=CN=C(NO)C1CC1,0.8913723
CC=COC(=CC)C1CC1,0.61446536
CC=C(OC=NN)C1CC1,0.74643594
CC=C(OC=NO)C1CC1,0.9124382
CC=COC(=NN)C1CC1,0.61635566
CC=COC(=NO)C1CC1,0.8932509
CC=CCC(=CC)C1CN1,0.78022456
CC=C(CC=NN)C1CN1,0.84164876
CC=C(CC=NO)C1CN1,1.1923192
CC=CCC(=NN)C1CN1,0.86929
CC=CCC(=NO)C1CN1,1.3118732
CC=C(NC=NC)C1CN1,0.6613618
CC=C(N=CNN)C1CN1,0.84682304
CC=C(N=CNO)C1CN1,0.9499638
CC=CNC(=NC)C1CN1,0.742918
CC=CN=C(NN)C1CN1,0.78831667
CC=CN=C(NO)C1CN1,1.08053
CC=COC(=CC)C1CN1,0.7302127
CC=C(OC=NN)C1CN1,0.8198412
CC=C(OC=NO)C1CN1,0.8324716
CC=COC(=NN)C1CN1,0.7296902
CC=COC(=NO)C1CN1,0.63886476
CC=CCC(=CC)C1CO1,1.0637573
CC=C(CC=NN)C1CO1,0.8261491
CC=C(CC=NO)C1CO1,1.205857
CC=CCC(=NN)C1CO1,0.8350879
CC=CCC(=NO)C1CO1,1.3413472
CC=C(NC=NC)C1CO1,0.86457336
CC=C(N=CNN)C1CO1,0.76056886
CC=C(N=CNO)C1CO1,0.9023243
CC=CNC(=NC)C1CO1,0.6596718
CC=CN=C(NN)C1CO1,0.6293397
CC=CN=C(NO)C1CO1,0.9703591
CC=COC(=CC)C1CO1,0.7758682
CC=C(OC=NN)C1CO1,0.9017568
CC=C(OC=NO)C1CO1,1.0333624
CC=COC(=NN)C1CO1,0.74977434
CC=COC(=NO)C1CO1,0.8637274
CC=CCC(=NC)N1CC1,0.7809238
CC=CCC(=NN)N1CC1,0.7850904
CC=CCC(=NO)N1CC1,1.1787181
CC=CNC(=NC)N1CC1,0.56781733
CC=CNC(=NN)N1CC1,0.59339774
CC=CNC(=NO)N1CC1,0.65764225
CC=C(CC#CC)C1CC1,0.9253098
CC=C(CC#CC)C1CN1,1.0530807
CC=C(CC#CC)C1CO1,1.2085181
CCC=CC(CC)C1CC1,0.62020123
CCC(C=CCN)C1CC1,0.51049566
CCC(C=CCO)C1CC1,0.8291098
CCC=CC(CN)C1CC1,0.63783526
NCC=CC(CN)C1CC1,0.6648648
NCC(C=CCO)C1CC1,0.71084774
CCC=CC(CO)C1CC1,0.7933802
NCC=CC(CO)C1CC1,0.728365
OCC=CC(CO)C1CC1,0.78870326
CCC(C=COC)C1CC1,0.5426035
COC=CC(CN)C1CC1,0.44119748
COC=CC(CO)C1CC1,0.6628564
CCC=CC(NC)C1CC1,0.5102158
CNC(C=CCN)C1CC1,0.59437263
CNC(C=CCO)C1CC1,0.65695935
CNC(C=COC)C1CC1,0.37033054
CCC=CC(OC)C1CC1,0.5965438
COC(C=CCN)C1CC1,0.5860672
COC(C=CCO)C1CC1,0.65881044
COC=CC(OC)C1CC1,0.501854
CCC=CC(CC)C1CN1,0.5648227
CCC(C=CCN)C1CN1,0.58431286
CCC(C=CCO)C1CN1,0.78345484
CCC=CC(CN)C1CN1,0.60198843
NCC=CC(CN)C1CN1,0.6789157
NCC(C=CCO)C1CN1,0.7352934
CCC=CC(CO)C1CN1,0.69503474
NCC=CC(CO)C1CN1,0.83898324
OCC=CC(CO)C1CN1,0.949404
CCC(C=COC)C1CN1,0.5454742
COC=CC(CN)C1CN1,0.6123239
COC=CC(CO)C1CN1,0.81207544
CCC=CC(NC)C1CN1,0.6128292
CNC(C=CCN)C1CN1,0.6132767
CNC(C=CCO)C1CN1,0.7466269
CNC(C=COC)C1CN1,0.47658047
CCC=CC(OC)C1CN1,0.6305932
COC(C=CCN)C1CN1,0.6511351
COC(C=CCO)C1CN1,0.78220606
COC=CC(OC)C1CN1,0.7088212
CCC=CC(CC)C1CO1,0.5882017
CCC(C=CCN)C1CO1,0.41631767
CCC(C=CCO)C1CO1,0.9347547
CCC=CC(CN)C1CO1,0.5542838
NCC=CC(CN)C1CO1,0.70424867
NCC(C=CCO)C1CO1,0.7133275
CCC=CC(CO)C1CO1,0.8179209
NCC=CC(CO)C1CO1,0.8571088
OCC=CC(CO)C1CO1,0.9524155
CCC(C=COC)C1CO1,0.71022683
COC=CC(CN)C1CO1,0.5796454
COC=CC(CO)C1CO1,0.79202664
CCC=CC(NC)C1CO1,0.60440755
CNC(C=CCN)C1CO1,0.646857
CNC(C=CCO)C1CO1,0.67065066
CNC(C=COC)C1CO1,0.6833372
CCC=CC(OC)C1CO1,0.75711167
COC(C=CCN)C1CO1,0.8225617
COC(C=CCO)C1CO1,0.6345573
COC=CC(OC)C1CO1,0.74322844
CCC=CC(CC)N1CC1,0.47951972
CCC(C=CCN)N1CC1,0.40213224
CCC(C=CCO)N1CC1,0.5937316
CCC=CC(CN)N1CC1,0.59336406
NCC=CC(CN)N1CC1,0.56875914
NCC(C=CCO)N1CC1,0.6603751
CCC=CC(CO)N1CC1,0.57612216
NCC=CC(CO)N1CC1,0.73821646
OCC=CC(CO)N1CC1,1.041247
CCC(C=COC)N1CC1,0.54399365
COC=CC(CN)N1CC1,0.7396998
COC=CC(CO)N1CC1,0.9105581
CCC(C=CC=C)C1CC1,0.99302953
CCC(C=CC=O)C1CC1,1.3509803
CCC(C=CC#N)C1CC1,1.5163791
NCC(C=CC=C)C1CC1,0.8958595
OCC(C=CC=C)C1CC1,0.7969038
OCC(C=CC=O)C1CC1,1.4799576
OCC(C=CC#N)C1CC1,1.538643
CNC(C=CC=C)C1CC1,0.8215524
CNC(C=CC=O)C1CC1,1.2468582
CNC(C=CC#N)C1CC1,1.426422
COC(C=CC=C)C1CC1,1.0273848
COC(C=CC=O)C1CC1,1.5808743
COC(C=CC#N)C1CC1,1.8027774
CCN(C=CC=O)C1CC1,1.1474856
CCN(C=CC#N)C1CC1,1.0383483
CCN(N=CC=C)C1CC1,0.7040112
CCC(C=CC=C)C1CN1,0.9248595
CCC(C=CC=O)C1CN1,1.5354733
CCC(C=CC#N)C1CN1,1.2579298
NCC(C=CC=C)C1CN1,0.9541056
OCC(C=CC=C)C1CN1,1.0283784
OCC(C=CC=O)C1CN1,1.5231775
OCC(C=CC#N)C1CN1,1.4537773
CNC(C=CC=C)C1CN1,0.97290903
CNC(C=CC=O)C1CN1,1.3626779
CNC(C=CC#N)C1CN1,1.3300024
COC(C=CC=C)C1CN1,1.0062287
COC(C=CC=O)C1CN1,1.5976118
COC(C=CC#N)C1CN1,1.0627309
CCC(C=CC=C)C1CO1,1.0144161
CCC(C=CC=O)C1CO1,1.6252233
CCC(C=CC#N)C1CO1,1.6881348
NCC(C=CC=C)C1CO1,1.0603132
OCC(C=CC=C)C1CO1,1.2508978
OCC(C=CC=O)C1CO1,1.5650177
OCC(C=CC#N)C1CO1,1.8544232
CNC(C=CC=C)C1CO1,1.1021273
CNC(C=CC=O)C1CO1,1.5575196
CNC(C=CC#N)C1CO1,1.7258484
COC(C=CC=C)C1CO1,1.2593483
COC(C=CC=O)C1CO1,1.6638907
COC(C=CC#N)C1CO1,1.7390178
CCC(C=CC=C)N1CC1,0.88986975
CCC(C=CC=O)N1CC1,1.5817913
CCC(C=CC#N)N1CC1,1.4133075
NCC(C=CC=C)N1CC1,0.7641201
OCC(C=CC=C)N1CC1,0.93829024
OCC(C=CC=O)N1CC1,1.5067332
OCC(C=CC#N)N1CC1,1.6263301
CCC(C=CC#C)C1CC1,1.1169682
NCC(C=CC#C)C1CC1,1.127525
OCC(C=CC#C)C1CC1,1.1364707
CNC(C=CC#C)C1CC1,1.1921463
COC(C=CC#C)C1CC1,1.2987713
CCC(C=CC#C)C1CN1,1.1813885
NCC(C=CC#C)C1CN1,1.3969419
OCC(C=CC#C)C1CN1,0.8393783
CNC(C=CC#C)C1CN1,1.2151469
COC(C=CC#C)C1CN1,1.2272948
CCC(C=CC#C)C1CO1,1.2230542
NCC(C=CC#C)C1CO1,1.0411042
OCC(C=CC#C)C1CO1,1.4506625
CNC(C=CC#C)C1CO1,1.2880762
COC(C=CC#C)C1CO1,1.3844866
CCC(C=CC#C)N1CC1,1.2986639
NCC(C=CC#C)N1CC1,1.2495602
OCC(C=CC#C)N1CC1,0.9579592
CCC=CC(C=C)C1CC1,0.8764328
NCC=CC(C=C)C1CC1,0.89741397
OCC=CC(C=C)C1CC1,0.99073124
CCC=CC(C=O)C1CC1,1.2737286
CCC=CC(C#N)C1CC1,1.3263925
OCC=CC(C=O)C1CC1,1.4074559
OCC=CC(C#N)C1CC1,1.260956
COC=CC(C=C)C1CC1,0.65039337
COC=CC(C=O)C1CC1,1.190063
COC=CC(C#N)C1CC1,0.911149
CNN=CC(C=C)C1CC1,0.74676585
CON=CC(C=C)C1CC1,0.8146984
CCC=CN(C=N)C1CC1,0.69366133
NCC=CN(C=N)C1CC1,0.70066106
OCC=CN(C=N)C1CC1,0.73187864
CCC=CN(C=O)C1CC1,0.85613614
NCC=CN(C=O)C1CC1,0.8744215
OCC=CN(C=O)C1CC1,1.0852393
COC=CN(C=N)C1CC1,0.47560197
COC=CN(C=O)C1CC1,0.9434329
CCN=CN(C=C)C1CC1,0.58853054
CNN=CN(C=C)C1CC1,0.5304435
CON=CN(C=C)C1CC1,0.8238072
CCC=CC(C=C)C1CN1,0.8962055
NCC=CC(C=C)C1CN1,0.99009806
OCC=CC(C=C)C1CN1,1.0455471
CCC=CC(C=O)C1CN1,1.4936657
CCC=CC(C#N)C1CN1,1.637166
OCC=CC(C=O)C1CN1,1.6347041
OCC=CC(C#N)C1CN1,1.3774344
COC=CC(C=C)C1CN1,0.8184971
COC=CC(C=O)C1CN1,1.2343314
COC=CC(C#N)C1CN1,1.0151938
CNN=CC(C=C)C1CN1,0.9398896
CON=CC(C=C)C1CN1,1.1124558
CCC=CC(C=C)C1CO1,1.0235214
NCC=CC(C=C)C1CO1,1.0824174
OCC=CC(C=C)C1CO1,1.2650045
CCC=CC(C=O)C1CO1,1.6167086
CCC=CC(C#N)C1CO1,1.489489
OCC=CC(C=O)C1CO1,1.8087627
OCC=CC(C#N)C1CO1,1.6345848
COC=CC(C=C)C1CO1,0.9203826
COC=CC(C=O)C1CO1,1.4237273
COC=CC(C#N)C1CO1,1.4036138
CNN=CC(C=C)C1CO1,0.8844908
CON=CC(C=C)C1CO1,1.3066629
CCC=CC(C=C)N1CC1,0.74611926
NCC=CC(C=C)N1CC1,0.7153281
OCC=CC(C=C)N1CC1,0.91024446
CCC=CC(C=O)N1CC1,1.5206724
CCC=CC(C#N)N1CC1,1.5234265
OCC=CC(C=O)N1CC1,1.4499005
OCC=CC(C#N)N1CC1,1.5462762
COC=CC(C=C)N1CC1,0.85068077
COC=CC(C=O)N1CC1,1.2420195
COC=CC(C#N)N1CC1,1.3299769
CNN=CC(C=C)N1CC1,0.72866696
CON=CC(C=C)N1CC1,1.031345
CCC=CN(C=N)N1CC1,0.88761634
NCC=CN(C=N)N1CC1,0.8358158
OCC=CN(C=N)N1CC1,0.8884323
CCC=CN(C=O)N1CC1,0.9670697
NCC=CN(C=O)N1CC1,0.82195807
OCC=CN(C=O)N1CC1,1.1242324
COC=CN(C=N)N1CC1,0.57101804
COC=CN(C=O)N1CC1,1.0246998
CCN=CN(C=C)N1CC1,0.5643391
CNN=CN(C=C)N1CC1,0.59504104
CON=CN(C=C)N1CC1,0.8262297
C=CC=CC(C=C)C1CC1,1.0638138
C=CC(C=CC=O)C1CC1,1.631175
C=CC(C=CC#N)C1CC1,1.9835807
C=CC=CC(C=O)C1CC1,1.5915314
C=CC=CC(C#N)C1CC1,1.6726428
O=CC=CC(C=O)C1CC1,1.6549877
O=CC(C=CC#N)C1CC1,1.9688565
O=CC=CC(C#N)C1CC1,2.137814
N#CC=CC(C#N)C1CC1,2.3476994
C=CC(C=NN=C)C1CC1,1.242317
C=CC=CN(C=N)C1CC1,0.8425782
N=CN(C=CC=O)C1CC1,1.4571353
N=CN(C=CC#N)C1CC1,1.7953377
C=CC=CN(C=O)C1CC1,1.0977777
O=CC=CN(C=O)C1CC1,1.2027029
O=CN(C=CC#N)C1CC1,2.0649729
C=NN(C=CC=O)C1CC1,1.6501578
C=NN(C=CC#N)C1CC1,2.0784698
C=CN(C=NC=N)C1CC1,1.13828
C=CN(C=NC=O)C1CC1,1.4264599
C=CN(C=NN=C)C1CC1,0.9271851
C=CC=NN(C=N)C1CC1,1.1712518
C=CC=NN(C=O)C1CC1,1.3804024
C=CC=CC(C=C)C1CN1,1.2303277
C=CC(C=CC=O)C1CN1,1.7252655
C=CC(C=CC#N)C1CN1,1.4279716
C=CC=CC(C=O)C1CN1,1.7256658
C=CC=CC(C#N)C1CN1,1.5727662
O=CC=CC(C=O)C1CN1,1.8288113
O=CC(C=CC#N)C1CN1,2.105443
O=CC=CC(C#N)C1CN1,1.8633672
N#CC=CC(C#N)C1CN1,2.2872512
C=CC(C=NN=C)C1CN1,1.2264067
C=CC=CC(C=C)C1CO1,1.3086835
C=CC(C=CC=O)C1CO1,1.7155122
C=CC(C=CC#N)C1CO1,2.2428374
C=CC=CC(C=O)C1CO1,1.8583714
C=CC=CC(C#N)C1CO1,1.7347451
O=CC=CC(C=O)C1CO1,2.1360936
O=CC(C=CC#N)C1CO1,2.4852443
O=CC=CC(C#N)C1CO1,2.3786669
N#CC=CC(C#N)C1CO1,2.9814558
C=CC(C=NN=C)C1CO1,1.355074
C=CC=CC(C=C)N1CC1,1.1671224
C=CC(C=CC=O)N1CC1,1.6566616
C=CC(C=CC#N)N1CC1,1.4607719
C=CC=CC(C=O)N1CC1,1.5199053
C=CC=CC(C#N)N1CC1,1.7653252
O=CC=CC(C=O)N1CC1,1.887031
O=CC(C=CC#N)N1CC1,1.98637
O=CC=CC(C#N)N1CC1,2.4843614
N#CC=CC(C#N)N1CC1,2.1207786
C=CC(C=NN=C)N1CC1,1.2914925
C=CC=CN(C=N)N1CC1,0.9793827
N=CN(C=CC=O)N1CC1,1.3335241
N=CN(C=CC#N)N1CC1,1.9051288
C=CC=CN(C=O)N1CC1,1.2303606
O=CC=CN(C=O)N1CC1,1.595344
O=CN(C=CC#N)N1CC1,1.634304
C=CN(C=NC=N)N1CC1,1.157622
C=CN(C=NC=O)N1CC1,1.230699
C=CN(C=NN=C)N1CC1,0.9734943
C=CC(C=CC#C)C1CC1,1.6635804
O=CC(C=CC#C)C1CC1,1.2783337
C#CC=CC(C#N)C1CC1,2.2663887
N=CN(C=CC#C)C1CC1,0.8047154
O=CN(C=CC#C)C1CC1,1.5709647
C=CC(C=CC#C)C1CN1,1.2514025
O=CC(C=CC#C)C1CN1,1.2938457
C#CC=CC(C#N)C1CN1,2.1789563
C=CC(C=CC#C)C1CO1,1.8542551
O=CC(C=CC#C)C1CO1,1.9119514
C#CC=CC(C#N)C1CO1,2.8220446
C=CC(C=CC#C)N1CC1,1.2466664
O=CC(C=CC#C)N1CC1,1.4299136
C#CC=CC(C#N)N1CC1,2.5468526
N=CN(C=CC#C)N1CC1,1.4127518
O=CN(C=CC#C)N1CC1,1.6944338
CCC=CC(C#C)C1CC1,1.1642337
NCC=CC(C#C)C1CC1,0.86899316
OCC=CC(C#C)C1CC1,1.1632103
COC=CC(C#C)C1CC1,1.0379065
CCC=CC(C#C)C1CN1,0.90922976
NCC=CC(C#C)C1CN1,1.073485
OCC=CC(C#C)C1CN1,1.131353
COC=CC(C#C)C1CN1,0.81113684
CCC=CC(C#C)C1CO1,1.4865813
NCC=CC(C#C)C1CO1,1.483348
OCC=CC(C#C)C1CO1,1.4646355
COC=CC(C#C)C1CO1,1.3967265
CCC=CC(C#C)N1CC1,1.1706109
NCC=CC(C#C)N1CC1,1.2122716
OCC=CC(C#C)N1CC1,0.907889
COC=CC(C#C)N1CC1,0.9329792
C=CC=CC(C#C)C1CC1,1.1603373
O=CC=CC(C#C)C1CC1,1.4274071
C#CC(C=CC#N)C1CC1,2.291333
C=CC=CC(C#C)C1CN1,1.524013
O=CC=CC(C#C)C1CN1,1.6693727
C#CC(C=CC#N)C1CN1,1.8809552
C=CC=CC(C#C)C1CO1,1.5987413
O=CC=CC(C#C)C1CO1,1.9917818
C#CC(C=CC#N)C1CO1,2.8123255
C=CC=CC(C#C)N1CC1,0.9673593
O=CC=CC(C#C)N1CC1,1.3587478
C#CC(C=CC#N)N1CC1,2.370963
C#CC=CC(C#C)C1CC1,1.575531
C#CC=CC(C#C)C1CN1,1.6332928
C#CC=CC(C#C)C1CO1,2.1964545
C#CC=CC(C#C)N1CC1,1.4142137
CCC=CC(=CC)C1CC1,0.93896866
CC=C(C=CCN)C1CC1,0.79349416
CC=C(C=CCO)C1CC1,0.85323375
COC=CC(=CC)C1CC1,0.82328475
CCC=CC(=NN)C1CC1,0.68121576
NN=C(C=CCO)C1CC1,1.2216697
CCC=CC(=NO)C1CC1,1.001364
NCC=CC(=NO)C1CC1,1.3309877
OCC=CC(=NO)C1CC1,1.0540209
CN=CC=C(NN)C1CC1,0.6709651
CN=CC=C(NO)C1CC1,0.77159476
COC=CC(=NN)C1CC1,0.7861317
COC=CC(=NO)C1CC1,0.89711845
CNN=CC(=CC)C1CC1,0.997705
CNN=CC(=CN)C1CC1,0.61812073
CON=CC(=CC)C1CC1,1.1545304
CON=CC(=CN)C1CC1,0.9975333
CN=NC=C(NN)C1CC1,0.8692294
CCC=CC(=CC)C1CN1,0.9388213
CC=C(C=CCN)C1CN1,0.9277214
CC=C(C=CCO)C1CN1,1.0268842
COC=CC(=CC)C1CN1,1.001284
CCC=CC(=NN)C1CN1,0.92894363
NN=C(C=CCO)C1CN1,1.2442603
CCC=CC(=NO)C1CN1,1.2880236
NCC=CC(=NO)C1CN1,1.3546566
OCC=CC(=NO)C1CN1,0.95774853
CN=CC=C(NN)C1CN1,0.897746
CN=CC=C(NO)C1CN1,0.84853595
COC=CC(=NN)C1CN1,0.90568894
COC=CC(=NO)C1CN1,0.79347634
CNN=CC(=CC)C1CN1,1.2578809
CNN=CC(=CN)C1CN1,0.6479443
CON=CC(=CC)C1CN1,1.2614335
CON=CC(=CN)C1CN1,0.8521231
CN=NC=C(NN)C1CN1,0.82504463
CCC=CC(=CC)C1CO1,1.11758
CC=C(C=CCN)C1CO1,1.1250923
CC=C(C=CCO)C1CO1,1.0106715
COC=CC(=CC)C1CO1,1.0140349
CCC=CC(=NN)C1CO1,0.92462856
NN=C(C=CCO)C1CO1,1.0824066
CCC=CC(=NO)C1CO1,1.3323349
NCC=CC(=NO)C1CO1,1.258819
OCC=CC(=NO)C1CO1,1.1849554
CN=CC=C(NN)C1CO1,0.8671546
CN=CC=C(NO)C1CO1,0.9111968
COC=CC(=NN)C1CO1,0.97348833
COC=CC(=NO)C1CO1,0.95446754
CNN=CC(=CC)C1CO1,1.2177587
CNN=CC(=CN)C1CO1,0.9386584
CON=CC(=CC)C1CO1,1.3483912
CON=CC(=CN)C1CO1,0.9298619
CN=NC=C(NN)C1CO1,0.88046634
CCC=CC(=NC)N1CC1,0.60002744
CN=C(C=CCN)N1CC1,0.97711724
CN=C(C=CCO)N1CC1,0.88549006
CCC=CC(=NN)N1CC1,0.76221865
NN=C(C=CCO)N1CC1,0.9657282
CCC=CC(=NO)N1CC1,1.1920781
NCC=CC(=NO)N1CC1,1.0450579
OCC=CC(=NO)N1CC1,1.1241287
CNC=CC(=NC)N1CC1,0.8652187
CNC=CC(=NN)N1CC1,0.78073233
CNC=CC(=NO)N1CC1,0.782818
COC=CC(=NC)N1CC1,0.7981913
COC=CC(=NN)N1CC1,0.71573555
COC=CC(=NO)N1CC1,0.9014412
CC=C(C=CC=C)C1CC1,0.9979295
CC=C(C=CC=O)C1CC1,1.7157439
CC=C(C=CC#N)C1CC1,1.7355671
NN=C(C=CC=C)C1CC1,1.3399746
ON=C(C=CC=C)C1CC1,1.5208187
ON=C(C=CC=O)C1CC1,2.1248324
ON=C(C=CC#N)C1CC1,2.5671887
CC=C(C=NN=C)C1CC1,1.0997217
NC=C(C=NN=C)C1CC1,1.4419613
CC=C(C=CC=C)C1CN1,1.1543971
CC=C(C=CC=O)C1CN1,1.849037
CC=C(C=CC#N)C1CN1,1.7253637
NN=C(C=CC=C)C1CN1,1.3326374
ON=C(C=CC=C)C1CN1,1.4020187
ON=C(C=CC=O)C1CN1,2.25221
ON=C(C=CC#N)C1CN1,2.027246
CC=C(C=NN=C)C1CN1,1.2492057
NC=C(C=NN=C)C1CN1,1.1865559
CC=C(C=CC=C)C1CO1,1.3159021
CC=C(C=CC=O)C1CO1,1.8880193
CC=C(C=CC#N)C1CO1,2.2920022
NN=C(C=CC=C)C1CO1,1.6614834
ON=C(C=CC=C)C1CO1,1.6674916
ON=C(C=CC=O)C1CO1,2.2129512
ON=C(C=CC#N)C1CO1,2.9086416
CC=C(C=NN=C)C1CO1,1.378989
NC=C(C=NN=C)C1CO1,1.5309838
CN=C(C=CC=C)N1CC1,1.1363432
CN=C(C=CC=O)N1CC1,1.6881846
CN=C(C=CC#N)N1CC1,2.1024668
NN=C(C=CC=C)N1CC1,1.3944694
ON=C(C=CC=C)N1CC1,1.4908801
ON=C(C=CC=O)N1CC1,2.0747528
ON=C(C=CC#N)N1CC1,2.1618369
CC=C(C=CC#C)C1CC1,1.3088979
NN=C(C=CC#C)C1CC1,1.6846268
ON=C(C=CC#C)C1CC1,2.1258655
CC=C(C=CC#C)C1CN1,1.4044068
NN=C(C=CC#C)C1CN1,1.7139841
ON=C(C=CC#C)C1CN1,1.8555025
CC=C(C=CC#C)C1CO1,1.685864
NN=C(C=CC#C)C1CO1,2.1244211
ON=C(C=CC#C)C1CO1,2.2788632
CN=C(C=CC#C)N1CC1,1.331952
NN=C(C=CC#C)N1CC1,1.6847554
ON=C(C=CC#C)N1CC1,1.9780694
CCC(C#CC=C)C1CC1,0.8210292
NCC(C#CC=C)C1CC1,0.8982966
OCC(C#CC=C)C1CC1,0.8135921
CNC(C#CC=C)C1CC1,0.9194999
COC(C#CC=C)C1CC1,0.8249076
CCC(C#CC=C)C1CN1,0.735867
NCC(C#CC=C)C1CN1,1.0245405
OCC(C#CC=C)C1CN1,0.5339388
CNC(C#CC=C)C1CN1,0.859732
COC(C#CC=C)C1CN1,0.39892548
CCC(C#CC=C)C1CO1,1.1023855
NCC(C#CC=C)C1CO1,1.0643909
OCC(C#CC=C)C1CO1,1.1511866
CNC(C#CC=C)C1CO1,0.88436013
COC(C#CC=C)C1CO1,0.92360187
CCC(C#CC=C)N1CC1,0.9717954
NCC(C#CC=C)N1CC1,0.7434922
OCC(C#CC=C)N1CC1,0.7983933
CCC#CC(C=C)C1CC1,0.8933404
NCC#CC(C=C)C1CC1,0.90648293
OCC#CC(C=C)C1CC1,1.0436461
CCC#CC(C=C)C1CN1,0.9886709
NCC#CC(C=C)C1CN1,1.0008528
OCC#CC(C=C)C1CN1,1.0183039
CCC#CC(C=C)C1CO1,1.2260364
NCC#CC(C=C)C1CO1,1.4057288
OCC#CC(C=C)C1CO1,1.1910995
CCC#CC(C=C)N1CC1,0.9012191
NCC#CC(C=C)N1CC1,1.0066277
OCC#CC(C=C)N1CC1,0.8878921
C=CC#CC(C=C)C1CC1,1.1057755
C=CC(C#CC=O)C1CC1,1.8624388
C=CC(C#CC#N)C1CC1,1.9117311
C=CC#CC(C=O)C1CC1,1.8009084
C=CC#CC(C#N)C1CC1,2.606484
C=CC#CC(C=C)C1CN1,1.0887476
C=CC(C#CC=O)C1CN1,1.7986265
C=CC(C#CC#N)C1CN1,2.1051662
C=CC#CC(C=O)C1CN1,1.9048123
C=CC#CC(C#N)C1CN1,2.4621918
C=CC#CC(C=C)C1CO1,1.3961382
C=CC(C#CC=O)C1CO1,1.9543692
C=CC(C#CC#N)C1CO1,2.4995317
C=CC#CC(C=O)C1CO1,2.1294005
C=CC#CC(C#N)C1CO1,2.955713
C=CC#CC(C=C)N1CC1,1.1336247
C=CC(C#CC=O)N1CC1,1.8015866
C=CC(C#CC#N)N1CC1,2.0189836
C=CC#CC(C=O)N1CC1,1.8416368
C=CC#CC(C#N)N1CC1,2.759069
C=CC(C#CC#C)C1CC1,1.138027
C=CC(C#CC#C)C1CN1,1.3674165
C=CC(C#CC#C)C1CO1,1.8716365
C=CC(C#CC#C)N1CC1,1.2576281
C=CC#CC(C#C)C1CC1,1.4231414
C=CC#CC(C#C)C1CN1,1.8197879
C=CC#CC(C#C)C1CO1,1.8958976
C=CC#CC(C#C)N1CC1,1.069745
CCC#CC(=CC)C1CC1,1.1745743
CC=C(C#CCN)C1CC1,0.45334858
CC=C(C#CCO)C1CC1,0.9612709
CCC#CC(=CC)C1CN1,1.268479
CC=C(C#CCN)C1CN1,0.7944813
CC=C(C#CCO)C1CN1,1.1241938
CCC#CC(=CC)C1CO1,1.4219579
CC=C(C#CCN)C1CO1,0.8068898
CC=C(C#CCO)C1CO1,0.926872
CC=C(C#CC=C)C1CC1,0.95528257
CC=C(C#CC=O)C1CC1,1.8647531
CC=C(C#CC#N)C1CC1,2.3250427
NN=C(C#CC=C)C1CC1,1.2667758
ON=C(C#CC=C)C1CC1,1.8353902
CC=C(C#CC=C)C1CN1,0.8766179
CC=C(C#CC=O)C1CN1,1.9814402
CC=C(C#CC#N)C1CN1,2.4378693
NN=C(C#CC=C)C1CN1,1.1900563
ON=C(C#CC=C)C1CN1,1.3800085
CC=C(C#CC=C)C1CO1,1.3010076
CC=C(C#CC=O)C1CO1,2.4823236
CC=C(C#CC#N)C1CO1,2.8479311
NN=C(C#CC=C)C1CO1,1.5697469
ON=C(C#CC=C)C1CO1,1.6234745
CN=C(C#CC=C)N1CC1,1.1650257
NN=C(C#CC=C)N1CC1,1.3856087
ON=C(C#CC=C)N1CC1,1.4859726
CC=C(C#CC#C)C1CC1,1.5251192
CC=C(C#CC#C)C1CN1,1.4435846
CC=C(C#CC#C)C1CO1,2.041171
CCCC=C(CC)C1CC1,0.68410975
CCC(=CCCN)C1CC1,0.5232329
CCC(=CCCO)C1CC1,0.8636278
CCCC=C(CN)C1CC1,0.7186093
NCCC=C(CN)C1CC1,0.70819896
NCC(=CCCO)C1CC1,0.6632673
CCCC=C(CO)C1CC1,0.8742269
NCCC=C(CO)C1CC1,0.76856166
OCCC=C(CO)C1CC1,0.7845411
CCC(=CCNC)C1CC1,0.5264635
CNCC=C(CN)C1CC1,0.6916755
CNCC=C(CO)C1CC1,0.7430756
CCC(=CCOC)C1CC1,0.7103397
COCC=C(CN)C1CC1,0.7309408
COCC=C(CO)C1CC1,0.8599565
CCCC=C(OC)C1CC1,0.44140726
COC(=CCCN)C1CC1,0.43036988
COC(=CCCO)C1CC1,0.54042536
CNCC=C(OC)C1CC1,0.38877258
COCC=C(OC)C1CC1,0.6322187
CCOC=C(CC)C1CC1,0.6091006
CCOC=C(CN)C1CC1,0.6202938
CCOC=C(CO)C1CC1,0.67618287
CCOC=C(OC)C1CC1,0.3534852
CCCC=C(CC)C1CN1,0.59373033
CCC(=CCCN)C1CN1,0.5768522
CCC(=CCCO)C1CN1,0.8562172
CCCC=C(CN)C1CN1,0.71569276
NCCC=C(CN)C1CN1,0.66675055
NCC(=CCCO)C1CN1,0.68345875
CCCC=C(CO)C1CN1,0.9099096
NCCC=C(CO)C1CN1,0.9793223
OCCC=C(CO)C1CN1,0.8917916
CCC(=CCNC)C1CN1,0.5532052
CNCC=C(CN)C1CN1,0.586245
CNCC=C(CO)C1CN1,0.87252676
CCC(=CCOC)C1CN1,0.6889918
COCC=C(CN)C1CN1,0.7460445
COCC=C(CO)C1CN1,0.9359903
CCCC=C(OC)C1CN1,0.52230585
COC(=CCCN)C1CN1,0.45572907
COC(=CCCO)C1CN1,0.5139712
CNCC=C(OC)C1CN1,0.45158494
COCC=C(OC)C1CN1,0.6140021
CCOC=C(CC)C1CN1,0.52630526
CCOC=C(CN)C1CN1,0.69642085
CCOC=C(CO)C1CN1,0.6572327
CCOC=C(OC)C1CN1,0.31011552
CCCC=C(CC)C1CO1,0.6723157
CCC(=CCCN)C1CO1,0.52153766
CCC(=CCCO)C1CO1,0.9105715
CCCC=C(CN)C1CO1,0.67730296
NCCC=C(CN)C1CO1,0.59579384
NCC(=CCCO)C1CO1,0.6294787
CCCC=C(CO)C1CO1,0.97620934
NCCC=C(CO)C1CO1,0.8746087
OCCC=C(CO)C1CO1,0.72242737
CCC(=CCNC)C1CO1,0.48549995
CNCC=C(CN)C1CO1,0.51659304
CNCC=C(CO)C1CO1,0.7535381
CCC(=CCOC)C1CO1,0.8543283
COCC=C(CN)C1CO1,0.87667865
COCC=C(CO)C1CO1,0.9085135
CCCC=C(OC)C1CO1,0.5994891
COC(=CCCN)C1CO1,0.59016585
COC(=CCCO)C1CO1,0.5923807
CNCC=C(OC)C1CO1,0.66822207
COCC=C(OC)C1CO1,0.6023062
CCOC=C(CC)C1CO1,0.6072472
CCOC=C(CN)C1CO1,0.6796086
CCOC=C(CO)C1CO1,0.7503056
CCOC=C(OC)C1CO1,0.47282824
CCC(=CCC=C)C1CC1,0.857078
CCC(=CCC=O)C1CC1,1.1998336
CCC(=CCC#N)C1CC1,1.3963324
NCC(=CCC=C)C1CC1,0.88671875
OCC(=CCC=C)C1CC1,0.6788412
OCC(=CCC=O)C1CC1,1.359355
OCC(=CCC#N)C1CC1,1.3838829
COC(=CCC=C)C1CC1,0.6868009
COC(=CCC=O)C1CC1,1.1870347
COC(=CCC#N)C1CC1,1.4833386
CCC(=CNC=N)C1CC1,0.6275506
CCC(=CNC=O)C1CC1,0.7766835
NCC(=CNC=N)C1CC1,0.5673714
NCC(=CNC=O)C1CC1,0.78612137
OCC(=CNC=N)C1CC1,0.47750738
OCC(=CNC=O)C1CC1,0.8619485
COC(=CNC=N)C1CC1,0.62315005
COC(=CNC=O)C1CC1,0.87654114
CCC(=COC=C)C1CC1,0.5370261
CCC(=COC=O)C1CC1,1.1379546
NCC(=COC=C)C1CC1,0.6419959
NCC(=COC=O)C1CC1,1.1337479
OCC(=COC=C)C1CC1,0.5599735
OCC(=COC=O)C1CC1,1.2757219
COC(=COC=C)C1CC1,0.41358656
COC(=COC=O)C1CC1,1.1255955
CCC(=CCC=C)C1CN1,0.93604875
CCC(=CCC=O)C1CN1,1.3220757
CCC(=CCC#N)C1CN1,1.1004084
NCC(=CCC=C)C1CN1,0.9485841
OCC(=CCC=C)C1CN1,0.7012061
OCC(=CCC=O)C1CN1,1.2502128
OCC(=CCC#N)C1CN1,0.99736166
COC(=CCC=C)C1CN1,0.66056406
COC(=CCC=O)C1CN1,1.1308639
COC(=CCC#N)C1CN1,1.0609037
CCC(=CNC=N)C1CN1,0.73008835
CCC(=CNC=O)C1CN1,1.0408142
NCC(=CNC=N)C1CN1,0.48507294
NCC(=CNC=O)C1CN1,0.73087364
OCC(=CNC=N)C1CN1,0.47147617
OCC(=CNC=O)C1CN1,0.7093713
COC(=CNC=N)C1CN1,0.5183241
COC(=CNC=O)C1CN1,0.67194206
CCC(=COC=C)C1CN1,0.6573449
CCC(=COC=O)C1CN1,0.90201545
NCC(=COC=C)C1CN1,0.49792108
NCC(=COC=O)C1CN1,0.9870843
OCC(=COC=C)C1CN1,0.81436145
OCC(=COC=O)C1CN1,1.0082337
COC(=COC=C)C1CN1,0.7599469
COC(=COC=O)C1CN1,0.8467014
CCC(=CCC=C)C1CO1,0.98748946
CCC(=CCC=O)C1CO1,1.4183671
CCC(=CCC#N)C1CO1,1.3544935
NCC(=CCC=C)C1CO1,1.0701114
OCC(=CCC=C)C1CO1,1.1501827
OCC(=CCC=O)C1CO1,1.4292777
OCC(=CCC#N)C1CO1,1.3242933
COC(=CCC=C)C1CO1,0.9430223
COC(=CCC=O)C1CO1,1.3179762
COC(=CCC#N)C1CO1,1.3552347
CCC(=CNC=N)C1CO1,0.5824682
CCC(=CNC=O)C1CO1,1.0792556
NCC(=CNC=N)C1CO1,0.47703397
NCC(=CNC=O)C1CO1,0.87730736
OCC(=CNC=N)C1CO1,0.50433296
OCC(=CNC=O)C1CO1,1.0158123
COC(=CNC=N)C1CO1,0.53649163
COC(=CNC=O)C1CO1,0.80272377
CCC(=COC=C)C1CO1,0.6359365
CCC(=COC=O)C1CO1,1.2517868
NCC(=COC=C)C1CO1,0.7162486
NCC(=COC=O)C1CO1,0.9413401
OCC(=COC=C)C1CO1,0.7661965
OCC(=COC=O)C1CO1,1.218643
COC(=COC=C)C1CO1,0.74924433
COC(=COC=O)C1CO1,1.0335339
CCC(=NCC=C)N1CC1,0.8714391
NCC(=NCC=C)N1CC1,0.7638817
OCC(=NCC=C)N1CC1,0.77506924
CNC(=NCC=C)N1CC1,0.5778096
NNC(=NCC=C)N1CC1,0.8000582
ONC(=NCC=C)N1CC1,0.9896831
COC(=NCC=C)N1CC1,0.7185125
CCC(=CCC#C)C1CC1,0.9047743
NCC(=CCC#C)C1CC1,0.8414159
OCC(=CCC#C)C1CC1,0.93375635
COC(=CCC#C)C1CC1,0.7194273
CCC(=CCC#C)C1CN1,1.1495187
NCC(=CCC#C)C1CN1,0.7942765
OCC(=CCC#C)C1CN1,0.92516315
COC(=CCC#C)C1CN1,0.7004824
CCC(=CCC#C)C1CO1,1.0475776
NCC(=CCC#C)C1CO1,0.82547945
OCC(=CCC#C)C1CO1,1.1915005
COC(=CCC#C)C1CO1,0.9586017
CCCC=C(C=C)C1CC1,0.9641017
NCCC=C(C=C)C1CC1,0.98082554
OCCC=C(C=C)C1CC1,0.97914994
CCCC=C(C=O)C1CC1,1.3903227
CCCC=C(C#N)C1CC1,1.7141055
OCCC=C(C=O)C1CC1,1.5392205
OCCC=C(C#N)C1CC1,1.724957
CNCC=C(C=C)C1CC1,0.8643441
CNCC=C(C=O)C1CC1,1.2202277
CNCC=C(C#N)C1CC1,1.5182253
COCC=C(C=C)C1CC1,0.96054065
COCC=C(C=O)C1CC1,1.5465182
COCC=C(C#N)C1CC1,1.6716121
CCNC=C(C=O)C1CC1,1.0708495
CCNC=C(C#N)C1CC1,1.249005
CCOC=C(C=C)C1CC1,0.85683465
CCOC=C(C=O)C1CC1,1.4040629
CCOC=C(C#N)C1CC1,1.1411345
CCNN=C(C=C)C1CC1,0.78671867
CCON=C(C=C)C1CC1,1.1543359
CCCC=C(C=C)C1CN1,0.9139135
NCCC=C(C=C)C1CN1,1.0725048
OCCC=C(C=C)C1CN1,1.0823525
CCCC=C(C=O)C1CN1,1.7229446
CCCC=C(C#N)C1CN1,1.5005342
OCCC=C(C=O)C1CN1,1.7234265
OCCC=C(C#N)C1CN1,1.3246998
CNCC=C(C=C)C1CN1,0.9482651
CNCC=C(C=O)C1CN1,1.476784
CNCC=C(C#N)C1CN1,1.1205437
COCC=C(C=C)C1CN1,1.0689868
COCC=C(C=O)C1CN1,1.5660412
COCC=C(C#N)C1CN1,1.4719182
CCNC=C(C=O)C1CN1,1.2981962
CCNC=C(C#N)C1CN1,1.5035263
CCOC=C(C=C)C1CN1,0.72423154
CCOC=C(C=O)C1CN1,1.4236542
CCOC=C(C#N)C1CN1,1.1564705
CCNN=C(C=C)C1CN1,0.9108886
CCON=C(C=C)C1CN1,1.3711466
CCCC=C(C=C)C1CO1,1.1357776
NCCC=C(C=C)C1CO1,1.18105
OCCC=C(C=C)C1CO1,1.3926548
CCCC=C(C=O)C1CO1,1.847193
CCCC=C(C#N)C1CO1,1.9665135
OCCC=C(C=O)C1CO1,1.8822895
OCCC=C(C#N)C1CO1,1.9186331
CNCC=C(C=C)C1CO1,1.08907
CNCC=C(C=O)C1CO1,1.5285373
CNCC=C(C#N)C1CO1,1.988697
COCC=C(C=C)C1CO1,1.2864772
COCC=C(C=O)C1CO1,1.7622555
COCC=C(C#N)C1CO1,1.8192431
CCNC=C(C=O)C1CO1,1.653872
CCNC=C(C#N)C1CO1,1.9400824
CCOC=C(C=C)C1CO1,0.90909845
CCOC=C(C=O)C1CO1,1.6990246
CCOC=C(C#N)C1CO1,1.66505
CCNN=C(C=C)C1CO1,0.9071421
CCON=C(C=C)C1CO1,1.5051581
CCCN=C(C=C)N1CC1,0.84397423
NCCN=C(C=C)N1CC1,0.84167
OCCN=C(C=C)N1CC1,0.79429454
CCNN=C(C=C)N1CC1,0.76501113
CCON=C(C=C)N1CC1,0.8927574
C=CCC=C(C=C)C1CC1,1.0601132
C=CC(=CCC=O)C1CC1,1.3430082
C=CC(=CCC#N)C1CC1,1.4687182
C=CCC=C(C=O)C1CC1,1.7225939
C=CCC=C(C#N)C1CC1,1.7699904
O=CCC=C(C=O)C1CC1,1.5517966
O=CC(=CCC#N)C1CC1,2.3580337
O=CCC=C(C#N)C1CC1,2.0320816
N#CCC=C(C#N)C1CC1,2.42344
C=CC(=CNC=N)C1CC1,0.73960096
C=CC(=CNC=O)C1CC1,1.0373877
N=CNC=C(C=O)C1CC1,1.2849463
N=CNC=C(C#N)C1CC1,1.6890525
O=CNC=C(C=O)C1CC1,1.3234724
O=CNC=C(C#N)C1CC1,1.7975901
C=NNC=C(C=O)C1CC1,1.4304248
C=NNC=C(C#N)C1CC1,1.9712552
C=COC=C(C=C)C1CC1,0.9399424
C=CC(=COC=O)C1CC1,1.2713866
C=COC=C(C=O)C1CC1,1.278896
C=COC=C(C#N)C1CC1,1.6418449
O=COC=C(C=O)C1CC1,1.9894542
O=COC=C(C#N)C1CC1,1.9063989
C=CC(=NNC=N)C1CC1,1.0332775
C=CC(=NNC=O)C1CC1,1.3330764
C=CC(=NOC=O)C1CC1,1.4902674
C=CCC=C(C=C)C1CN1,1.1763577
C=CC(=CCC=O)C1CN1,1.434957
C=CC(=CCC#N)C1CN1,0.7706224
C=CCC=C(C=O)C1CN1,1.8361961
C=CCC=C(C#N)C1CN1,1.5112388
O=CCC=C(C=O)C1CN1,1.7286285
O=CC(=CCC#N)C1CN1,2.1025891
O=CCC=C(C#N)C1CN1,1.8432051
N#CCC=C(C#N)C1CN1,1.8895799
C=CC(=CNC=N)C1CN1,0.6175181
C=CC(=CNC=O)C1CN1,1.0345515
N=CNC=C(C=O)C1CN1,1.2299222
N=CNC=C(C#N)C1CN1,1.3293307
O=CNC=C(C=O)C1CN1,1.6019652
O=CNC=C(C#N)C1CN1,1.4949557
C=NNC=C(C=O)C1CN1,1.6059207
C=NNC=C(C#N)C1CN1,1.7955092
C=COC=C(C=C)C1CN1,0.86145324
C=CC(=COC=O)C1CN1,1.08171
C=COC=C(C=O)C1CN1,1.470637
C=COC=C(C#N)C1CN1,1.4657737
O=COC=C(C=O)C1CN1,1.9162022
O=COC=C(C#N)C1CN1,1.7830571
C=CC(=NNC=N)C1CN1,0.98399603
C=CC(=NNC=O)C1CN1,1.2944741
C=CC(=NOC=O)C1CN1,1.5915111
C=CCC=C(C=C)C1CO1,1.3363717
C=CC(=CCC=O)C1CO1,1.4701811
C=CC(=CCC#N)C1CO1,1.7335579
C=CCC=C(C=O)C1CO1,2.0658307
C=CCC=C(C#N)C1CO1,2.2026849
O=CCC=C(C=O)C1CO1,2.294514
O=CC(=CCC#N)C1CO1,2.2869992
O=CCC=C(C#N)C1CO1,2.6466212
N#CCC=C(C#N)C1CO1,2.9108987
C=CC(=CNC=N)C1CO1,0.74406946
C=CC(=CNC=O)C1CO1,1.100001
N=CNC=C(C=O)C1CO1,1.5642868
N=CNC=C(C#N)C1CO1,1.8547388
O=CNC=C(C=O)C1CO1,1.4794489
O=CNC=C(C#N)C1CO1,2.1798997
C=NNC=C(C=O)C1CO1,1.6889445
C=NNC=C(C#N)C1CO1,2.3966813
C=COC=C(C=C)C1CO1,1.2924534
C=CC(=COC=O)C1CO1,1.1661052
C=COC=C(C=O)C1CO1,1.7683499
C=COC=C(C#N)C1CO1,2.2644954
O=COC=C(C=O)C1CO1,1.8624046
O=COC=C(C#N)C1CO1,2.380602
C=CC(=NNC=N)C1CO1,1.3314482
C=CC(=NNC=O)C1CO1,1.4656814
C=CC(=NOC=O)C1CO1,1.8269722
C=CCN=C(C=C)N1CC1,1.0292742
C=CC(=NCC=O)N1CC1,1.5641139
C=CC(=NCC#N)N1CC1,1.7744926
C=CCN=C(C=O)N1CC1,1.6028377
C=CCN=C(C#N)N1CC1,1.2374591
C=CC(=NNC=N)N1CC1,1.062478
C=CC(=NNC=O)N1CC1,1.122685
C=CC(=NOC=O)N1CC1,1.5700744
C=CC(=CCC#C)C1CC1,0.92480415
O=CC(=CCC#C)C1CC1,1.547064
C#CCC=C(C#N)C1CC1,2.1198263
C=CC(=CCC#C)C1CN1,1.1395098
O=CC(=CCC#C)C1CN1,1.1012617
C#CCC=C(C#N)C1CN1,1.7257804
C=CC(=CCC#C)C1CO1,1.5761834
O=CC(=CCC#C)C1CO1,1.8500001
C#CCC=C(C#N)C1CO1,2.3791692
C=CC(=NCC#C)N1CC1,1.0397995
CCCC=C(C#C)C1CC1,1.2028738
NCCC=C(C#C)C1CC1,1.1664704
OCCC=C(C#C)C1CC1,1.181021
CNCC=C(C#C)C1CC1,1.0204241
COCC=C(C#C)C1CC1,1.4204775
CCOC=C(C#C)C1CC1,1.4819939
CCCC=C(C#C)C1CN1,1.1495686
NCCC=C(C#C)C1CN1,1.1246182
OCCC=C(C#C)C1CN1,1.06091
CNCC=C(C#C)C1CN1,0.9667331
COCC=C(C#C)C1CN1,1.2822193
CCOC=C(C#C)C1CN1,1.1554657
CCCC=C(C#C)C1CO1,1.6767915
NCCC=C(C#C)C1CO1,1.4433223
OCCC=C(C#C)C1CO1,1.5858892
CNCC=C(C#C)C1CO1,1.3510302
COCC=C(C#C)C1CO1,1.4921728
CCOC=C(C#C)C1CO1,1.6019378
C=CCC=C(C#C)C1CC1,1.4526302
O=CCC=C(C#C)C1CC1,1.4300424
C#CC(=CCC#N)C1CC1,2.4117193
N=CNC=C(C#C)C1CC1,1.2106675
O=CNC=C(C#C)C1CC1,1.3364849
C=COC=C(C#C)C1CC1,1.1978508
O=COC=C(C#C)C1CC1,1.8736112
C=CCC=C(C#C)C1CN1,1.4208945
O=CCC=C(C#C)C1CN1,1.5636535
C#CC(=CCC#N)C1CN1,1.9985884
N=CNC=C(C#C)C1CN1,0.9652667
O=CNC=C(C#C)C1CN1,1.1577885
C=COC=C(C#C)C1CN1,1.2973763
O=COC=C(C#C)C1CN1,1.2940289
C=CCC=C(C#C)C1CO1,1.8136984
O=CCC=C(C#C)C1CO1,2.0286868
C#CC(=CCC#N)C1CO1,2.680924
N=CNC=C(C#C)C1CO1,1.5696994
O=CNC=C(C#C)C1CO1,1.6777939
C=COC=C(C#C)C1CO1,1.3115402
O=COC=C(C#C)C1CO1,2.1535733
C=CCN=C(C#C)N1CC1,0.860108
C#CCC=C(C#C)C1CC1,1.4661298
C#CCC=C(C#C)C1CN1,1.64122
C#CCC=C(C#C)C1CO1,2.187187
CCC(=CC=CC)C1CC1,0.9835075
CC=CC=C(CN)C1CC1,0.83118707
CC=CC=C(CO)C1CC1,0.94669133
CCC(=CC=NN)C1CC1,0.8039331
CCC(=CC=NO)C1CC1,1.2398622
NCC(=CC=NO)C1CC1,1.3844439
NN=CC=C(CO)C1CC1,0.9853114
OCC(=CC=NO)C1CC1,1.2870729
CN=C(C=CNN)C1CC1,0.5480849
CN=C(C=CNO)C1CC1,0.7708644
COC(=CC=CC)C1CC1,0.7583415
COC(=CC=NN)C1CC1,1.0583497
COC(=CC=NO)C1CC1,1.2067202
CCC(=CC=CC)C1CN1,0.9890437
CC=CC=C(CN)C1CN1,0.9598171
CC=CC=C(CO)C1CN1,1.2311302
CCC(=CC=NN)C1CN1,0.90215933
CCC(=CC=NO)C1CN1,1.5232383
NCC(=CC=NO)C1CN1,1.3801196
NN=CC=C(CO)C1CN1,1.0933656
OCC(=CC=NO)C1CN1,1.1048267
CN=C(C=CNN)C1CN1,0.9372437
CN=C(C=CNO)C1CN1,0.8303871
COC(=CC=CC)C1CN1,0.86386657
COC(=CC=NN)C1CN1,0.94761753
COC(=CC=NO)C1CN1,1.0006719
CCC(=CC=CC)C1CO1,1.1738514
CC=CC=C(CN)C1CO1,1.0525188
CC=CC=C(CO)C1CO1,0.9811606
CCC(=CC=NN)C1CO1,0.8580837
CCC(=CC=NO)C1CO1,1.3860924
NCC(=CC=NO)C1CO1,1.2039304
NN=CC=C(CO)C1CO1,1.2671885
OCC(=CC=NO)C1CO1,1.1130213
CN=C(C=CNN)C1CO1,0.7793288
CN=C(C=CNO)C1CO1,0.8740872
COC(=CC=CC)C1CO1,1.2054018
COC(=CC=NN)C1CO1,1.0321612
COC(=CC=NO)C1CO1,1.1045848
CCC(=CC=NN)N1CC1,0.7021858
CCC(=CC=NO)N1CC1,1.1815437
NCC(=CC=NO)N1CC1,1.0378997
NN=CC=C(CO)N1CC1,0.9827975
OCC(=CC=NO)N1CC1,1.0815538
CNC(=CC=NN)N1CC1,0.6774712
CN=C(C=CNO)N1CC1,0.78699017
COC(=CC=NN)N1CC1,0.7835469
COC(=CC=NO)N1CC1,1.1205695
CC=CC=C(C=C)C1CC1,1.0548767
CC=CC=C(C=O)C1CC1,1.7231325
CC=CC=C(C#N)C1CC1,1.4122416
NN=CC=C(C=C)C1CC1,1.303434
ON=CC=C(C=C)C1CC1,1.3981751
ON=CC=C(C=O)C1CC1,1.7972447
ON=CC=C(C#N)C1CC1,2.4266496
CC=NN=C(C=C)C1CC1,1.301217
CC=CC=C(C=C)C1CN1,1.2299067
CC=CC=C(C=O)C1CN1,1.9929022
CC=CC=C(C#N)C1CN1,1.7748204
NN=CC=C(C=C)C1CN1,1.3960502
ON=CC=C(C=C)C1CN1,1.2233255
ON=CC=C(C=O)C1CN1,1.949129
ON=CC=C(C#N)C1CN1,1.9562765
CC=NN=C(C=C)C1CN1,1.4607418
CC=CC=C(C=C)C1CO1,1.4299101
CC=CC=C(C=O)C1CO1,2.105882
CC=CC=C(C#N)C1CO1,2.2863562
NN=CC=C(C=C)C1CO1,1.8411824
ON=CC=C(C=C)C1CO1,1.6158656
ON=CC=C(C=O)C1CO1,2.112007
ON=CC=C(C#N)C1CO1,2.8500767
CC=NN=C(C=C)C1CO1,1.665625
NN=CC=C(C=C)N1CC1,1.3761042
ON=CC=C(C=C)N1CC1,1.3595856
ON=CC=C(C=O)N1CC1,2.1066387
ON=CC=C(C#N)N1CC1,1.9384178
CN=CN=C(C=C)N1CC1,1.0340364
NN=CN=C(C=C)N1CC1,1.3528502
ON=CN=C(C=C)N1CC1,1.315826
CC=NN=C(C=C)N1CC1,1.1046033
CC=CC=C(C#C)C1CC1,1.3952321
NN=CC=C(C#C)C1CC1,1.7892908
ON=CC=C(C#C)C1CC1,1.5322665
CC=CC=C(C#C)C1CN1,1.5793674
NN=CC=C(C#C)C1CN1,1.9191636
ON=CC=C(C#C)C1CN1,1.6852787
CC=CC=C(C#C)C1CO1,1.9424032
NN=CC=C(C#C)C1CO1,2.2515225
ON=CC=C(C#C)C1CO1,1.9472998
NN=CC=C(C#C)N1CC1,1.6273361
ON=CC=C(C#C)N1CC1,1.4680935
CCC(=CC#CC)C1CC1,0.70825595
CC#CC=C(CN)C1CC1,0.8647334
CC#CC=C(CO)C1CC1,0.9116748
COC(=CC#CC)C1CC1,0.57614833
CCC(=CC#CC)C1CN1,0.8345961
CC#CC=C(CN)C1CN1,0.77643836
CC#CC=C(CO)C1CN1,0.9162611
COC(=CC#CC)C1CN1,0.69175655
CCC(=CC#CC)C1CO1,0.99505204
CC#CC=C(CN)C1CO1,1.2853333
CC#CC=C(CO)C1CO1,1.1628586
COC(=CC#CC)C1CO1,0.98542076
CC#CC=C(C=C)C1CC1,1.163818
CC#CC=C(C=O)C1CC1,1.8630656
CC#CC=C(C#N)C1CC1,2.3555994
CC#CC=C(C=C)C1CN1,1.1481943
CC#CC=C(C=O)C1CN1,1.9269439
CC#CC=C(C#N)C1CN1,2.5167623
CC#CC=C(C=C)C1CO1,1.6287621
CC#CC=C(C=O)C1CO1,2.351973
CC#CC=C(C#N)C1CO1,3.111031
CC#CC=C(C#C)C1CC1,1.414862
CC#CC=C(C#C)C1CN1,1.7241904
CC#CC=C(C#C)C1CO1,2.3707886
CC1CCC1(C=C)C2CC2,0.60135305
NC1CCC1(C=C)C2CC2,0.5737032
OC1CCC1(C=C)C2CC2,0.5810081
CC1NCC1(C=C)C2CC2,0.5215132
CC1OCC1(C=C)C2CC2,0.6840786
CC1CNC1(C=C)C2CC2,0.53954524
NC1CNC1(C=C)C2CC2,0.50736195
OC1CNC1(C=C)C2CC2,0.50811744
CC1COC1(C=C)C2CC2,0.6483581
NC1COC1(C=C)C2CC2,0.7575742
OC1COC1(C=C)C2CC2,0.6603131
CN1CCC1(C=C)C2CC2,0.408616
CC1CCC1(C=C)C2CN2,0.6889342
NC1CCC1(C=C)C2CN2,0.74620193
OC1CCC1(C=C)C2CN2,0.7413648
CC1NCC1(C=C)C2CN2,0.70046574
CC1OCC1(C=C)C2CN2,0.771421
CC1CNC1(C=C)C2CN2,0.75677043
NC1CNC1(C=C)C2CN2,0.6015861
OC1CNC1(C=C)C2CN2,0.73106635
CC1COC1(C=C)C2CN2,0.7281818
NC1COC1(C=C)C2CN2,0.83924216
OC1COC1(C=C)C2CN2,0.8179735
CN1CCC1(C=C)C2CN2,0.55242974
CC1CCC1(C=C)C2CO2,0.7246547
NC1CCC1(C=C)C2CO2,0.72697204
OC1CCC1(C=C)C2CO2,0.72593015
CC1NCC1(C=C)C2CO2,0.6118052
CC1OCC1(C=C)C2CO2,0.6925471
CC1CNC1(C=C)C2CO2,0.66387004
NC1CNC1(C=C)C2CO2,0.58558726
OC1CNC1(C=C)C2CO2,0.59154475
CC1COC1(C=C)C2CO2,0.6775445
NC1COC1(C=C)C2CO2,0.77366495
OC1COC1(C=C)C2CO2,0.9974245
CN1CCC1(C=C)C2CO2,0.50396544
CC1CCC1(C=C)N2CC2,0.4756489
NC1CCC1(C=C)N2CC2,0.52755666
OC1CCC1(C=C)N2CC2,0.65655386
CC1NCC1(C=C)N2CC2,0.54637784
CC1OCC1(C=C)N2CC2,0.77649677
C=CC1(CCC1=O)C2CC2,1.0251621
C=CC1(CNC1=O)C2CC2,0.84747064
C=CC1(COC1=O)C2CC2,1.2236694
C=CC1(NCC1=O)C2CC2,1.0824207
C=CC1(OCC1=O)C2CC2,1.546014
C=CC1(CCC1=O)C2CN2,1.0675272
C=CC1(CNC1=O)C2CN2,0.78613824
C=CC1(COC1=O)C2CN2,1.0300831
C=CC1(NCC1=O)C2CN2,1.0098404
C=CC1(OCC1=O)C2CN2,1.3188504
C=CC1(CCC1=O)C2CO2,1.3125515
C=CC1(CNC1=O)C2CO2,0.9009183
C=CC1(COC1=O)C2CO2,1.1632572
C=CC1(NCC1=O)C2CO2,1.0773596
C=CC1(OCC1=O)C2CO2,1.5859338
C=CC1(CCC1=O)N2CC2,1.2133023
C=CC1(CNC1=O)N2CC2,1.0824345
C=CC1(COC1=O)N2CC2,1.2298402
CCC1(CC1C=C)C2CC2,0.6606557
NCC1(CC1C=C)C2CC2,0.630546
OCC1(CC1C=C)C2CC2,0.58807313
CNC1(CC1C=C)C2CC2,0.60702705
COC1(CC1C=C)C2CC2,0.7221822
CCC1(CC1C=C)C2CN2,0.5708355
NCC1(CC1C=C)C2CN2,0.62728167
OCC1(CC1C=C)C2CN2,0.5128933
CNC1(CC1C=C)C2CN2,0.7022985
COC1(CC1C=C)C2CN2,0.68673325
CCC1(CC1C=C)C2CO2,0.6891679
NCC1(CC1C=C)C2CO2,0.7296815
OCC1(CC1C=C)C2CO2,0.62200296
CNC1(CC1C=C)C2CO2,0.66799337
COC1(CC1C=C)C2CO2,0.8521069
CCC1(NC1C=C)C2CC2,0.5752482
NCC1(NC1C=C)C2CC2,0.54428786
OCC1(NC1C=C)C2CC2,0.5591508
CCC1(NC1C=C)C2CN2,0.7477901
NCC1(NC1C=C)C2CN2,0.5433783
OCC1(NC1C=C)C2CN2,0.65901554
CCC1(NC1C=C)C2CO2,0.7041211
NCC1(NC1C=C)C2CO2,0.5520082
OCC1(NC1C=C)C2CO2,0.71223813
CCC1(OC1C=C)C2CC2,0.8702888
NCC1(OC1C=C)C2CC2,0.84839845
OCC1(OC1C=C)C2CC2,0.9408887
CCC1(OC1C=C)C2CN2,0.85347366
NCC1(OC1C=C)C2CN2,0.8912234
OCC1(OC1C=C)C2CN2,0.88583475
CCC1(OC1C=C)C2CO2,0.9109254
NCC1(OC1C=C)C2CO2,0.93867254
OCC1(OC1C=C)C2CO2,0.94746816
CCC1(CC1C=C)N2CC2,0.58778024
NCC1(CC1C=C)N2CC2,0.57206345
OCC1(CC1C=C)N2CC2,0.57985854
C=CC1(CCCC1)C2CC2,0.65716857
C=CC1(CCNC1)C2CC2,0.46579245
C=CC1(CCOC1)C2CC2,0.4936733
C=CC1(CCCN1)C2CC2,0.39712778
C=CC1(CCCO1)C2CC2,0.466386
C=CC1(COCO1)C2CC2,0.6311718
C=CC1(OCCO1)C2CC2,0.6467263
C=CC1(CCCC1)C2CN2,0.4399883
C=CC1(CCNC1)C2CN2,0.4880598
C=CC1(CCOC1)C2CN2,0.43091214
C=CC1(CCCN1)C2CN2,0.49337822
C=CC1(CCCO1)C2CN2,0.5031581
C=CC1(COCO1)C2CN2,0.49571708
C=CC1(OCCO1)C2CN2,0.4424322
C=CC1(CCCC1)C2CO2,0.5173565
C=CC1(CCNC1)C2CO2,0.5722132
C=CC1(CCOC1)C2CO2,0.47623503
C=CC1(CCCN1)C2CO2,0.38900524
C=CC1(CCCO1)C2CO2,0.22546887
C=CC1(COCO1)C2CO2,0.35535413
C=CC1(OCCO1)C2CO2,0.5146346
C=CC1(CCCC1)N2CC2,0.4327215
C=CC1(CCNC1)N2CC2,0.47451988
C=CC1(CCOC1)N2CC2,0.6931454
CCC1(CC=CC1)C2CC2,0.69435304
NCC1(CC=CC1)C2CC2,0.62670565
OCC1(CC=CC1)C2CC2,0.7193879
CNC1(CC=CC1)C2CC2,0.5743647
COC1(CC=CC1)C2CC2,0.8155247
CCC1(CC=CO1)C2CC2,0.39858156
NCC1(CC=CO1)C2CC2,0.5577697
OCC1(CC=CO1)C2CC2,0.53766465
COC1(CC=CO1)C2CC2,0.45709965
CCC1(OC=CO1)C2CC2,0.59483325
NCC1(OC=CO1)C2CC2,0.4984183
OCC1(OC=CO1)C2CC2,0.7254211
CCC1(CC=CC1)C2CN2,0.6129552
NCC1(CC=CC1)C2CN2,0.6622797
OCC1(CC=CC1)C2CN2,0.708055
CNC1(CC=CC1)C2CN2,0.7255635
COC1(CC=CC1)C2CN2,0.6958152
CCC1(CC=CO1)C2CN2,0.4184513
NCC1(CC=CO1)C2CN2,0.38727304
OCC1(CC=CO1)C2CN2,0.55810916
COC1(CC=CO1)C2CN2,0.39848062
CCC1(OC=CO1)C2CN2,0.42619446
NCC1(OC=CO1)C2CN2,0.26552725
OCC1(OC=CO1)C2CN2,0.41750404
CCC1(CC=CC1)C2CO2,0.6493404
NCC1(CC=CC1)C2CO2,0.6919795
OCC1(CC=CC1)C2CO2,0.74523044
CNC1(CC=CC1)C2CO2,0.6439564
COC1(CC=CC1)C2CO2,0.56631416
CCC1(CC=CO1)C2CO2,0.35169718
NCC1(CC=CO1)C2CO2,0.353515
OCC1(CC=CO1)C2CO2,0.19348195
COC1(CC=CO1)C2CO2,0.25563917
CCC1(OC=CO1)C2CO2,0.41602844
NCC1(OC=CO1)C2CO2,0.22302194
OCC1(OC=CO1)C2CO2,0.6373404
CCC1(CC=CC1)N2CC2,0.49717593
NCC1(CC=CC1)N2CC2,0.42791015
OCC1(CC=CC1)N2CC2,0.6025381
C=CC1(CC=CC1)C2CC2,0.82960236
O=CC1(CC=CC1)C2CC2,0.8399826
N#CC1(CC=CC1)C2CC2,1.3275812
C=CC1(CC=NN1)C2CC2,0.7317221
C=CC1(CN=CN1)C2CC2,0.5517164
C=CC1(CC=CO1)C2CC2,0.59087706
O=CC1(CC=CO1)C2CC2,0.84198093
N#CC1(CC=CO1)C2CC2,1.0923107
C=CC1(CC=NO1)C2CC2,1.1782852
C=CC1(OC=CO1)C2CC2,0.6396986
O=CC1(OC=CO1)C2CC2,1.0960675
N#CC1(OC=CO1)C2CC2,1.2478964
C=CC1(OC=NO1)C2CC2,0.92601997
C=CC1(CC=CC1)C2CN2,0.9911711
O=CC1(CC=CC1)C2CN2,0.80651385
N#CC1(CC=CC1)C2CN2,1.0632282
C=CC1(CC=NN1)C2CN2,0.7773564
C=CC1(CN=CN1)C2CN2,0.56084746
C=CC1(CC=CO1)C2CN2,0.5678186
O=CC1(CC=CO1)C2CN2,0.6647038
N#CC1(CC=CO1)C2CN2,1.1508787
C=CC1(CC=NO1)C2CN2,0.8642143
C=CC1(OC=CO1)C2CN2,0.49732727
O=CC1(OC=CO1)C2CN2,1.0346757
N#CC1(OC=CO1)C2CN2,1.1268381
C=CC1(OC=NO1)C2CN2,1.0154874
C=CC1(CC=CC1)C2CO2,0.9111762
O=CC1(CC=CC1)C2CO2,1.1650361
N#CC1(CC=CC1)C2CO2,1.3349463
C=CC1(CC=NN1)C2CO2,0.59224504
C=CC1(CN=CN1)C2CO2,0.36298385
C=CC1(CC=CO1)C2CO2,0.37942857
O=CC1(CC=CO1)C2CO2,0.6450942
N#CC1(CC=CO1)C2CO2,1.1247947
C=CC1(CC=NO1)C2CO2,0.76314414
C=CC1(OC=CO1)C2CO2,0.64039254
O=CC1(OC=CO1)C2CO2,1.2046851
N#CC1(OC=CO1)C2CO2,1.5269415
C=CC1(OC=NO1)C2CO2,1.14387
C=CC1(CC=CC1)N2CC2,0.6877822
O=CC1(CC=CC1)N2CC2,1.0055301
N#CC1(CC=CC1)N2CC2,1.247619
C#CC1(CC=CC1)C2CC2,0.84320873
C#CC1(CC=CO1)C2CC2,1.032197
C#CC1(OC=CO1)C2CC2,1.1419752
C#CC1(CC=CC1)C2CN2,0.76547474
C#CC1(CC=CO1)C2CN2,0.7825711
C#CC1(OC=CO1)C2CN2,1.0814978
C#CC1(CC=CC1)C2CO2,1.212128
C#CC1(CC=CO1)C2CO2,0.8743163
C#CC1(OC=CO1)C2CO2,1.1406035
C#CC1(CC=CC1)N2CC2,1.1529893
CCC1(CCC=C1)C2CC2,0.711941
NCC1(CCC=C1)C2CC2,0.65249753
OCC1(CCC=C1)C2CC2,0.6889822
CNC1(CCC=C1)C2CC2,0.5517825
COC1(CCC=C1)C2CC2,0.7006457
CCC1(COC=C1)C2CC2,0.49378496
NCC1(COC=C1)C2CC2,0.63078064
OCC1(COC=C1)C2CC2,0.5578627
CNC1(COC=C1)C2CC2,0.48797524
COC1(COC=C1)C2CC2,0.5420906
CCC1(NCC=C1)C2CC2,0.5315909
NCC1(NCC=C1)C2CC2,0.57420886
OCC1(NCC=C1)C2CC2,0.65373796
CCC1(OCC=C1)C2CC2,0.6445965
NCC1(OCC=C1)C2CC2,0.7545507
OCC1(OCC=C1)C2CC2,0.7496176
COC1(OCC=C1)C2CC2,0.70914626
CCC1(CCC=C1)C2CN2,0.6092484
NCC1(CCC=C1)C2CN2,0.72529477
OCC1(CCC=C1)C2CN2,0.56745344
CNC1(CCC=C1)C2CN2,0.59726816
COC1(CCC=C1)C2CN2,0.5640519
CCC1(COC=C1)C2CN2,0.46269846
NCC1(COC=C1)C2CN2,0.5398668
OCC1(COC=C1)C2CN2,0.6655867
CNC1(COC=C1)C2CN2,0.3982938
COC1(COC=C1)C2CN2,0.5713878
CCC1(NCC=C1)C2CN2,0.6497841
NCC1(NCC=C1)C2CN2,0.46004468
OCC1(NCC=C1)C2CN2,0.60288495
CCC1(OCC=C1)C2CN2,0.5966445
NCC1(OCC=C1)C2CN2,0.6329031
OCC1(OCC=C1)C2CN2,0.5943066
COC1(OCC=C1)C2CN2,0.5031019
CCC1(CCC=C1)C2CO2,0.6675946
NCC1(CCC=C1)C2CO2,0.7291311
OCC1(CCC=C1)C2CO2,0.6811035
CNC1(CCC=C1)C2CO2,0.55699474
COC1(CCC=C1)C2CO2,0.6092734
CCC1(COC=C1)C2CO2,0.66277236
NCC1(COC=C1)C2CO2,0.6720875
OCC1(COC=C1)C2CO2,0.5236422
CNC1(COC=C1)C2CO2,0.46058363
COC1(COC=C1)C2CO2,0.54862344
CCC1(NCC=C1)C2CO2,0.5772361
NCC1(NCC=C1)C2CO2,0.5298875
OCC1(NCC=C1)C2CO2,0.6151677
CCC1(OCC=C1)C2CO2,0.61353344
NCC1(OCC=C1)C2CO2,0.6484221
OCC1(OCC=C1)C2CO2,0.63689077
COC1(OCC=C1)C2CO2,0.6255568
CCC1(CCC=C1)N2CC2,0.5383228
NCC1(CCC=C1)N2CC2,0.47109392
OCC1(CCC=C1)N2CC2,0.52976733
CCC1(COC=C1)N2CC2,0.47884744
NCC1(COC=C1)N2CC2,0.58673376
OCC1(COC=C1)N2CC2,0.6419954
C=CC1(CCC=C1)C2CC2,0.8631767
O=CC1(CCC=C1)C2CC2,0.6166929
N#CC1(CCC=C1)C2CC2,0.90661424
C=CC1(CNN=C1)C2CC2,0.720098
C=CC1(COC=C1)C2CC2,0.6858873
O=CC1(COC=C1)C2CC2,0.89500785
N#CC1(COC=C1)C2CC2,1.0682322
C=CC1(CON=C1)C2CC2,1.1996819
C=CC1(NCC=C1)C2CC2,0.6866373
O=CC1(NCC=C1)C2CC2,0.9902543
N#CC1(NCC=C1)C2CC2,1.2223033
C=CC1(OCC=C1)C2CC2,0.8224129
O=CC1(OCC=C1)C2CC2,0.93199414
N#CC1(OCC=C1)C2CC2,1.1887869
C=CC1(CCC=C1)C2CN2,0.73642546
O=CC1(CCC=C1)C2CN2,0.5001115
N#CC1(CCC=C1)C2CN2,0.81809926
C=CC1(CNN=C1)C2CN2,0.5731734
C=CC1(COC=C1)C2CN2,0.7650904
O=CC1(COC=C1)C2CN2,0.7661464
N#CC1(COC=C1)C2CN2,1.0110526
C=CC1(CON=C1)C2CN2,0.87443405
C=CC1(NCC=C1)C2CN2,0.7176111
O=CC1(NCC=C1)C2CN2,0.64405024
N#CC1(NCC=C1)C2CN2,1.0843931
C=CC1(OCC=C1)C2CN2,0.66136515
O=CC1(OCC=C1)C2CN2,0.9038066
N#CC1(OCC=C1)C2CN2,0.9402356
C=CC1(CCC=C1)C2CO2,0.71504855
O=CC1(CCC=C1)C2CO2,0.8109045
N#CC1(CCC=C1)C2CO2,1.2491906
C=CC1(CNN=C1)C2CO2,0.6465174
C=CC1(COC=C1)C2CO2,0.7334305
O=CC1(COC=C1)C2CO2,1.0452292
N#CC1(COC=C1)C2CO2,1.1574346
C=CC1(CON=C1)C2CO2,1.0085455
C=CC1(NCC=C1)C2CO2,0.59676826
O=CC1(NCC=C1)C2CO2,0.9450227
N#CC1(NCC=C1)C2CO2,1.348349
C=CC1(OCC=C1)C2CO2,0.8140994
O=CC1(OCC=C1)C2CO2,1.1889172
N#CC1(OCC=C1)C2CO2,1.2085848
C=CC1(CCC=C1)N2CC2,0.6267352
O=CC1(CCC=C1)N2CC2,0.8042294
N#CC1(CCC=C1)N2CC2,1.0250218
C=CC1(CNN=C1)N2CC2,0.7614337
C=CC1(COC=C1)N2CC2,0.8006543
O=CC1(COC=C1)N2CC2,0.9546341
N#CC1(COC=C1)N2CC2,1.1880702
C=CC1(CON=C1)N2CC2,1.1348575
C#CC1(CCC=C1)C2CC2,0.67755985
C#CC1(COC=C1)C2CC2,0.94285166
C#CC1(NCC=C1)C2CC2,0.92364764
C#CC1(OCC=C1)C2CC2,1.0362601
C#CC1(CCC=C1)C2CN2,0.5555215
C#CC1(COC=C1)C2CN2,0.8506328
C#CC1(NCC=C1)C2CN2,0.64861184
C#CC1(OCC=C1)C2CN2,0.952952
C#CC1(CCC=C1)C2CO2,0.94871294
C#CC1(COC=C1)C2CO2,1.0807877
C#CC1(NCC=C1)C2CO2,0.9127071
C#CC1(OCC=C1)C2CO2,1.2985641
C#CC1(CCC=C1)N2CC2,0.8748183
C#CC1(COC=C1)N2CC2,0.956866
CCC1(C=CC=C1)C2CC2,0.98945534
NCC1(C=CC=C1)C2CC2,0.9498341
OCC1(C=CC=C1)C2CC2,0.95556253
CNC1(C=CC=C1)C2CC2,0.94995594
COC1(C=CC=C1)C2CC2,0.9747526
CCC1(C=CC=C1)C2CN2,0.9584323
NCC1(C=CC=C1)C2CN2,0.9955411
OCC1(C=CC=C1)C2CN2,0.9408344
CNC1(C=CC=C1)C2CN2,0.9278072
COC1(C=CC=C1)C2CN2,0.90956986
CCC1(C=CC=C1)C2CO2,0.98007166
NCC1(C=CC=C1)C2CO2,1.0063564
OCC1(C=CC=C1)C2CO2,1.0469711
CNC1(C=CC=C1)C2CO2,0.8828241
COC1(C=CC=C1)C2CO2,1.0222243
CCC1(C=CC=C1)N2CC2,0.8917401
NCC1(C=CC=C1)N2CC2,1.0528464
OCC1(C=CC=C1)N2CC2,0.90033984
C=CC1(C=CC=C1)C2CC2,1.10076
O=CC1(C=CC=C1)C2CC2,1.3534701
N#CC1(C=CC=C1)C2CC2,1.6383733
C=CC1(C=NN=C1)C2CC2,1.616323
C=CC1(C=CC=C1)C2CN2,1.0949322
O=CC1(C=CC=C1)C2CN2,1.2474161
N#CC1(C=CC=C1)C2CN2,1.4205421
C=CC1(C=NN=C1)C2CN2,1.5172242
C=CC1(C=CC=C1)C2CO2,1.15528
O=CC1(C=CC=C1)C2CO2,1.5474848
N#CC1(C=CC=C1)C2CO2,1.6757306
C=CC1(C=NN=C1)C2CO2,1.8455185
C=CC1(C=CC=C1)N2CC2,1.0643699
O=CC1(C=CC=C1)N2CC2,1.3062102
N#CC1(C=CC=C1)N2CC2,1.6770115
C=CC1(C=NN=C1)N2CC2,1.6241962
C#CC1(C=CC=C1)C2CC2,1.3807994
C#CC1(C=CC=C1)C2CN2,1.2171605
C#CC1(C=CC=C1)C2CO2,1.4816982
C#CC1(C=CC=C1)N2CC2,1.4485315
CC(C=C)C1(CC1)C2CC2,0.67476165
NC(C=C)C1(CC1)C2CC2,0.61332077
OC(C=C)C1(CC1)C2CC2,0.53316796
CC(C=C)C1(CC1)C2CN2,0.71663827
NC(C=C)C1(CC1)C2CN2,0.69188714
OC(C=C)C1(CC1)C2CN2,0.5927091
CC(C=C)C1(CC1)C2CO2,0.677488
NC(C=C)C1(CC1)C2CO2,0.6643098
OC(C=C)C1(CC1)C2CO2,0.6181648
CC(C=C)C1(CN1)C2CC2,0.47348103
NC(C=C)C1(CN1)C2CC2,0.5880608
OC(C=C)C1(CN1)C2CC2,0.36761007
CC(C=C)C1(CN1)C2CN2,0.54927486
NC(C=C)C1(CN1)C2CN2,0.6341919
OC(C=C)C1(CN1)C2CN2,0.3071265
CC(C=C)C1(CN1)C2CO2,0.49805975
NC(C=C)C1(CN1)C2CO2,0.24240012
OC(C=C)C1(CN1)C2CO2,0.4625595
CC(C=C)C1(CO1)C2CC2,0.6048208
NC(C=C)C1(CO1)C2CC2,0.6155131
OC(C=C)C1(CO1)C2CC2,0.5878968
CC(C=C)C1(CO1)C2CN2,0.7158107
NC(C=C)C1(CO1)C2CN2,0.73108524
OC(C=C)C1(CO1)C2CN2,0.7637652
CC(C=C)C1(CO1)C2CO2,0.53319293
NC(C=C)C1(CO1)C2CO2,0.7215836
OC(C=C)C1(CO1)C2CO2,0.6717968
CC(C=C)C1(CC1)N2CC2,0.5547492
NC(C=C)C1(CC1)N2CC2,0.5969776
OC(C=C)C1(CC1)N2CC2,0.55254835
C=CCCC1(CC1)C2CC2,0.67328423
C=COCC1(CC1)C2CC2,0.48575595
C=CCNC1(CC1)C2CC2,0.5008556
C=CCOC1(CC1)C2CC2,0.5836329
C=CCCC1(CC1)C2CN2,0.5013247
C=COCC1(CC1)C2CN2,0.5852102
C=CCNC1(CC1)C2CN2,0.6320155
C=CCOC1(CC1)C2CN2,0.56881106
C=CCCC1(CC1)C2CO2,0.66406393
C=COCC1(CC1)C2CO2,0.44611102
C=CCNC1(CC1)C2CO2,0.501546
C=CCOC1(CC1)C2CO2,0.6042139
C=CCCC1(CN1)C2CC2,0.5743401
C=COCC1(CN1)C2CC2,0.39274076
C=CCCC1(CN1)C2CN2,0.5186663
C=COCC1(CN1)C2CN2,0.40225357
C=CCCC1(CN1)C2CO2,0.5048179
C=COCC1(CN1)C2CO2,0.37878856
C=CCCC1(CO1)C2CC2,0.6140304
C=COCC1(CO1)C2CC2,0.61762935
C=CCCC1(CO1)C2CN2,0.6584942
C=COCC1(CO1)C2CN2,0.6065062
C=CCCC1(CO1)C2CO2,0.85026413
C=COCC1(CO1)C2CO2,0.71028316
C=CCCC1(CC1)N2CC2,0.5241038
C=COCC1(CC1)N2CC2,0.48222148
CC1C(C)C1(C=C)C2CC2,0.63809
CC1C(N)C1(C=C)C2CC2,0.6216451
CC1C(O)C1(C=C)C2CC2,0.7483698
NC1C(N)C1(C=C)C2CC2,0.66434675
NC1C(O)C1(C=C)C2CC2,0.79301476
OC1C(O)C1(C=C)C2CC2,0.7359099
CC1C(C)C1(C=C)C2CN2,0.76442707
CC1C(N)C1(C=C)C2CN2,0.7058652
CC1C(O)C1(C=C)C2CN2,0.60086614
NC1C(N)C1(C=C)C2CN2,0.73317605
NC1C(O)C1(C=C)C2CN2,0.89021736
OC1C(O)C1(C=C)C2CN2,0.6316783
CC1C(C)C1(C=C)C2CO2,0.71189076
CC1C(N)C1(C=C)C2CO2,0.6928495
CC1C(O)C1(C=C)C2CO2,0.5484745
NC1C(N)C1(C=C)C2CO2,0.6596579
NC1C(O)C1(C=C)C2CO2,0.7260038
OC1C(O)C1(C=C)C2CO2,0.48726344
CC1N(C)C1(C=C)C2CC2,0.7488634
CC1N(C)C1(C=C)C2CN2,0.7798809
CC1N(C)C1(C=C)C2CO2,0.7194619
CC1C(C)C1(C=C)N2CC2,0.54621184
CC1C(N)C1(C=C)N2CC2,0.5890711
CC1C(O)C1(C=C)N2CC2,0.7551637
NC1C(N)C1(C=C)N2CC2,0.77926
NC1C(O)C1(C=C)N2CC2,0.8103081
OC1C(O)C1(C=C)N2CC2,0.8532589
CC(C=C)(C1CC1)C2CC2,0.6342815
NC(C=C)(C1CC1)C2CC2,0.66130537
OC(C=C)(C1CC1)C2CC2,0.51944584
CC(C=C)(C1CC1)C2CN2,0.6274974
NC(C=C)(C1CC1)C2CN2,0.72037333
OC(C=C)(C1CC1)C2CN2,0.5552218
CC(C=C)(C1CC1)C2CO2,0.69444287
NC(C=C)(C1CC1)C2CO2,0.78497887
OC(C=C)(C1CC1)C2CO2,0.7176895
CC(C=C)(C1CN1)C2CN2,0.592216
NC(C=C)(C1CN1)C2CN2,0.6699595
OC(C=C)(C1CN1)C2CN2,0.56721175
CC(C=C)(C1CN1)C2CO2,0.61993986
NC(C=C)(C1CN1)C2CO2,0.61795723
OC(C=C)(C1CN1)C2CO2,0.59758604
CC(C=C)(C1CO1)C2CO2,0.6555017
NC(C=C)(C1CO1)C2CO2,0.73662317
OC(C=C)(C1CO1)C2CO2,0.79176855
CC(C=C)(C1CC1)N2CC2,0.5512061
CC(C=C)(C1CN1)N2CC2,0.6112315
CC(C=C)(C1CO1)N2CC2,0.6792656
CC1C(CC1C2CC2)C=C,0.6110427
NC1C(CC1C2CC2)C=C,0.5560371
OC1C(CC1C2CC2)C=C,0.55791175
CC1C(NC1C2CC2)C=C,0.35199812
NC1C(NC1C2CC2)C=C,0.56746906
OC1C(NC1C2CC2)C=C,0.49222317
CC1C(OC1C2CC2)C=C,0.60944945
NC1C(OC1C2CC2)C=C,0.6428766
OC1C(OC1C2CC2)C=C,0.66708344
CN1C(CC1C2CC2)C=C,0.38081107
CC1C(CN1C2CC2)C=C,0.46360913
CC1C(CC1C2CN2)C=C,0.43419406
NC1C(CC1C2CN2)C=C,0.53047884
OC1C(CC1C2CN2)C=C,0.42052647
CC1C(NC1C2CN2)C=C,0.5148628
NC1C(NC1C2CN2)C=C,0.5300489
OC1C(NC1C2CN2)C=C,0.44321078
CC1C(OC1C2CN2)C=C,0.6934044
NC1C(OC1C2CN2)C=C,0.7049706
OC1C(OC1C2CN2)C=C,0.9912455
CN1C(CC1C2CN2)C=C,0.47425577
CC1C(CC1C2CO2)C=C,0.7071798
NC1C(CC1C2CO2)C=C,0.60649943
OC1C(CC1C2CO2)C=C,0.5766617
CC1C(NC1C2CO2)C=C,0.6413906
NC1C(NC1C2CO2)C=C,0.7126311
OC1C(NC1C2CO2)C=C,0.76863074
CC1C(OC1C2CO2)C=C,0.87484133
NC1C(OC1C2CO2)C=C,0.97795653
OC1C(OC1C2CO2)C=C,0.9422558
CN1C(CC1C2CO2)C=C,0.54251945
CC1C(CC1N2CC2)C=C,0.33649376
NC1C(CC1N2CC2)C=C,0.39216703
OC1C(CC1N2CC2)C=C,0.3409127
C=CC1CC(C2CC2)C1=O,0.9919897
C=CC1NC(C2CC2)C1=O,0.99049187
C=CC1OC(C2CC2)C1=O,1.1999536
C=CN1CC(C2CC2)C1=O,0.64233136
C=CC1CN(C2CC2)C1=O,0.7464285
C=CC1CC(C2CN2)C1=O,0.9548602
C=CC1NC(C2CN2)C1=O,0.9104249
C=CC1OC(C2CN2)C1=O,1.3817354
C=CN1CC(C2CN2)C1=O,0.6602469
C=CC1CC(C2CO2)C1=O,1.0997211
C=CC1NC(C2CO2)C1=O,1.3165098
C=CC1OC(C2CO2)C1=O,1.6774107
C=CN1CC(C2CO2)C1=O,0.96229017
C=CC1CC(N2CC2)C1=O,1.2035846
C=CN1CC(N2CC2)C1=O,0.94919634
C=CC1CN(N2CC2)C1=O,1.0067586
CC(C=C)C1CC1C2CC2,0.5194673
NC(C=C)C1CC1C2CC2,0.5537622
OC(C=C)C1CC1C2CC2,0.51394814
CC(C=C)C1CC1C2CN2,0.503883
NC(C=C)C1CC1C2CN2,0.60836256
OC(C=C)C1CC1C2CN2,0.508803
CC(C=C)C1CC1C2CO2,0.57211757
NC(C=C)C1CC1C2CO2,0.6271235
OC(C=C)C1CC1C2CO2,0.54474825
CC(C=C)C1NC1C2CC2,0.41599247
NC(C=C)C1NC1C2CC2,0.50215834
OC(C=C)C1NC1C2CC2,0.46160185
CC(C=C)C1NC1C2CN2,0.5666105
NC(C=C)C1NC1C2CN2,0.54562485
OC(C=C)C1NC1C2CN2,0.46958548
CC(C=C)C1NC1C2CO2,0.6182201
NC(C=C)C1NC1C2CO2,0.52021295
OC(C=C)C1NC1C2CO2,0.45240802
CC(C=C)C1OC1C2CC2,0.721754
NC(C=C)C1OC1C2CC2,0.8076105
OC(C=C)C1OC1C2CC2,0.70336926
CC(C=C)C1OC1C2CN2,0.8078114
NC(C=C)C1OC1C2CN2,0.6614471
OC(C=C)C1OC1C2CN2,0.6911365
CC(C=C)C1OC1C2CO2,0.6607847
NC(C=C)C1OC1C2CO2,0.6816438
OC(C=C)C1OC1C2CO2,0.597978
CC(C=C)N1CC1C2CC2,0.198298
CC(C=C)N1CC1C2CN2,0.41198424
CC(C=C)N1CC1C2CO2,0.41001442
CC(C=C)C1CC1N2CC2,0.51592195
NC(C=C)C1CC1N2CC2,0.59031546
OC(C=C)C1CC1N2CC2,0.5514563
CC(C=C)C1CN1C2CC2,0.43195587
NC(C=C)C1CN1C2CC2,0.48766688
OC(C=C)C1CN1C2CC2,0.35405952
CCC(=C)C1CC1C2CC2,0.6407083
NCC(=C)C1CC1C2CC2,0.5263116
OCC(=C)C1CC1C2CC2,0.63809085
COC(=C)C1CC1C2CC2,0.6152543
CCC(=C)C1CC1C2CN2,0.48684618
NCC(=C)C1CC1C2CN2,0.6320102
OCC(=C)C1CC1C2CN2,0.6102989
COC(=C)C1CC1C2CN2,0.58414
CCC(=C)C1CC1C2CO2,0.608199
NCC(=C)C1CC1C2CO2,0.7529774
OCC(=C)C1CC1C2CO2,0.75008214
COC(=C)C1CC1C2CO2,0.61069214
CCC(=C)C1NC1C2CC2,0.5586372
NCC(=C)C1NC1C2CC2,0.5608695
OCC(=C)C1NC1C2CC2,0.63852787
COC(=C)C1NC1C2CC2,0.597207
CCC(=C)C1NC1C2CN2,0.61940044
NCC(=C)C1NC1C2CN2,0.7483653
OCC(=C)C1NC1C2CN2,0.72001654
COC(=C)C1NC1C2CN2,0.70672435
CCC(=C)C1NC1C2CO2,0.7555932
NCC(=C)C1NC1C2CO2,0.82281995
OCC(=C)C1NC1C2CO2,0.8349416
COC(=C)C1NC1C2CO2,0.81326634
CCC(=C)C1OC1C2CC2,0.8419726
NCC(=C)C1OC1C2CC2,0.93084455
OCC(=C)C1OC1C2CC2,1.0064533
COC(=C)C1OC1C2CC2,0.98968077
CCC(=C)C1OC1C2CN2,0.9041465
NCC(=C)C1OC1C2CN2,0.6801487
OCC(=C)C1OC1C2CN2,1.050513
COC(=C)C1OC1C2CN2,0.84669375
CCC(=C)C1OC1C2CO2,0.95369935
NCC(=C)C1OC1C2CO2,0.93827397
OCC(=C)C1OC1C2CO2,0.9993545
COC(=C)C1OC1C2CO2,0.9944349
CCC(=C)C1CC1N2CC2,0.5914259
NCC(=C)C1CC1N2CC2,0.5746142
OCC(=C)C1CC1N2CC2,0.68380666
COC(=C)C1CC1N2CC2,0.63017106
CCC(=C)C1CN1C2CC2,0.6010723
NCC(=C)C1CN1C2CC2,0.5842785
OCC(=C)C1CN1C2CC2,0.5469895
COC(=C)C1CN1C2CC2,0.47578052
C=CC(=C)C1CC1C2CC2,0.79308814
C=C(C=O)C1CC1C2CC2,1.1791897
C=C(C#N)C1CC1C2CC2,1.4933101
C=CC(=O)C1CC1C2CC2,1.3213537
C=CC(=C)C1CC1C2CN2,0.83166516
C=C(C=O)C1CC1C2CN2,1.2320521
C=C(C#N)C1CC1C2CN2,1.0948265
C=CC(=O)C1CC1C2CN2,1.5402404
C=CC(=C)C1CC1C2CO2,0.87308043
C=C(C=O)C1CC1C2CO2,1.3153156
C=C(C#N)C1CC1C2CO2,1.4926318
C=CC(=O)C1CC1C2CO2,1.4889462
C=CC(=C)C1NC1C2CC2,0.7554965
C=C(C=O)C1NC1C2CC2,1.4162207
C=C(C#N)C1NC1C2CC2,1.3540899
C=CC(=O)C1NC1C2CC2,1.5538254
C=CC(=C)C1NC1C2CN2,0.86756057
C=C(C=O)C1NC1C2CN2,1.1740372
C=C(C#N)C1NC1C2CN2,1.4175283
C=CC(=O)C1NC1C2CN2,1.3791684
C=CC(=C)C1NC1C2CO2,1.0385997
C=C(C=O)C1NC1C2CO2,1.1925787
C=C(C#N)C1NC1C2CO2,1.797888
C=CC(=O)C1NC1C2CO2,1.6843249
C=CC(=C)C1OC1C2CC2,1.0890816
C=C(C=O)C1OC1C2CC2,1.4290234
C=C(C#N)C1OC1C2CC2,1.5712334
C=CC(=O)C1OC1C2CC2,1.7590755
C=CC(=C)C1OC1C2CN2,1.0489844
C=C(C=O)C1OC1C2CN2,1.3317696
C=C(C#N)C1OC1C2CN2,1.776188
C=CC(=O)C1OC1C2CN2,1.6312855
C=CC(=C)C1OC1C2CO2,1.2966423
C=C(C=O)C1OC1C2CO2,1.7241654
C=C(C#N)C1OC1C2CO2,2.039621
C=CC(=O)C1OC1C2CO2,1.933919
C=CC(=N)N1CC1C2CC2,0.56243277
C=CC(=O)N1CC1C2CC2,1.1375153
C=CC(=N)N1CC1C2CN2,0.6780359
C=CC(=O)N1CC1C2CN2,1.1586713
C=CC(=N)N1CC1C2CO2,0.7296613
C=CC(=O)N1CC1C2CO2,1.2294731
C=CC(=C)C1CC1N2CC2,0.7305163
C=C(C=O)C1CC1N2CC2,1.3801998
C=C(C#N)C1CC1N2CC2,1.4723742
C=CC(=O)C1CC1N2CC2,1.510856
C=CC(=C)C1CN1C2CC2,0.68140846
C=C(C=O)C1CN1C2CC2,1.3128494
C=C(C#N)C1CN1C2CC2,1.3778131
C=CC(=O)C1CN1C2CC2,1.5744467
C=C(C#C)C1CC1C2CC2,0.9693238
C=C(C#C)C1CC1C2CN2,0.8285688
C=C(C#C)C1CC1C2CO2,1.140585
C=C(C#C)C1NC1C2CC2,0.93014497
C=C(C#C)C1NC1C2CN2,0.9263964
C=C(C#C)C1NC1C2CO2,0.8070365
C=C(C#C)C1OC1C2CC2,1.1964443
C=C(C#C)C1OC1C2CN2,1.2740763
C=C(C#C)C1OC1C2CO2,1.5267051
C=C(C#C)C1CC1N2CC2,1.0228392
C=C(C#C)C1CN1C2CC2,1.0119762
CC=C(C)C1CC1C2CC2,0.53957915
CC=C(C)C1CC1C2CN2,0.45384032
CC=C(C)C1CC1C2CO2,0.54043984
CC=C(C)C1NC1C2CC2,0.41252854
CC=C(C)C1NC1C2CN2,0.5513572
CC=C(C)C1NC1C2CO2,0.65793896
CC=C(C)C1OC1C2CC2,0.6791388
CC=C(C)C1OC1C2CN2,0.64255965
CC=C(C)C1OC1C2CO2,0.72449255
CC=C(C)C1CC1N2CC2,0.5248249
CC=C(C)C1CN1C2CC2,0.49415335
CC1C(CCC1=C)C2CC2,0.6856597
NC1C(CCC1=C)C2CC2,0.6654486
OC1C(CCC1=C)C2CC2,0.56320626
CC1C(COC1=C)C2CC2,0.51035243
NC1C(COC1=C)C2CC2,0.69829965
OC1C(COC1=C)C2CC2,0.5044039
CC1C(NCC1=C)C2CC2,0.46369085
NC1C(NCC1=C)C2CC2,0.47159442
OC1C(NCC1=C)C2CC2,0.48962307
CC1C(OCC1=C)C2CC2,0.6558371
NC1C(OCC1=C)C2CC2,0.7842638
OC1C(OCC1=C)C2CC2,0.6217917
CC1N(CCC1=C)C2CC2,0.44621098
CC1C(CCC1=C)C2CN2,0.6440248
NC1C(CCC1=C)C2CN2,0.6869251
OC1C(CCC1=C)C2CN2,0.58252245
CC1C(COC1=C)C2CN2,0.43019798
NC1C(COC1=C)C2CN2,0.9013619
OC1C(COC1=C)C2CN2,0.7155655
CC1C(NCC1=C)C2CN2,0.6141185
NC1C(NCC1=C)C2CN2,0.4825833
OC1C(NCC1=C)C2CN2,0.6050208
CC1C(OCC1=C)C2CN2,0.54441845
NC1C(OCC1=C)C2CN2,0.7579863
OC1C(OCC1=C)C2CN2,0.44915268
CC1C(CCC1=C)C2CO2,0.7514216
NC1C(CCC1=C)C2CO2,0.66580874
OC1C(CCC1=C)C2CO2,0.6320023
CC1C(COC1=C)C2CO2,0.6326748
NC1C(COC1=C)C2CO2,0.84779537
OC1C(COC1=C)C2CO2,0.6874037
CC1C(NCC1=C)C2CO2,0.5310959
NC1C(NCC1=C)C2CO2,0.50802886
OC1C(NCC1=C)C2CO2,0.5442158
CC1C(OCC1=C)C2CO2,0.5194698
NC1C(OCC1=C)C2CO2,0.67576545
OC1C(OCC1=C)C2CO2,0.5368912
CC1C(CCC1=C)N2CC2,0.5371699
NC1C(CCC1=C)N2CC2,0.5834812
OC1C(CCC1=C)N2CC2,0.523181
CC1C(COC1=C)N2CC2,0.38982692
NC1C(COC1=C)N2CC2,0.7840855
OC1C(COC1=C)N2CC2,0.82294184
CC1CCC(C2CC2)C1=C,0.6686286
NC1CCC(C2CC2)C1=C,0.6551508
OC1CCC(C2CC2)C1=C,0.71226454
CC1NCC(C2CC2)C1=C,0.5655659
CC1OCC(C2CC2)C1=C,0.74401
CC1CNC(C2CC2)C1=C,0.49729982
NC1CNC(C2CC2)C1=C,0.59109455
OC1CNC(C2CC2)C1=C,0.57198566
CC1COC(C2CC2)C1=C,0.5733113
NC1COC(C2CC2)C1=C,0.67764777
OC1COC(C2CC2)C1=C,0.66759443
CC1CCC(C2CN2)C1=C,0.49107867
NC1CCC(C2CN2)C1=C,0.68645453
OC1CCC(C2CN2)C1=C,0.68194485
CC1NCC(C2CN2)C1=C,0.53173673
CC1OCC(C2CN2)C1=C,0.6478761
CC1CNC(C2CN2)C1=C,0.4825144
NC1CNC(C2CN2)C1=C,0.61999625
OC1CNC(C2CN2)C1=C,0.7347931
CC1COC(C2CN2)C1=C,0.58928925
NC1COC(C2CN2)C1=C,0.82361084
OC1COC(C2CN2)C1=C,0.8767637
CC1CCC(C2CO2)C1=C,0.6327647
NC1CCC(C2CO2)C1=C,0.71713805
OC1CCC(C2CO2)C1=C,0.9640751
CC1NCC(C2CO2)C1=C,0.6590022
CC1OCC(C2CO2)C1=C,0.9933451
CC1CNC(C2CO2)C1=C,0.5508779
NC1CNC(C2CO2)C1=C,0.86229163
OC1CNC(C2CO2)C1=C,0.8576982
CC1COC(C2CO2)C1=C,0.9865862
NC1COC(C2CO2)C1=C,0.9278295
OC1COC(C2CO2)C1=C,0.986371
CC1CCC(N2CC2)C1=C,0.4586293
NC1CCC(N2CC2)C1=C,0.6571102
OC1CCC(N2CC2)C1=C,0.5345765
CC1NCC(N2CC2)C1=C,0.5850068
CC1OCC(N2CC2)C1=C,0.70762646
C=C1CCC(C2CC2)C1=C,0.91141605
C=C1C(CCC1=O)C2CC2,1.1667414
C=C1CCC(C2CC2)C1=O,1.1531147
C=C1C(CNC1=N)C2CC2,0.68532395
C=C1C(CNC1=O)C2CC2,0.9744414
C=C1OCC(C2CC2)C1=C,0.65798575
C=C1C(COC1=O)C2CC2,1.3006653
C=C1OCC(C2CC2)C1=O,1.1599345
C=C1CNC(C2CC2)C1=C,0.62669647
C=C1C(NCC1=O)C2CC2,1.091792
C=C1CNC(C2CC2)C1=O,0.9818416
C=C1C(NNC1=N)C2CC2,1.0105516
C=C1C(NNC1=O)C2CC2,1.1693481
C=C1COC(C2CC2)C1=C,0.5972881
C=C1C(OCC1=O)C2CC2,1.4129138
C=C1COC(C2CC2)C1=O,1.1052171
C=C1C(ONC1=N)C2CC2,0.9330009
C=C1C(ONC1=O)C2CC2,1.174286
C=C1CCN(C2CC2)C1=N,0.71433747
C=C1CCN(C2CC2)C1=O,0.810852
C=C1CNN(C2CC2)C1=N,0.75744843
C=C1CNN(C2CC2)C1=O,0.9105386
C=C1CON(C2CC2)C1=N,0.88852704
C=C1CON(C2CC2)C1=O,0.84031737
C=C1CCC(C2CN2)C1=C,0.7598134
C=C1C(CCC1=O)C2CN2,1.2974389
C=C1CCC(C2CN2)C1=O,1.0369537
C=C1C(CNC1=N)C2CN2,0.7097528
C=C1C(CNC1=O)C2CN2,1.0082809
C=C1OCC(C2CN2)C1=C,0.67830086
C=C1C(COC1=O)C2CN2,1.0836684
C=C1OCC(C2CN2)C1=O,1.1503329
C=C1CNC(C2CN2)C1=C,0.722437
C=C1C(NCC1=O)C2CN2,0.99052703
C=C1CNC(C2CN2)C1=O,0.97504854
C=C1C(NNC1=N)C2CN2,0.8395674
C=C1C(NNC1=O)C2CN2,1.0092843
C=C1COC(C2CN2)C1=C,0.7890816
C=C1C(OCC1=O)C2CN2,1.1777104
C=C1COC(C2CN2)C1=O,1.2892193
C=C1C(ONC1=N)C2CN2,0.9536408
C=C1C(ONC1=O)C2CN2,1.3841568
C=C1CCC(C2CO2)C1=C,1.1423984
C=C1C(CCC1=O)C2CO2,1.4078712
C=C1CCC(C2CO2)C1=O,1.183275
C=C1C(CNC1=N)C2CO2,0.83695644
C=C1C(CNC1=O)C2CO2,1.0053842
C=C1OCC(C2CO2)C1=C,0.8934848
C=C1C(COC1=O)C2CO2,1.4298519
C=C1OCC(C2CO2)C1=O,1.528336
C=C1CNC(C2CO2)C1=C,0.87327826
C=C1C(NCC1=O)C2CO2,1.2643354
C=C1CNC(C2CO2)C1=O,1.318861
C=C1C(NNC1=N)C2CO2,0.77441156
C=C1C(NNC1=O)C2CO2,1.2310214
C=C1COC(C2CO2)C1=C,0.9728261
C=C1C(OCC1=O)C2CO2,1.589373
C=C1COC(C2CO2)C1=O,1.6523237
C=C1C(ONC1=N)C2CO2,1.00357
C=C1C(ONC1=O)C2CO2,1.5286225
C=C1CCC(N2CC2)C1=C,0.73204184
C=C1C(CCC1=O)N2CC2,1.4123639
C=C1CCC(N2CC2)C1=O,1.2389476
C=C1C(CNC1=N)N2CC2,0.77663934
C=C1C(CNC1=O)N2CC2,1.0378838
C=C1OCC(N2CC2)C1=C,0.8488512
C=C1C(COC1=O)N2CC2,1.1647865
C=C1OCC(N2CC2)C1=O,1.3067191
C=C1CCN(N2CC2)C1=N,1.0594037
C=C1CCN(N2CC2)C1=O,1.192467
CC1C=CC(C2CC2)C1C,0.5918801
CC1C(N)C=CC1C2CC2,0.50295883
CC1C(O)C=CC1C2CC2,0.538248
CC1C=CC(C2CC2)C1N,0.5805318
NC1C=CC(C2CC2)C1N,0.5431459
NC1C(O)C=CC1C2CC2,0.71824646
CC1C=CC(C2CC2)C1O,0.6241636
NC1C=CC(C2CC2)C1O,0.7380488
OC1C=CC(C2CC2)C1O,0.68410265
CC1C=CC(C2CC2)N1C,0.49199036
CC1C=CC(C2CN2)C1C,0.59358823
CC1C(N)C=CC1C2CN2,0.67498446
CC1C(O)C=CC1C2CN2,0.50425375
CC1C=CC(C2CN2)C1N,0.5814556
NC1C=CC(C2CN2)C1N,0.66662836
NC1C(O)C=CC1C2CN2,0.87683487
CC1C=CC(C2CN2)C1O,0.7454125
NC1C=CC(C2CN2)C1O,0.74754703
OC1C=CC(C2CN2)C1O,0.8040645
CC1C=CC(C2CN2)N1C,0.6250658
CC1C=CC(C2CO2)C1C,0.7076963
CC1C(N)C=CC1C2CO2,0.6882168
CC1C(O)C=CC1C2CO2,0.60708445
CC1C=CC(C2CO2)C1N,0.66047114
NC1C=CC(C2CO2)C1N,0.824596
NC1C(O)C=CC1C2CO2,0.8562356
CC1C=CC(C2CO2)C1O,0.9025107
NC1C=CC(C2CO2)C1O,0.8433554
OC1C=CC(C2CO2)C1O,0.9389192
CC1C=CC(C2CO2)N1C,0.6478787
CC1C=CC(C1C)N2CC2,0.52140486
CC1C(N)C=CC1N2CC2,0.63519734
CC1C(O)C=CC1N2CC2,0.6865895
CC1C=CC(C1N)N2CC2,0.737297
NC1C=CC(C1N)N2CC2,0.73567945
NC1C(O)C=CC1N2CC2,0.8662911
CC1C=CC(C1O)N2CC2,0.87174106
NC1C=CC(C1O)N2CC2,0.84666574
OC1C=CC(C1O)N2CC2,0.90504384
CC1C(C=CC1=C)C2CC2,0.7137389
CC1C(C=CC1=O)C2CC2,1.3537971
NC1C(C=CC1=C)C2CC2,0.79879326
OC1C(C=CC1=C)C2CC2,0.7417388
OC1C(C=CC1=O)C2CC2,1.4712089
CN1C(C=CC1=N)C2CC2,0.69732517
CN1C(C=CC1=O)C2CC2,0.8814212
NN1C(C=CC1=N)C2CC2,0.95837116
NN1C(C=CC1=O)C2CC2,1.122512
ON1C(C=CC1=N)C2CC2,0.7096294
ON1C(C=CC1=O)C2CC2,1.0244104
CC1N(N=CC1=C)C2CC2,0.77794033
CC1C(C=CC1=C)C2CN2,0.8977404
CC1C(C=CC1=O)C2CN2,1.3821902
NC1C(C=CC1=C)C2CN2,1.0850075
OC1C(C=CC1=C)C2CN2,0.7005715
OC1C(C=CC1=O)C2CN2,1.495326
CN1C(C=CC1=N)C2CN2,0.784203
CN1C(C=CC1=O)C2CN2,0.9503661
NN1C(C=CC1=N)C2CN2,0.6803083
NN1C(C=CC1=O)C2CN2,1.2954128
ON1C(C=CC1=N)C2CN2,0.7992122
ON1C(C=CC1=O)C2CN2,1.3050674
CC1C(C=CC1=C)C2CO2,1.0747677
CC1C(C=CC1=O)C2CO2,1.6947666
NC1C(C=CC1=C)C2CO2,1.1687409
OC1C(C=CC1=C)C2CO2,0.96109957
OC1C(C=CC1=O)C2CO2,1.7333661
CN1C(C=CC1=N)C2CO2,0.8002907
CN1C(C=CC1=O)C2CO2,1.1607751
NN1C(C=CC1=N)C2CO2,0.9701991
NN1C(C=CC1=O)C2CO2,1.4955314
ON1C(C=CC1=N)C2CO2,1.2226605
ON1C(C=CC1=O)C2CO2,1.6275213
CC1C(C=CC1=C)N2CC2,0.8136358
CC1C(C=CC1=O)N2CC2,1.2309864
NC1C(C=CC1=C)N2CC2,0.90637124
OC1C(C=CC1=C)N2CC2,0.91616225
OC1C(C=CC1=O)N2CC2,1.3894895
CC1C=CC(C2CC2)C1=C,0.88040364
NC1C=CC(C2CC2)C1=C,0.86003536
OC1C=CC(C2CC2)C1=C,0.8181949
CC1C=CC(C2CC2)C1=O,1.1361135
OC1C=CC(C2CC2)C1=O,1.2407905
CN1C=CC(C2CC2)C1=N,0.62250227
NN1C=CC(C2CC2)C1=N,0.9317591
ON1C=CC(C2CC2)C1=N,0.9369767
CN1C=CC(C2CC2)C1=O,0.7822548
NN1C=CC(C2CC2)C1=O,1.0718533
ON1C=CC(C2CC2)C1=O,1.3917762
CN1C=NC(C2CC2)C1=C,0.5922813
NN1C=NC(C2CC2)C1=C,0.86727107
ON1C=NC(C2CC2)C1=C,1.0097841
CC1C=CN(C2CC2)C1=N,0.5946498
NC1C=CN(C2CC2)C1=N,0.6916486
OC1C=CN(C2CC2)C1=N,0.86545163
CC1C=CN(C2CC2)C1=O,0.678706
NC1C=CN(C2CC2)C1=O,0.8470335
OC1C=CN(C2CC2)C1=O,1.0545229
CC1N=CN(C2CC2)C1=C,0.51161003
CC1C=CC(C2CN2)C1=C,0.69105506
NC1C=CC(C2CN2)C1=C,1.0238696
OC1C=CC(C2CN2)C1=C,0.93431413
CC1C=CC(C2CN2)C1=O,1.073561
OC1C=CC(C2CN2)C1=O,1.3969827
CN1C=CC(C2CN2)C1=N,0.63241315
NN1C=CC(C2CN2)C1=N,0.9901037
ON1C=CC(C2CN2)C1=N,1.3897829
CN1C=CC(C2CN2)C1=O,0.7623887
NN1C=CC(C2CN2)C1=O,1.1252869
ON1C=CC(C2CN2)C1=O,1.32828
CN1C=NC(C2CN2)C1=C,0.591383
NN1C=NC(C2CN2)C1=C,1.0812689
ON1C=NC(C2CN2)C1=C,1.1621512
CC1C=CC(C2CO2)C1=C,1.1229932
NC1C=CC(C2CO2)C1=C,1.1088135
OC1C=CC(C2CO2)C1=C,1.0570003
CC1C=CC(C2CO2)C1=O,1.4264145
OC1C=CC(C2CO2)C1=O,1.8926356
CN1C=CC(C2CO2)C1=N,0.79694784
NN1C=CC(C2CO2)C1=N,1.1205186
ON1C=CC(C2CO2)C1=N,1.2962576
CN1C=CC(C2CO2)C1=O,1.1350086
NN1C=CC(C2CO2)C1=O,1.5186572
ON1C=CC(C2CO2)C1=O,1.5750717
CN1C=NC(C2CO2)C1=C,0.77476174
NN1C=NC(C2CO2)C1=C,1.2310781
ON1C=NC(C2CO2)C1=C,1.587419
CC1C=CC(N2CC2)C1=C,0.77984077
NC1C=CC(N2CC2)C1=C,0.93816066
OC1C=CC(N2CC2)C1=C,0.9425248
CC1C=CC(N2CC2)C1=O,1.3178364
OC1C=CC(N2CC2)C1=O,1.5078616
CN1C=CC(N2CC2)C1=N,0.83430505
NN1C=CC(N2CC2)C1=N,1.0826452
ON1C=CC(N2CC2)C1=N,1.1446657
CN1C=CC(N2CC2)C1=O,0.9322111
NN1C=CC(N2CC2)C1=O,1.144821
ON1C=CC(N2CC2)C1=O,1.3493794
CC1C=CN(N2CC2)C1=N,0.99716496
NC1C=CN(N2CC2)C1=N,1.0794293
OC1C=CN(N2CC2)C1=N,1.0764251
CC1C=CN(N2CC2)C1=O,1.0546497
NC1C=CN(N2CC2)C1=O,1.1456102
OC1C=CN(N2CC2)C1=O,0.9956787
CC1N=CN(N2CC2)C1=C,0.6552506
C=C1C=CC(C2CC2)C1=C,1.0149326
C=C1C(C=CC1=O)C2CC2,1.6125537
C=C1C=CC(C2CC2)C1=O,1.4285967
O=C1C=CC(C2CC2)C1=O,1.6361598
C=C1C=CN(C2CC2)C1=N,1.0200413
N=C1N(C=CC1=O)C2CC2,1.5816287
C=C1C=CN(C2CC2)C1=O,0.9953208
O=C1C=CN(C2CC2)C1=O,1.075894
C=C1N(C=NC1=N)C2CC2,0.9721233
C=C1N(C=NC1=O)C2CC2,1.3901628
C=C1C=NN(C2CC2)C1=N,1.4019748
C=C1C=NN(C2CC2)C1=O,1.1713575
C=C1C=CC(C2CN2)C1=C,1.050298
C=C1C(C=CC1=O)C2CN2,1.7871939
C=C1C=CC(C2CN2)C1=O,1.5440862
O=C1C=CC(C2CN2)C1=O,1.6322349
C=C1C=CC(C2CO2)C1=C,1.2531215
C=C1C(C=CC1=O)C2CO2,2.1200423
C=C1C=CC(C2CO2)C1=O,2.0253086
O=C1C=CC(C2CO2)C1=O,2.1847994
C=C1C=CC(N2CC2)C1=C,1.049127
C=C1C(C=CC1=O)N2CC2,1.667266
C=C1C=CC(N2CC2)C1=O,1.5857409
O=C1C=CC(N2CC2)C1=O,1.8007804
C=C1C=CN(N2CC2)C1=N,1.2602817
N=C1N(C=CC1=O)N2CC2,1.3766313
C=C1C=CN(N2CC2)C1=O,1.0679724
O=C1C=CN(N2CC2)C1=O,1.0719041
C=C1N(C=NC1=N)N2CC2,1.1775577
C=C1N(C=NC1=O)N2CC2,1.308328
CC1C(CC=C1C)C2CC2,0.6184806
CC1=CCC(C2CC2)C1N,0.44407484
CC1=CCC(C2CC2)C1O,0.5399296
CC1C(OC=C1C)C2CC2,0.52364457
CC1=COC(C2CC2)C1N,0.49803156
CC1=COC(C2CC2)C1O,0.6602762
CC1N(CC=C1C)C2CC2,0.39550784
CC1C(CC=C1C)C2CN2,0.6063718
CC1=CCC(C2CN2)C1N,0.44982064
CC1=CCC(C2CN2)C1O,0.55059105
CC1C(OC=C1C)C2CN2,0.5574149
CC1=COC(C2CN2)C1N,0.6160325
CC1=COC(C2CN2)C1O,0.56009614
CC1C(CC=C1C)C2CO2,0.7631764
CC1=CCC(C2CO2)C1N,0.54609907
CC1=CCC(C2CO2)C1O,0.6157201
CC1C(OC=C1C)C2CO2,0.60382617
CC1=COC(C2CO2)C1N,0.8069811
CC1=COC(C2CO2)C1O,0.7114768
CC1C(CC=C1C)N2CC2,0.4802085
CC1=CCC(C1N)N2CC2,0.54921144
CC1=CCC(C1O)N2CC2,0.7993418
CC1=CCC(C2CC2)C1=C,0.9052437
CC1=CCC(C2CC2)C1=O,1.0939826
CC1=NNC(C2CC2)C1=C,0.7257086
CC1=COC(C2CC2)C1=C,0.6123654
CC1=NOC(C2CC2)C1=C,0.8260208
CC1=CCN(C2CC2)C1=N,0.7515103
CC1=CCN(C2CC2)C1=O,0.6500162
CC1=CCC(C2CN2)C1=C,0.7050821
CC1=CCC(C2CN2)C1=O,1.0369033
CC1=NNC(C2CN2)C1=C,0.76898026
CC1=COC(C2CN2)C1=C,0.6858463
CC1=NOC(C2CN2)C1=C,1.0276498
CC1=CCC(C2CO2)C1=C,1.1231104
CC1=CCC(C2CO2)C1=O,1.1544976
CC1=NNC(C2CO2)C1=C,1.0025108
CC1=COC(C2CO2)C1=C,0.9098542
CC1=NOC(C2CO2)C1=C,1.3809489
CC1=CCC(N2CC2)C1=C,0.6914671
CC1=CCC(N2CC2)C1=O,1.1763709
CC1=CCN(N2CC2)C1=N,0.96636766
CC1=CCN(N2CC2)C1=O,1.1078527
CC1CC=C(C2CC2)C1C,0.548742
CC1C(N)CC=C1C2CC2,0.4918408
CC1C(O)CC=C1C2CC2,0.6118746
CC1CC=C(C2CC2)C1N,0.5543841
NC1CC=C(C2CC2)C1N,0.666763
NC1C(O)CC=C1C2CC2,0.6996834
CC1CC=C(C2CC2)C1O,0.72810733
NC1CC=C(C2CC2)C1O,0.7641307
OC1CC=C(C2CC2)C1O,0.93725383
CC1OC=C(C2CC2)C1C,0.40611312
CC1OC=C(C2CC2)C1N,0.58141994
CC1OC=C(C2CC2)C1O,0.7334385
CC1N(C)CC=C1C2CC2,0.57291174
CC1CC=C(C2CN2)C1C,0.4935113
CC1C(N)CC=C1C2CN2,0.64169765
CC1C(O)CC=C1C2CN2,0.4696651
CC1CC=C(C2CN2)C1N,0.67193484
NC1CC=C(C2CN2)C1N,0.7752652
NC1C(O)CC=C1C2CN2,0.6730615
CC1CC=C(C2CN2)C1O,0.8089758
NC1CC=C(C2CN2)C1O,0.77801985
OC1CC=C(C2CN2)C1O,0.9734053
CC1OC=C(C2CN2)C1C,0.4830822
CC1OC=C(C2CN2)C1N,0.69377875
CC1OC=C(C2CN2)C1O,0.7569496
CC1N(C)CC=C1C2CN2,0.67864764
CC1CC=C(C2CO2)C1C,0.7836123
CC1C(N)CC=C1C2CO2,0.7280368
CC1C(O)CC=C1C2CO2,0.7259227
CC1CC=C(C2CO2)C1N,0.749605
NC1CC=C(C2CO2)C1N,0.9309956
NC1C(O)CC=C1C2CO2,0.72639126
CC1CC=C(C2CO2)C1O,1.0018609
NC1CC=C(C2CO2)C1O,0.9173124
OC1CC=C(C2CO2)C1O,1.2068478
CC1OC=C(C2CO2)C1C,0.7907112
CC1OC=C(C2CO2)C1N,0.8904326
CC1OC=C(C2CO2)C1O,0.86314124
CC1N(C)CC=C1C2CO2,0.7074316
CC1C(=C)CC=C1C2CC2,0.92854077
CC1C(=O)CC=C1C2CC2,1.4355401
NC1C(=C)CC=C1C2CC2,0.943914
OC1C(=C)CC=C1C2CC2,1.1445324
OC1C(=O)CC=C1C2CC2,1.7386885
CC1C(=N)NC=C1C2CC2,0.82090497
CC1C(=O)NC=C1C2CC2,0.960202
NC1C(=N)NC=C1C2CC2,0.9270006
NC1C(=O)NC=C1C2CC2,1.170986
OC1C(=N)NC=C1C2CC2,1.0533764
OC1C(=O)NC=C1C2CC2,1.3352252
CC1C(=C)OC=C1C2CC2,0.79349065
CC1C(=O)OC=C1C2CC2,1.1236444
NC1C(=C)OC=C1C2CC2,0.65290964
NC1C(=O)OC=C1C2CC2,1.2347207
OC1C(=C)OC=C1C2CC2,0.77158535
OC1C(=O)OC=C1C2CC2,1.2642511
CN1C(=N)CC=C1C2CC2,0.8793928
CN1C(=O)CC=C1C2CC2,0.95969796
NN1C(=N)CC=C1C2CC2,0.9788539
NN1C(=O)CC=C1C2CC2,1.3290303
ON1C(=N)CC=C1C2CC2,1.2447631
ON1C(=O)CC=C1C2CC2,1.6228313
CN1C(=C)CN=C1C2CC2,0.91470116
NN1C(=C)CN=C1C2CC2,0.9252465
ON1C(=C)CN=C1C2CC2,1.0617028
CC1C(=C)CC=C1C2CN2,0.9086867
CC1C(=O)CC=C1C2CN2,1.2106788
NC1C(=C)CC=C1C2CN2,1.1306231
OC1C(=C)CC=C1C2CN2,0.9122153
OC1C(=O)CC=C1C2CN2,1.6074647
CC1C(=N)NC=C1C2CN2,0.6002623
CC1C(=O)NC=C1C2CN2,0.77437145
NC1C(=N)NC=C1C2CN2,0.78073317
NC1C(=O)NC=C1C2CN2,1.0689007
OC1C(=N)NC=C1C2CN2,0.9195248
OC1C(=O)NC=C1C2CN2,1.1721276
CC1C(=C)OC=C1C2CN2,0.74254096
CC1C(=O)OC=C1C2CN2,1.1064457
NC1C(=C)OC=C1C2CN2,0.66621494
NC1C(=O)OC=C1C2CN2,1.1792673
OC1C(=C)OC=C1C2CN2,0.73426014
OC1C(=O)OC=C1C2CN2,1.278779
CN1C(=N)CC=C1C2CN2,0.5046629
CN1C(=O)CC=C1C2CN2,0.670907
NN1C(=N)CC=C1C2CN2,0.7120135
NN1C(=O)CC=C1C2CN2,1.282883
ON1C(=N)CC=C1C2CN2,1.2331724
ON1C(=O)CC=C1C2CN2,1.6025614
CN1C(=C)CN=C1C2CN2,0.68197864
NN1C(=C)CN=C1C2CN2,0.7563132
ON1C(=C)CN=C1C2CN2,0.96429396
CC1C(=C)CC=C1C2CO2,1.3023702
CC1C(=O)CC=C1C2CO2,1.380026
NC1C(=C)CC=C1C2CO2,1.2200053
OC1C(=C)CC=C1C2CO2,1.1900367
OC1C(=O)CC=C1C2CO2,1.8760453
CC1C(=N)NC=C1C2CO2,0.7724515
CC1C(=O)NC=C1C2CO2,0.76384294
NC1C(=N)NC=C1C2CO2,0.7839761
NC1C(=O)NC=C1C2CO2,1.1044674
OC1C(=N)NC=C1C2CO2,1.0523136
OC1C(=O)NC=C1C2CO2,1.3649017
CC1C(=C)OC=C1C2CO2,0.78901464
CC1C(=O)OC=C1C2CO2,1.3603843
NC1C(=C)OC=C1C2CO2,0.75047445
NC1C(=O)OC=C1C2CO2,1.5034033
OC1C(=C)OC=C1C2CO2,1.0508271
OC1C(=O)OC=C1C2CO2,1.5880934
CN1C(=N)CC=C1C2CO2,0.6673397
CN1C(=O)CC=C1C2CO2,0.861281
NN1C(=N)CC=C1C2CO2,0.8930443
NN1C(=O)CC=C1C2CO2,1.5492328
ON1C(=N)CC=C1C2CO2,1.6238651
ON1C(=O)CC=C1C2CO2,1.8660803
CN1C(=C)CN=C1C2CO2,0.7049025
NN1C(=C)CN=C1C2CO2,0.7260074
ON1C(=C)CN=C1C2CO2,1.1351959
CC1C(=C)CN=C1N2CC2,1.1519666
NC1C(=C)CN=C1N2CC2,1.1937032
OC1C(=C)CN=C1N2CC2,1.2217516
CN1C(=C)CN=C1N2CC2,0.8101746
NN1C(=C)CN=C1N2CC2,0.9419861
ON1C(=C)CN=C1N2CC2,1.0556989
CC1CC=C(C2CC2)C1=C,0.8948376
NC1CC=C(C2CC2)C1=C,0.94009715
OC1CC=C(C2CC2)C1=C,0.9895295
CC1CC=C(C2CC2)C1=O,1.3260154
OC1CC=C(C2CC2)C1=O,1.4762862
CC1OC=C(C2CC2)C1=C,0.80724144
CC1NN=C(C2CC2)C1=C,0.9516251
CC1ON=C(C2CC2)C1=C,0.9163393
CN1CC=C(C2CC2)C1=N,0.89251816
NN1CC=C(C2CC2)C1=N,1.0506198
ON1CC=C(C2CC2)C1=N,1.0450518
CN1CC=C(C2CC2)C1=O,1.103771
NN1CC=C(C2CC2)C1=O,1.3406588
ON1CC=C(C2CC2)C1=O,1.5129641
CC1CC=C(C2CN2)C1=C,0.73755074
NC1CC=C(C2CN2)C1=C,0.9129732
OC1CC=C(C2CN2)C1=C,1.0143238
CC1CC=C(C2CN2)C1=O,1.3448092
OC1CC=C(C2CN2)C1=O,1.6305252
CC1OC=C(C2CN2)C1=C,0.7719276
CC1NN=C(C2CN2)C1=C,0.9298394
CC1ON=C(C2CN2)C1=C,1.10632
CN1CC=C(C2CN2)C1=N,0.84744567
NN1CC=C(C2CN2)C1=N,1.1935033
ON1CC=C(C2CN2)C1=N,1.4876794
CN1CC=C(C2CN2)C1=O,1.0411757
NN1CC=C(C2CN2)C1=O,1.3411037
ON1CC=C(C2CN2)C1=O,1.4134587
CC1CC=C(C2CO2)C1=C,1.235225
NC1CC=C(C2CO2)C1=C,1.2088186
OC1CC=C(C2CO2)C1=C,1.2249378
CC1CC=C(C2CO2)C1=O,1.6196418
OC1CC=C(C2CO2)C1=O,2.0188253
CC1OC=C(C2CO2)C1=C,1.0004821
CC1NN=C(C2CO2)C1=C,1.0962483
CC1ON=C(C2CO2)C1=C,1.4838476
CN1CC=C(C2CO2)C1=N,0.9753622
NN1CC=C(C2CO2)C1=N,1.3144819
ON1CC=C(C2CO2)C1=N,1.4920973
CN1CC=C(C2CO2)C1=O,1.2887466
NN1CC=C(C2CO2)C1=O,1.684562
ON1CC=C(C2CO2)C1=O,1.7945989
CC1CN=C(N2CC2)C1=C,0.80336964
NC1CN=C(N2CC2)C1=C,0.8633926
OC1CN=C(N2CC2)C1=C,1.0809635
CC1NN=C(N2CC2)C1=C,0.78531927
CC1ON=C(N2CC2)C1=C,1.0704153
C=C1CC=C(C2CC2)C1=C,1.0882831
C=C1C(=O)CC=C1C2CC2,1.7733312
C=C1CC=C(C2CC2)C1=O,1.5565107
O=C1CC=C(C2CC2)C1=O,1.542305
C=C1C(=N)NC=C1C2CC2,1.0570533
C=C1C(=O)NC=C1C2CC2,1.3361467
N=C1NC=C(C2CC2)C1=O,1.4384288
O=C1NC=C(C2CC2)C1=O,1.7369243
C=C1C(=O)OC=C1C2CC2,1.2530669
C=C1OC=C(C2CC2)C1=O,1.326345
O=C1OC=C(C2CC2)C1=O,1.337397
C=C1C(=N)NN=C1C2CC2,1.1336942
C=C1C(=O)NN=C1C2CC2,1.5047194
C=C1C(=O)ON=C1C2CC2,1.908419
C=C1CC=C(C2CN2)C1=C,1.0794151
C=C1C(=O)CC=C1C2CN2,1.7748783
C=C1CC=C(C2CN2)C1=O,1.691316
O=C1CC=C(C2CN2)C1=O,1.6916444
C=C1C(=N)NC=C1C2CN2,0.9486913
C=C1C(=O)NC=C1C2CN2,1.1999031
N=C1NC=C(C2CN2)C1=O,1.5499347
O=C1NC=C(C2CN2)C1=O,1.8638262
C=C1C(=O)OC=C1C2CN2,1.364236
C=C1OC=C(C2CN2)C1=O,1.4285733
O=C1OC=C(C2CN2)C1=O,1.6125692
C=C1C(=N)NN=C1C2CN2,1.2190982
C=C1C(=O)NN=C1C2CN2,1.5279905
C=C1C(=O)ON=C1C2CN2,1.9633077
C=C1CC=C(C2CO2)C1=C,1.3207308
C=C1C(=O)CC=C1C2CO2,2.1157644
C=C1CC=C(C2CO2)C1=O,2.0741262
O=C1CC=C(C2CO2)C1=O,2.0408611
C=C1C(=N)NC=C1C2CO2,1.0533729
C=C1C(=O)NC=C1C2CO2,1.4254249
N=C1NC=C(C2CO2)C1=O,1.7495393
O=C1NC=C(C2CO2)C1=O,2.3964427
C=C1C(=O)OC=C1C2CO2,1.785643
C=C1OC=C(C2CO2)C1=O,1.5411178
O=C1OC=C(C2CO2)C1=O,1.9604324
C=C1C(=N)NN=C1C2CO2,1.4914045
C=C1C(=O)NN=C1C2CO2,1.7836179
C=C1C(=O)ON=C1C2CO2,2.4686093
C=C1CN=C(N2CC2)C1=C,1.0647789
C=C1C(=O)CN=C1N2CC2,2.1961966
C=C1CN=C(N2CC2)C1=O,1.5545886
C=C1C(=N)NN=C1N2CC2,1.3175671
C=C1C(=O)NN=C1N2CC2,1.5907747
C=C1C(=O)ON=C1N2CC2,1.8710376
CC1C(C)=CC=C1C2CC2,0.77176136
CC1=CC=C(C2CC2)C1N,0.9069473
CC1=CC=C(C2CC2)C1O,0.9068855
CC1C(C)=CC=C1C2CN2,0.70035017
CC1=CC=C(C2CN2)C1N,1.0473038
CC1=CC=C(C2CN2)C1O,1.0027477
CC1C(C)=CC=C1C2CO2,0.9429302
CC1=CC=C(C2CO2)C1N,1.2520916
CC1=CC=C(C2CO2)C1O,1.1921502
CC1=CC=C(C2CC2)C1=C,1.1042682
CC1=CC=C(C2CC2)C1=O,1.465305
CC1=NC=C(C2CC2)C1=O,1.8283776
CC1=CN=C(C2CC2)C1=O,1.6485305
CC1=NN=C(C2CC2)C1=C,1.4412034
CC1=CC=C(C2CN2)C1=C,1.0271183
CC1=CC=C(C2CN2)C1=O,1.658478
CC1=NC=C(C2CN2)C1=O,1.8780998
CC1=CN=C(C2CN2)C1=O,1.7079117
CC1=NN=C(C2CN2)C1=C,1.6702139
CC1=CC=C(C2CO2)C1=C,1.455716
CC1=CC=C(C2CO2)C1=O,2.0373316
CC1=NC=C(C2CO2)C1=O,2.2606308
CC1=CN=C(C2CO2)C1=O,1.9864222
CC1=NN=C(C2CO2)C1=C,2.260488
CC1=CN=C(N2CC2)C1=O,1.5351754
CC1=NN=C(N2CC2)C1=C,1.4349824
CC1=C(C)C(CC1)C2CC2,0.5102478
CC1=C(C)C(CO1)C2CC2,0.7116835
CC1=C(C)C(NC1)C2CC2,0.60353714
CC1=C(C)C(OC1)C2CC2,0.504765
CC1=C(C)C(CC1)C2CN2,0.5391834
CC1=C(C)C(CO1)C2CN2,0.7409572
CC1=C(C)C(NC1)C2CN2,0.64274585
CC1=C(C)C(OC1)C2CN2,0.47158036
CC1=C(C)C(CC1)C2CO2,0.5425414
CC1=C(C)C(CO1)C2CO2,0.63359505
CC1=C(C)C(NC1)C2CO2,0.5548816
CC1=C(C)C(OC1)C2CO2,0.5881934
CC1=C(C)C(CC1)N2CC2,0.47182375
CC1=C(C)C(CO1)N2CC2,0.7995052
CC1=C(C)C(C=C1)C2CC2,0.8834643
CC1=C(C)C(C=C1)C2CN2,0.74901354
CC1=C(C)C(C=C1)C2CO2,0.9096454
CC1=C(C)C(C=C1)N2CC2,0.8534397
CC1=C(C)C(=CC1)C2CC2,0.83567286
CC1=C(C)C(=CC1)C2CN2,0.7266489
CC1=C(C)C(=CC1)C2CO2,0.933264
CC1=C(C)C(=NC1)N2CC2,1.0961658
CC1=C(N)CN=C1N2CC2,0.9141321
CC1CCC(C2CC2)=C1C,0.50581354
CC1=C(CCC1N)C2CC2,0.43104255
CC1=C(CCC1O)C2CC2,0.6019119
CC1NCC(C2CC2)=C1C,0.39684254
CC1OCC(C2CC2)=C1C,0.6309722
CC1COC(C2CC2)=C1C,0.46289954
CC1=C(OCC1N)C2CC2,0.4307311
CC1=C(OCC1O)C2CC2,0.69174844
CC1CCC(C2CN2)=C1C,0.4863341
CC1=C(CCC1N)C2CN2,0.5346861
CC1=C(CCC1O)C2CN2,0.54421926
CC1NCC(C2CN2)=C1C,0.4982966
CC1OCC(C2CN2)=C1C,0.4766929
CC1COC(C2CN2)=C1C,0.51755
CC1=C(OCC1N)C2CN2,0.5591258
CC1=C(OCC1O)C2CN2,0.4538785
CC1CCC(C2CO2)=C1C,0.66038436
CC1=C(CCC1N)C2CO2,0.60007375
CC1=C(CCC1O)C2CO2,0.7005073
CC1NCC(C2CO2)=C1C,0.72592545
CC1OCC(C2CO2)=C1C,0.8364798
CC1COC(C2CO2)=C1C,0.8546168
CC1=C(OCC1N)C2CO2,0.57361794
CC1=C(OCC1O)C2CO2,0.68161726
CC1=C(CCC1=C)C2CC2,0.5936381
CC1=C(CCC1=O)C2CC2,1.2285019
CC1=C(CNC1=N)C2CC2,0.5949639
CC1=C(CNC1=O)C2CC2,0.7324654
CC1=C(COC1=C)C2CC2,0.5865531
CC1=C(COC1=O)C2CC2,1.3924931
CC1=C(OCC1=C)C2CC2,0.5587554
CC1=C(CCC1=C)C2CN2,0.6579543
CC1=C(CCC1=O)C2CN2,1.168417
CC1=C(CNC1=N)C2CN2,0.7728486
CC1=C(CNC1=O)C2CN2,0.70274484
CC1=C(COC1=C)C2CN2,0.7006172
CC1=C(COC1=O)C2CN2,0.9791153
CC1=C(OCC1=C)C2CN2,0.31585777
CC1=C(CCC1=C)C2CO2,0.8915617
CC1=C(CCC1=O)C2CO2,1.5916929
CC1=C(CNC1=N)C2CO2,0.83534837
CC1=C(CNC1=O)C2CO2,0.889317
CC1=C(COC1=C)C2CO2,0.8243213
CC1=C(COC1=O)C2CO2,1.3307573
CC1=C(OCC1=C)C2CO2,0.67879
CC1=C(CCC1=O)N2CC2,1.0422996
CC1=C(CNC1=N)N2CC2,0.61870325
CC1=C(CNC1=O)N2CC2,0.79361033
CC1=C(COC1=O)N2CC2,0.8860891
CC1C=CC(C2CC2)=C1C,0.7190101
CC1=C(C=CC1N)C2CC2,0.6678089
CC1=C(C=CC1O)C2CC2,1.1061724
CC1C=CC(C2CN2)=C1C,0.74258274
CC1=C(C=CC1N)C2CN2,1.0119988
CC1=C(C=CC1O)C2CN2,1.1140786
CC1C=CC(C2CO2)=C1C,1.1592374
CC1=C(C=CC1N)C2CO2,1.0336554
CC1=C(C=CC1O)C2CO2,1.0159065
CC1=C(C=CC1=C)C2CC2,1.0050955
CC1=C(C=CC1=O)C2CC2,1.7753583
CC1=C(C=NC1=N)C2CC2,1.3475293
CC1=C(C=NC1=O)C2CC2,1.765535
N=C1NC=C(C2CC2)C1=N,1.3561434
N=C1C(=O)NC=C1C2CC2,1.4095074
CC1=C(N=CC1=O)C2CC2,1.9095197
CC1=C(C=CC1=C)C2CN2,0.78932536
CC1=C(C=CC1=O)C2CN2,1.8281938
CC1=C(C=NC1=N)C2CN2,1.5696638
CC1=C(C=NC1=O)C2CN2,1.9313096
N=C1NC=C(C2CN2)C1=N,1.6124552
N=C1C(=O)NC=C1C2CN2,1.2927467
CC1=C(N=CC1=O)C2CN2,1.9161144
CC1=C(C=CC1=C)C2CO2,1.0914915
CC1=C(C=CC1=O)C2CO2,2.2616901
CC1=C(C=NC1=N)C2CO2,1.8941846
CC1=C(C=NC1=O)C2CO2,2.1780086
N=C1NC=C(C2CO2)C1=N,1.5494081
N=C1C(=O)NC=C1C2CO2,1.5437193
CC1=C(N=CC1=O)C2CO2,2.264472
CC1=C(C=CC1=O)N2CC2,1.5851767
CC1=C(C=NC1=N)N2CC2,1.1651934
CC1=C(C=NC1=O)N2CC2,1.8311036
N=C1NC=C(N2CC2)C1=N,1.4436682
N=C1C(=O)NC=C1N2CC2,1.3813869
CC1=C(N=CC1=O)N2CC2,1.7607341
CC1=CCC(C2CC2)=C1C,0.6389085
CC1=CCC(C2CN2)=C1C,0.5763976
CC1=CCC(C2CO2)=C1C,0.8355428
C=C1CCC2(CC12)C3CC3,0.6306823
C=C1OCC2(CC12)C3CC3,0.6975616
C=C1CNC2(CC12)C3CC3,0.6329205
C=C1COC2(CC12)C3CC3,0.7343161
C=C1CCC2(CC12)C3CN3,0.65770316
C=C1OCC2(CC12)C3CN3,0.68741405
C=C1CNC2(CC12)C3CN3,0.647703
C=C1COC2(CC12)C3CN3,0.8141836
C=C1CCC2(CC12)C3CO3,0.5500434
C=C1OCC2(CC12)C3CO3,0.73448265
C=C1CNC2(CC12)C3CO3,0.57280815
C=C1COC2(CC12)C3CO3,0.76850694
C=C1CCC2(NC12)C3CC3,0.5627244
C=C1OCC2(NC12)C3CC3,0.93148935
C=C1CCC2(NC12)C3CN3,0.6305053
C=C1OCC2(NC12)C3CN3,0.7416108
C=C1CCC2(NC12)C3CO3,0.49664542
C=C1OCC2(NC12)C3CO3,0.67217165
C=C1CCC2(OC12)C3CC3,0.81893116
C=C1OCC2(OC12)C3CC3,0.9380702
C=C1CCC2(OC12)C3CN3,0.95098937
C=C1OCC2(OC12)C3CN3,1.0652895
C=C1CCC2(OC12)C3CO3,0.8049928
C=C1OCC2(OC12)C3CO3,1.080479
C=C1CCC2(CC12)N3CC3,0.6447741
C=C1OCC2(CC12)N3CC3,0.6691954
CC1C=CC2(CC12)C3CC3,0.71211886
NC1C=CC2(CC12)C3CC3,0.7963048
OC1C=CC2(CC12)C3CC3,0.83095926
CC1C=CC2(CC12)C3CN3,0.78971225
NC1C=CC2(CC12)C3CN3,0.8753159
OC1C=CC2(CC12)C3CN3,0.89044124
CC1C=CC2(CC12)C3CO3,0.717031
NC1C=CC2(CC12)C3CO3,0.85367656
OC1C=CC2(CC12)C3CO3,1.0489465
CC1C=CC2(NC12)C3CC3,0.6455014
NC1C=CC2(NC12)C3CC3,0.7514026
OC1C=CC2(NC12)C3CC3,0.7960613
CC1C=CC2(NC12)C3CN3,0.729233
NC1C=CC2(NC12)C3CN3,0.88277787
OC1C=CC2(NC12)C3CN3,0.71480006
CC1C=CC2(NC12)C3CO3,0.6891553
NC1C=CC2(NC12)C3CO3,0.8222697
OC1C=CC2(NC12)C3CO3,0.6900772
CC1C=CC2(OC12)C3CC3,1.058032
NC1C=CC2(OC12)C3CC3,1.0383908
OC1C=CC2(OC12)C3CC3,0.9656392
CC1C=CC2(OC12)C3CN3,0.9199405
NC1C=CC2(OC12)C3CN3,0.96394813
OC1C=CC2(OC12)C3CN3,1.0630903
CC1C=CC2(OC12)C3CO3,0.94658387
NC1C=CC2(OC12)C3CO3,1.0580157
OC1C=CC2(OC12)C3CO3,1.1987165
CC1C=CC2(CC12)N3CC3,0.77638304
NC1C=CC2(CC12)N3CC3,0.70679706
OC1C=CC2(CC12)N3CC3,0.6787729
CC1C=CC2(CN12)C3CC3,0.7289236
CC1C=CC2(CN12)C3CN3,0.8066618
CC1C=CC2(CN12)C3CO3,0.87054235
C=C1C=CC2(CC12)C3CC3,0.97479546
O=C1C=CC2(CC12)C3CC3,1.3181684
C=C1C=CC2(CC12)C3CN3,1.0093514
O=C1C=CC2(CC12)C3CN3,1.3577893
C=C1C=CC2(CC12)C3CO3,1.1997997
O=C1C=CC2(CC12)C3CO3,1.460807
C=C1C=CC2(NC12)C3CC3,0.90855104
O=C1C=CC2(NC12)C3CC3,1.0922045
C=C1C=CC2(NC12)C3CN3,0.9790196
O=C1C=CC2(NC12)C3CN3,1.2451856
C=C1C=CC2(NC12)C3CO3,0.85495466
O=C1C=CC2(NC12)C3CO3,1.498199
C=C1C=CC2(OC12)C3CC3,1.0570741
O=C1C=CC2(OC12)C3CC3,1.5708202
C=C1C=CC2(OC12)C3CN3,1.3763163
O=C1C=CC2(OC12)C3CN3,1.644823
C=C1C=CC2(OC12)C3CO3,1.5255265
O=C1C=CC2(OC12)C3CO3,1.7049271
C=C1C=CC2(CC12)N3CC3,0.9103168
O=C1C=CC2(CC12)N3CC3,1.2766416
N=C1C=CC2(CN12)C3CC3,0.8700061
O=C1C=CC2(CN12)C3CC3,0.86252695
N=C1C=CC2(CN12)C3CN3,0.9955832
O=C1C=CC2(CN12)C3CN3,0.72541326
N=C1C=CC2(CN12)C3CO3,1.0331963
O=C1C=CC2(CN12)C3CO3,1.0691894
C1CC1C23CCC(C2)C=C3,0.66488475
C1CC1C23CNC(C2)C=C3,0.48698044
C1CC1C23COC(C2)C=C3,0.79881966
C1CC1C23CC(CN2)C=C3,0.44421443
C1CC1C23CC(CO2)C=C3,0.65265095
C1CC1C23CCC(N2)C=C3,0.46435392
C1CC1C23CCC(O2)C=C3,0.8338984
C1CC1C23COC(O2)C=C3,0.9403751
C1CC1C23OCC(O2)C=C3,0.77817416
C1CC2(CC1C=C2)C3CN3,0.66117424
C1NC1C23CNC(C2)C=C3,0.66919553
C1NC1C23COC(C2)C=C3,0.9957524
C1NC1C23CC(CN2)C=C3,0.60750735
C1NC1C23CC(CO2)C=C3,0.84871674
C1CC2(NC1C=C2)C3CN3,0.7199456
C1CC2(OC1C=C2)C3CN3,0.642149
C1NC1C23COC(O2)C=C3,1.0846059
C1NC1C23OCC(O2)C=C3,0.9658694
C1CC2(CC1C=C2)C3CO3,0.61881894
C1NC2CC1(C=C2)C3CO3,0.42344874
C1OC1C23COC(C2)C=C3,1.1386366
C1NC2(CC1C=C2)C3CO3,0.5012264
C1OC1C23CC(CO2)C=C3,0.8133536
C1CC2(NC1C=C2)C3CO3,0.66978097
C1CC2(OC1C=C2)C3CO3,0.4064947
C1OC1C23COC(O2)C=C3,1.2738489
C1OC1C23OCC(O2)C=C3,1.3059325
C1CC2(CC1C=C2)N3CC3,0.76347786
C1CN1C23CNC(C2)C=C3,0.71606886
C1CN1C23COC(C2)C=C3,1.0477171
C1CC1C23CC(C=C2)C=C3,0.87452734
C1CC1C23NC(C=C2)C=C3,1.0999218
C1CC1C23OC(C=C2)C=C3,1.128451
C1NC1C23CC(C=C2)C=C3,0.98574996
C1NC1C23NC(C=C2)C=C3,0.7592633
C1NC1C23OC(C=C2)C=C3,1.2714239
C1OC1C23CC(C=C2)C=C3,0.96062523
C1OC1C23NC(C=C2)C=C3,1.0946475
C1OC1C23OC(C=C2)C=C3,1.3849875
C1CN1C23CC(C=C2)C=C3,0.9952476
CC1(C=C)C2CC2C3CC13,0.62270075
NC1(C=C)C2CC2C3CC13,0.6657393
OC1(C=C)C2CC2C3CC13,0.42748716
CC1(C=C)C2CC2C3NC13,0.61079913
NC1(C=C)C2CC2C3NC13,0.5942025
OC1(C=C)C2CC2C3NC13,0.47662213
CC1(C=C)C2CC2C3OC13,0.5058091
NC1(C=C)C2CC2C3OC13,0.5125435
OC1(C=C)C2CC2C3OC13,0.57757527
CC1(C=C)C2NC2C3NC13,0.55932015
NC1(C=C)C2NC2C3NC13,0.5650408
OC1(C=C)C2NC2C3NC13,0.55691576
CC1(C=C)C2NC2C3OC13,0.4721094
NC1(C=C)C2NC2C3OC13,0.6264686
OC1(C=C)C2NC2C3OC13,0.638404
CC1(C=C)C2OC2C3OC13,0.7661611
NC1(C=C)C2OC2C3OC13,0.80729663
OC1(C=C)C2OC2C3OC13,0.8542927
CC1(C=C)C2CC2C3CN13,0.3167694
CC1(C=C)C2NC2C3CN13,0.3324845
CC1(C=C)C2OC2C3CN13,0.50446784
CC1(C=C)C2CC2N3CC13,0.49604914
NC1(C=C)C2CC2N3CC13,0.52521497
OC1(C=C)C2CC2N3CC13,0.46978888
CC(C1CC1)C2CC2C=C,0.73917294
NC(C1CC1)C2CC2C=C,0.78492445
OC(C1CC1)C2CC2C=C,0.58249646
CN(C1CC1)C2CC2C=C,0.6654267
CC(C1CN1)C2CC2C=C,0.5838522
NC(C1CN1)C2CC2C=C,0.54575
OC(C1CN1)C2CC2C=C,0.53613436
CC(C1CO1)C2CC2C=C,0.8509417
NC(C1CO1)C2CC2C=C,0.7609645
OC(C1CO1)C2CC2C=C,0.75798386
CC(C1CC1)C2NC2C=C,0.60463876
NC(C1CC1)C2NC2C=C,0.63658786
OC(C1CC1)C2NC2C=C,0.6619932
CC(C1CN1)C2NC2C=C,0.5613843
NC(C1CN1)C2NC2C=C,0.6506901
OC(C1CN1)C2NC2C=C,0.8830784
CC(C1CO1)C2NC2C=C,1.0175314
NC(C1CO1)C2NC2C=C,1.024162
OC(C1CO1)C2NC2C=C,0.9328218
CC(C1CC1)C2OC2C=C,0.9930632
NC(C1CC1)C2OC2C=C,0.8044204
OC(C1CC1)C2OC2C=C,1.0796093
CC(C1CN1)C2OC2C=C,1.0029643
NC(C1CN1)C2OC2C=C,1.0713248
OC(C1CN1)C2OC2C=C,1.1396359
CC(C1CO1)C2OC2C=C,1.2126808
NC(C1CO1)C2OC2C=C,1.1588395
OC(C1CO1)C2OC2C=C,0.9691986
CC(C1CC1C=C)N2CC2,0.65937287
CC(C1NC1C=C)N2CC2,0.60163164
CC(C1OC1C=C)N2CC2,0.78857136
CC(C1CC1)N2CC2C=C,0.59016836
CC(C1CN1)N2CC2C=C,0.50145334
CC(C1CO1)N2CC2C=C,0.67849886
CCC1CC1C(=C)C2CC2,0.78354603
NCC1CC1C(=C)C2CC2,0.58404195
OCC1CC1C(=C)C2CC2,0.49059162
CNC1CC1C(=C)C2CC2,0.47869954
COC1CC1C(=C)C2CC2,0.51875377
CCC1CC1C(=C)C2CN2,0.7067311
NCC1CC1C(=C)C2CN2,0.6822193
OCC1CC1C(=C)C2CN2,0.43807772
CNC1CC1C(=C)C2CN2,0.620711
COC1CC1C(=C)C2CN2,0.5265222
CCC1CC1C(=C)C2CO2,0.89814085
NCC1CC1C(=C)C2CO2,0.85386705
OCC1CC1C(=C)C2CO2,0.85849106
CNC1CC1C(=C)C2CO2,0.7168536
COC1CC1C(=C)C2CO2,0.8723896
CCC1NC1C(=C)C2CC2,0.74120957
NCC1NC1C(=C)C2CC2,0.5635068
OCC1NC1C(=C)C2CC2,0.66653335
CCC1NC1C(=C)C2CN2,0.8831188
NCC1NC1C(=C)C2CN2,0.69151354
OCC1NC1C(=C)C2CN2,0.7718623
CCC1NC1C(=C)C2CO2,0.96033394
NCC1NC1C(=C)C2CO2,0.7601854
OCC1NC1C(=C)C2CO2,0.6580526
CCC1OC1C(=C)C2CC2,0.8680421
NCC1OC1C(=C)C2CC2,0.8327594
OCC1OC1C(=C)C2CC2,0.77219546
CCC1OC1C(=C)C2CN2,0.80474603
NCC1OC1C(=C)C2CN2,0.96637106
OCC1OC1C(=C)C2CN2,1.0053314
CCC1OC1C(=C)C2CO2,1.0517097
NCC1OC1C(=C)C2CO2,1.2281092
OCC1OC1C(=C)C2CO2,0.89433175
CCN1CC1C(=C)C2CC2,0.7122559
CCN1CC1C(=C)C2CN2,0.81210834
CCN1CC1C(=C)C2CO2,0.8697065
C=CC1CC1C(=C)C2CC2,0.57401305
C=C(C1CC1)C2CC2C=O,1.16055
C=C(C1CC1)C2CC2C#N,0.83919555
C=CC1CC1C(=O)C2CC2,1.07813
C=CC1CC1C(=C)C2CN2,0.7022906
C=C(C1CN1)C2CC2C=O,1.0759249
C=C(C1CN1)C2CC2C#N,0.78873456
C=CC1CC1C(=O)C2CN2,1.1197857
C=CC1CC1C(=C)C2CO2,1.1015626
C=C(C1CO1)C2CC2C=O,1.3042908
C=C(C1CO1)C2CC2C#N,1.0660061
C=CC1CC1C(=O)C2CO2,1.3585263
C=CC1NC1C(=C)C2CC2,0.66456217
C=C(C1CC1)C2NC2C=O,1.1578212
C=C(C1CC1)C2NC2C#N,1.0067052
C=CC1NC1C(=O)C2CC2,1.0885278
C=CC1NC1C(=C)C2CN2,0.9188763
C=C(C1CN1)C2NC2C=O,1.2884035
C=C(C1CN1)C2NC2C#N,1.0900953
C=CC1NC1C(=O)C2CN2,1.1739336
C=CC1NC1C(=C)C2CO2,1.0780143
C=C(C1CO1)C2NC2C=O,1.4718366
C=C(C1CO1)C2NC2C#N,1.3267143
C=CC1NC1C(=O)C2CO2,1.4089178
C=CC1OC1C(=C)C2CC2,0.8867097
C=C(C1CC1)C2OC2C=O,1.7457689
C=C(C1CC1)C2OC2C#N,1.3876381
C=CC1OC1C(=O)C2CC2,1.4136509
C=CC1OC1C(=C)C2CN2,1.1066414
C=C(C1CN1)C2OC2C=O,1.7299244
C=C(C1CN1)C2OC2C#N,1.4344584
C=CC1OC1C(=O)C2CN2,1.1951972
C=CC1OC1C(=C)C2CO2,1.23002
C=C(C1CO1)C2OC2C=O,1.9146737
C=C(C1CO1)C2OC2C#N,1.5425626
C=CC1OC1C(=O)C2CO2,1.6572015
C=CC1CC1C(=N)N2CC2,0.7320535
C=CC1CC1C(=O)N2CC2,0.7697007
C=CC1NC1C(=N)N2CC2,0.8064005
C=CC1NC1C(=O)N2CC2,0.9673958
C=CC1OC1C(=N)N2CC2,0.9342453
C=CC1OC1C(=O)N2CC2,1.2244292
C=C(C1CC1)C2CN2C=N,0.9310317
C=C(C1CC1)C2CN2C=O,0.8134383
C=NN1CC1C(=C)C2CC2,0.90258074
C=C(C1CN1)C2CN2C=N,0.99299026
C=C(C1CN1)C2CN2C=O,1.0379118
C=NN1CC1C(=C)C2CN2,1.0757935
C=C(C1CO1)C2CN2C=N,1.1123528
C=C(C1CO1)C2CN2C=O,1.2009437
C=NN1CC1C(=C)C2CO2,1.2769406
C=CC1CN1C(=N)C2CC2,0.6511363
C=CC1CN1C(=O)C2CC2,0.93690515
C=CC1CN1C(=N)C2CN2,0.709108
C=CC1CN1C(=O)C2CN2,0.9117665
C=CC1CN1C(=N)C2CO2,0.7979961
C=CC1CN1C(=O)C2CO2,1.2366191
C=CC1CN1C(=N)N2CC2,0.6024046
C=CC1CN1C(=O)N2CC2,0.79550743
C=C(C1CC1)C2CC2C#C,0.68152106
C=C(C1CN1)C2CC2C#C,0.4826173
C=C(C1CO1)C2CC2C#C,0.78562033
C=C(C1CC1)C2NC2C#C,0.8066311
C=C(C1CN1)C2NC2C#C,0.8999579
C=C(C1CO1)C2NC2C#C,0.8969106
C=C(C1CC1)C2OC2C#C,1.0463783
C=C(C1CN1)C2OC2C#C,1.1136155
C=C(C1CO1)C2OC2C#C,1.1496755
CC(C1CC1)C(=C)C2CC2,0.7171157
NC(C1CC1)C(=C)C2CC2,0.6388686
OC(C1CC1)C(=C)C2CC2,0.61689734
CC(C1CC1)C(=C)C2CN2,0.66432476
NC(C1CC1)C(=C)C2CN2,0.52385426
OC(C1CC1)C(=C)C2CN2,0.5822198
CC(C1CC1)C(=C)C2CO2,0.8438882
NC(C1CC1)C(=C)C2CO2,0.77219075
OC(C1CC1)C(=C)C2CO2,0.83745867
CC(C1CN1)C(=C)C2CC2,0.6689738
NC(C1CN1)C(=C)C2CC2,0.46335134
OC(C1CN1)C(=C)C2CC2,0.55636716
CC(C1CN1)C(=C)C2CN2,0.64510834
NC(C1CN1)C(=C)C2CN2,0.39824745
OC(C1CN1)C(=C)C2CN2,0.73931736
CC(C1CN1)C(=C)C2CO2,0.67560166
NC(C1CN1)C(=C)C2CO2,0.7648345
OC(C1CN1)C(=C)C2CO2,0.72804636
CC(C1CO1)C(=C)C2CC2,0.62475955
NC(C1CO1)C(=C)C2CC2,0.7470977
OC(C1CO1)C(=C)C2CC2,0.6713023
CC(C1CO1)C(=C)C2CN2,0.43296
NC(C1CO1)C(=C)C2CN2,0.5572394
OC(C1CO1)C(=C)C2CN2,0.8842086
CC(C1CO1)C(=C)C2CO2,1.0253334
NC(C1CO1)C(=C)C2CO2,0.9638078
OC(C1CO1)C(=C)C2CO2,0.93779594
CC(N1CC1)C(=C)C2CC2,0.5709484
CC(N1CC1)C(=C)C2CN2,0.6551205
CC(N1CC1)C(=C)C2CO2,0.5797868
C=C(C1CC1)C(=C)C2CC2,0.6997888
C=C(C1CC1)C(=O)C2CC2,1.3757316
C=C(C1CC1)C(=C)C2CN2,0.7453802
C=C(C1CC1)C(=O)C2CN2,1.5187696
C=C(C1CN1)C(=O)C2CC2,1.2756025
C=C(C1CC1)C(=C)C2CO2,0.97135305
C=C(C1CC1)C(=O)C2CO2,1.8344194
C=C(C1CO1)C(=O)C2CC2,1.5456078
C=C(C1CN1)C(=C)C2CN2,0.8475355
C=C(C1CN1)C(=O)C2CN2,1.2506756
C=C(C1CN1)C(=C)C2CO2,1.0844159
C=C(C1CN1)C(=O)C2CO2,1.8197106
C=C(C1CO1)C(=O)C2CN2,1.7587366
C=C(C1CO1)C(=C)C2CO2,1.2104682
C=C(C1CO1)C(=O)C2CO2,2.0149481
C=C(C1CC1)C(=N)N2CC2,0.84587324
C=C(C1CC1)C(=O)N2CC2,1.1229987
C=C(C1CN1)C(=N)N2CC2,0.8931212
C=C(C1CN1)C(=O)N2CC2,1.1613795
C=C(C1CO1)C(=N)N2CC2,1.1845365
C=C(C1CO1)C(=O)N2CC2,1.476302
CC(C1CC1)=C(C)C2CC2,0.54526037
CC(C1CC1)=C(C)C2CN2,0.45582896
CC(C1CC1)=C(C)C2CO2,0.49310547
CC(C1CN1)=C(C)C2CN2,0.28565362
CC(C1CN1)=C(C)C2CO2,0.43858117
CC(C1CO1)=C(C)C2CO2,0.37103936
CC1(C=CC2CC12)C3CC3,0.9528245
NC1(C=CC2CC12)C3CC3,0.9786823
OC1(C=CC2CC12)C3CC3,0.96641976
CC1(C=CC2CC12)C3CN3,1.0767874
NC1(C=CC2CC12)C3CN3,1.161584
OC1(C=CC2CC12)C3CN3,0.91950494
CC1(C=CC2CC12)C3CO3,0.88915193
NC1(C=CC2CC12)C3CO3,1.0261617
OC1(C=CC2CC12)C3CO3,1.1591622
CC1(C=CC2NC12)C3CC3,0.8325071
NC1(C=CC2NC12)C3CC3,0.94155407
OC1(C=CC2NC12)C3CC3,1.1114285
CC1(C=CC2NC12)C3CN3,0.82026005
NC1(C=CC2NC12)C3CN3,0.9989974
OC1(C=CC2NC12)C3CN3,0.895683
CC1(C=CC2NC12)C3CO3,0.81479484
NC1(C=CC2NC12)C3CO3,1.007569
OC1(C=CC2NC12)C3CO3,1.0355302
CC1(C=CC2OC12)C3CC3,0.95283675
NC1(C=CC2OC12)C3CC3,1.1359324
OC1(C=CC2OC12)C3CC3,1.3121696
CC1(C=CC2OC12)C3CN3,1.0010698
NC1(C=CC2OC12)C3CN3,1.0798846
OC1(C=CC2OC12)C3CN3,1.3021218
CC1(C=CC2OC12)C3CO3,0.8762913
NC1(C=CC2OC12)C3CO3,0.8963969
OC1(C=CC2OC12)C3CO3,1.2398046
CC1(C=CC2CC12)N3CC3,0.8182664
CC1(C=CC2NC12)N3CC3,0.897908
CC1(C=CC2OC12)N3CC3,0.92052794
CC1(C=CC2CN12)C3CC3,0.75237906
CC1(C=CC2CN12)C3CN3,0.6981944
CC1(C=CC2CN12)C3CO3,0.85012126
CC1CC1C(C=C)C2CC2,0.7333979
NC1CC1C(C=C)C2CC2,0.77776724
OC1CC1C(C=C)C2CC2,0.7597167
CC1CC1C(C=C)C2CN2,0.7931302
NC1CC1C(C=C)C2CN2,0.89770126
OC1CC1C(C=C)C2CN2,0.87707794
CC1CC1C(C=C)C2CO2,0.76727796
NC1CC1C(C=C)C2CO2,0.8458627
OC1CC1C(C=C)C2CO2,0.97832865
CC1NC1C(C=C)C2CC2,0.6990201
CC1NC1C(C=C)C2CN2,0.8322828
CC1NC1C(C=C)C2CO2,0.75098884
CC1OC1C(C=C)C2CC2,0.737689
CC1OC1C(C=C)C2CN2,0.6262535
CC1OC1C(C=C)C2CO2,0.77978617
CN1CC1C(C=C)C2CC2,0.68242174
CN1CC1C(C=C)C2CN2,0.77765536
CN1CC1C(C=C)C2CO2,0.7453692
CC1CC1C(C=C)N2CC2,0.65608454
NC1CC1C(C=C)N2CC2,0.6972852
OC1CC1C(C=C)N2CC2,0.8846396
CC1NC1C(C=C)N2CC2,0.6744581
CC1OC1C(C=C)N2CC2,0.7468637
CN1CC1C(C=C)N2CC2,0.64784133
CC1CN1C(C=C)C2CC2,0.8010418
CC1CN1C(C=C)C2CN2,0.94046193
CC1CN1C(C=C)C2CO2,0.8978771
CC=C(C1CC1)C2CC2C,0.56713825
CC=C(C1CC1)C2CC2N,0.43640807
CC=C(C1CC1)C2CC2O,0.6425002
CC=C(C1CN1)C2CC2C,0.5826611
CC=C(C1CN1)C2CC2N,0.5163643
CC=C(C1CN1)C2CC2O,0.73805815
CC=C(C1CO1)C2CC2C,0.76674837
CC=C(C1CO1)C2CC2N,0.6495012
CC=C(C1CO1)C2CC2O,0.730098
CC=C(C1CC1)C2NC2C,0.6531064
CC=C(C1CN1)C2NC2C,0.7688965
CC=C(C1CO1)C2NC2C,0.8199569
CC=C(C1CC1)C2OC2C,0.90858525
CC=C(C1CN1)C2OC2C,1.0693947
CC=C(C1CO1)C2OC2C,1.0161328
CC=C(C1CC1)C2CN2C,0.5933797
CC=C(C1CN1)C2CN2C,0.57330924
CC=C(C1CO1)C2CN2C,0.8509565
C1CC23CC4C1C2C4C=C3,0.7719544
C1NC2C3CC14C=CC3C24,0.8600831
C1OC2C3CC14C=CC3C24,0.9793521
C1NC23CC4C1C2C4C=C3,0.75662845
C1OC23CC4C1C2C4C=C3,0.8944299
C1CC23NC4C1C2C4C=C3,0.7814492
C1NC2C3NC14C=CC3C24,0.7412344
C1OC2C3NC14C=CC3C24,0.9854647
C1CC23OC4C1C2C4C=C3,1.0185536
C1NC2C3OC14C=CC3C24,1.0080984
C1OC2C3OC14C=CC3C24,1.1215053
C1OC23OC4C1C2C4C=C3,1.0881778
C1CC23CC4C(C=C2)C3N14,0.9615798
C1CC23CN4C1C2C4C=C3,0.78303623
C1NC23CN4C1C2C4C=C3,0.76470464
C1OC23CN4C1C2C4C=C3,0.8650081
C1CC23CC4C1N2C4C=C3,0.7675485
C1C2C3C=CC14C=CC2C34,0.73791564
N1C2C3C=CC14C=CC2C34,1.0080167
O1C2C3C=CC14C=CC2C34,0.92763925
C1N2C3C=CC14C=CC2C34,1.0190725
C1C2C3C=CC14C=CC2N34,1.0881013
CC1C2CC2C(=C)C3CC13,0.6780147
NC1C2CC2C(=C)C3CC13,0.48884892
OC1C2CC2C(=C)C3CC13,0.52135867
CN1C2CC2C(=C)C3CC13,0.44415063
CC1C2CC2C(=C)C3NC13,0.7499754
NC1C2CC2C(=C)C3NC13,0.55747664
OC1C2CC2C(=C)C3NC13,0.7046837
CC1C2CC2C(=C)C3OC13,0.9615309
NC1C2CC2C(=C)C3OC13,0.97221696
OC1C2CC2C(=C)C3OC13,0.94165754
CC1C2NC2C(=C)C3NC13,0.5673064
NC1C2NC2C(=C)C3NC13,0.7708358
OC1C2NC2C(=C)C3NC13,0.7730646
CC1C2NC2C(=C)C3OC13,0.8765317
NC1C2NC2C(=C)C3OC13,0.8035185
OC1C2NC2C(=C)C3OC13,0.9506131
CC1C2OC2C(=C)C3OC13,0.93163466
NC1C2OC2C(=C)C3OC13,1.0973359
OC1C2OC2C(=C)C3OC13,1.0906951
CC1C2CC2C(=C)C3CN13,0.6637268
CC1C2NC2C(=C)C3CN13,0.67742765
CC1C2OC2C(=C)C3CN13,0.9180624
C=C1C2CC2C(=C)C3CC13,0.5875559
C=C1C2CC2C(=O)C3CC13,1.1885085
C=C1C2CC2C(=C)C3NC13,0.84709483
C=C1C2CC2C(=O)C3NC13,1.215352
C=C1C2CC2C(=C)C3OC13,1.0998014
C=C1C2CC2C(=O)C3OC13,1.7848145
C=C1C2NC2C(=C)C3NC13,0.90504205
C=C1C2NC2C(=O)C3NC13,1.2753658
C=C1C2NC2C(=C)C3OC13,1.1179688
C=C1C2NC2C(=O)C3OC13,1.7364649
C=C1C2OC2C(=C)C3OC13,1.2770535
C=C1C2OC2C(=O)C3OC13,1.9441863
C=C1C2CC2C(=N)N3CC13,0.765985
C=C1C2CC2C(=O)N3CC13,1.052581
C=C1C2CN2C(=N)C3NC13,0.9479397
C=C1C2CN2C(=O)C3NC13,1.2724618
C=C1C2CN2C(=N)C3OC13,1.246669
C=C1C2CN2C(=O)C3OC13,1.7356594
C=C1C2CN2C(=N)N3CC13,0.9284469
C=C1C2CN2C(=O)N3CC13,1.0040904
CC1C2CC3C1CC2C3=C,0.6618588
NC1C2CC3C1CC2C3=C,0.7322582
OC1C2CC3C1CC2C3=C,0.68340564
CC1C2CC3C1NC2C3=C,0.60241735
NC1C2CC3C1NC2C3=C,0.7573474
OC1C2CC3C1NC2C3=C,0.8382737
CC1C2CC3C1OC2C3=C,0.81043154
NC1C2CC3C1OC2C3=C,0.8797557
OC1C2CC3C1OC2C3=C,0.806625
CC1C2NC3C1NC2C3=C,0.68650824
NC1C2NC3C1NC2C3=C,0.8552382
OC1C2NC3C1NC2C3=C,0.8308699
CC1C2NC3C1OC2C3=C,0.8006403
NC1C2NC3C1OC2C3=C,0.9720202
OC1C2NC3C1OC2C3=C,0.944015
CC1C2OC3C1OC2C3=C,0.9492638
NC1C2OC3C1OC2C3=C,1.0742272
OC1C2OC3C1OC2C3=C,1.0706545
CN1C2CC3C1CC2C3=C,0.62945306
CC1C2CC3N1CC2C3=C,0.6320659
C=C1C2CC3C1CC2C3=C,0.8047337
C=C1C2CC3C1CC2C3=O,0.884295
C=C1C2CC3C1NC2C3=C,0.8573015
C=C1C2CC3C1NC2C3=O,0.9323444
C=C1C2CC3C1OC2C3=C,0.910027
C=C1C2CC3C1OC2C3=O,1.3429369
C=C1C2NC3C1NC2C3=C,0.82258314
C=C1C2NC3C1NC2C3=O,1.2568294
C=C1C2NC3C1OC2C3=C,1.0597476
C=C1C2NC3C1OC2C3=O,1.3232287
C=C1C2OC3C1OC2C3=C,1.2073728
C=C1C2OC3C1OC2C3=O,1.5421939
CC1C2CC(C3CC23)C1=C,0.59996814
NC1C2CC(C3CC23)C1=C,0.65529734
OC1C2CC(C3CC23)C1=C,0.5518888
CC1C2NC(C3CC23)C1=C,0.49219534
NC1C2NC(C3CC23)C1=C,0.5754035
OC1C2NC(C3CC23)C1=C,0.5084903
CC1C2OC(C3CC23)C1=C,0.6433425
NC1C2OC(C3CC23)C1=C,0.7287369
OC1C2OC(C3CC23)C1=C,0.80824244
CC1N2CC(C3CC23)C1=C,0.63223016
CC1C2CC(C3NC23)C1=C,0.49570557
NC1C2CC(C3NC23)C1=C,0.7097404
OC1C2CC(C3NC23)C1=C,0.6653487
CC1C2NC(C3NC23)C1=C,0.5479948
NC1C2NC(C3NC23)C1=C,0.7243062
OC1C2NC(C3NC23)C1=C,0.7005649
CC1C2OC(C3NC23)C1=C,0.6588429
NC1C2OC(C3NC23)C1=C,0.76632303
OC1C2OC(C3NC23)C1=C,0.9973754
CC1C2CC(C3OC23)C1=C,0.76479053
NC1C2CC(C3OC23)C1=C,0.8476784
OC1C2CC(C3OC23)C1=C,0.9935031
CC1C2NC(C3OC23)C1=C,0.7451754
NC1C2NC(C3OC23)C1=C,0.90659046
OC1C2NC(C3OC23)C1=C,0.93525624
CC1C2OC(C3OC23)C1=C,0.79394853
NC1C2OC(C3OC23)C1=C,0.8822376
OC1C2OC(C3OC23)C1=C,1.2083002
CC1C2CC(N3CC23)C1=C,0.674984
NC1C2CC(N3CC23)C1=C,0.7001721
OC1C2CC(N3CC23)C1=C,0.68957317
CC1C2CC(C3CN23)C1=C,0.5058831
NC1C2CC(C3CN23)C1=C,0.7978879
OC1C2CC(C3CN23)C1=C,0.71732247
C=C1C2CC(C3CC23)C1=C,0.6879652
C=C1C2CC(C3CC23)C1=O,1.2248523
C=C1C2NC(C3CC23)C1=C,0.5557502
C=C1C2NC(C3CC23)C1=O,1.2192725
C=C1C2OC(C3CC23)C1=C,0.8420503
C=C1C2OC(C3CC23)C1=O,1.6590389
C=C1C2CC(C3NC23)C1=C,0.6582212
C=C1C2CC(C3NC23)C1=O,1.0471292
C=C1C2NC(C3NC23)C1=C,0.70726234
C=C1C2NC(C3NC23)C1=O,1.3202826
C=C1C2OC(C3NC23)C1=C,0.97086275
C=C1C2OC(C3NC23)C1=O,1.4637626
C=C1C2CC(C3OC23)C1=C,1.0288244
C=C1C2CC(C3OC23)C1=O,1.4729369
C=C1C2NC(C3OC23)C1=C,0.9731006
C=C1C2NC(C3OC23)C1=O,1.5468239
C=C1C2OC(C3OC23)C1=C,1.1998982
C=C1C2OC(C3OC23)C1=O,1.701527
C=C1C2CC(N3CC23)C1=C,0.7197061
C=C1C2CC(N3CC23)C1=O,1.4364247
C=C1C2CC(C3CN23)C1=O,1.4277676
CC1=C(C)C2CC1C3CC23,0.78131723
CC1=C(C)C2NC1C3CC23,0.4769257
CC1=C(C)C2OC1C3CC23,0.738328
CC1=C(C)C2CC1C3NC23,0.62298924
CC1=C(C)C2NC1C3NC23,0.23780815
CC1=C(C)C2OC1C3NC23,0.42399195
CC1=C(C)C2CC1C3OC23,0.47885978
CC1=C(C)C2NC1C3OC23,0.2777132
CC1=C(C)C2OC1C3OC23,0.45029435
CC1=C(C)C2CC1C3CN23,0.6796314
CC1C2CC3CC2C1C3=C,0.59947646
NC1C2CC3CC2C1C3=C,0.69956726
OC1C2CC3CC2C1C3=C,0.75912476
CC1C2NC3CC2C1C3=C,0.5848115
NC1C2NC3CC2C1C3=C,0.72720504
OC1C2NC3CC2C1C3=C,0.73123586
CC1C2OC3CC2C1C3=C,0.8386941
NC1C2OC3CC2C1C3=C,0.95738614
OC1C2OC3CC2C1C3=C,1.0567378
CC1C2CC3NC2C1C3=C,0.594394
NC1C2CC3NC2C1C3=C,0.824763
OC1C2CC3NC2C1C3=C,0.78278774
CC1C2CC3OC2C1C3=C,0.86628807
NC1C2CC3OC2C1C3=C,0.95177233
OC1C2CC3OC2C1C3=C,1.0178732
CC1C2OC3OC2C1C3=C,1.0876248
NC1C2OC3OC2C1C3=C,1.280667
OC1C2OC3OC2C1C3=C,1.4181359
CN1C2CC3CC2C1C3=C,0.6215477
CN1C2CC3NC2C1C3=C,0.6530868
CN1C2CC3OC2C1C3=C,0.70505357
CC1C2C3CC(CN13)C2=C,0.52426416
CC1C2CC3CN2C1C3=C,0.59177095
NC1C2CC3CN2C1C3=C,0.7141102
OC1C2CC3CN2C1C3=C,0.7417911
C=C1C2CC3C(C2)C(=O)C13,1.0574224
C=C1C2CC3C(N2)C(=O)C13,1.090812
C=C1C2CC3C(O2)C(=O)C13,1.2844802
C=C1C2CC3C(N2)C1C3=O,0.9673225
C=C1C2CC3C(O2)C1C3=O,0.9843656
C=C1C2OC3C(O2)C(=O)C13,1.503704
C=C1C2CC3N(C2)C1C3=O,1.2544198
C=C1C2CC3CCC1C3C2,0.8668866
C=C1C2CC3NCC1C3C2,0.66555494
C=C1C2CC3OCC1C3C2,0.54889476
C=C1C2CC3CNC1C3C2,0.8224402
C=C1C2CC3COC1C3C2,0.79437447
C=C1C2CC3C(CCC13)N2,0.47286344
C=C1C2CC3C(CNC13)N2,0.46888635
C=C1C2CC3C(COC13)N2,0.5019012
C=C1C2CC3C(CCC13)O2,0.5795319
C=C1C2CC3C(OCC13)O2,0.70215863
C=C1C2CC3C(CNC13)O2,0.56489503
C=C1C2CC3C(COC13)O2,0.6133076
C=C1C2CC3CCC1C3N2,0.56366765
C=C1C2CC3NCC1C3N2,0.5745679
C=C1C2CC3OCC1C3N2,0.3768909
C=C1C2CC3CNC1C3N2,0.77192974
C=C1C2CC3COC1C3N2,0.63646585
C=C1C2CC3CCC1C3O2,0.7633567
C=C1C2CC3NCC1C3O2,0.8230172
C=C1C2CC3OCC1C3O2,0.49105492
C=C1C2CC3CNC1C3O2,0.66315854
C=C1C2CC3COC1C3O2,0.85508114
C=C1C2CCC3OC1OC23,0.73813546
C=C1C2COC3OC1OC23,0.8485868
C=C1C2OC3CNC1C3O2,0.8088734
C=C1C2OC3COC1C3O2,0.9611294
C=C1C2CC3C1CCN3C2,0.5069935
C=C1C2CC3CCC1N3C2,0.4876186
CC1C2CC3C=CC1C3C2,0.812491
NC1C2CC3C=CC1C3C2,0.7682731
OC1C2CC3C=CC1C3C2,0.73845434
CC1C2CC3C(N2)C=CC13,0.5359211
NC1C2CC3C(N2)C=CC13,0.49338648
OC1C2CC3C(N2)C=CC13,0.49118182
CC1C2CC3C(O2)C=CC13,0.650653
NC1C2CC3C(O2)C=CC13,0.78450567
OC1C2CC3C(O2)C=CC13,0.7286576
CC1C2CC3C=CC1C3N2,0.52728873
NC1C2CC3C=CC1C3N2,0.60219246
OC1C2CC3C=CC1C3N2,0.7893134
CC1C2CC3C=CC1C3O2,0.53847945
NC1C2CC3C=CC1C3O2,0.7834618
OC1C2CC3C=CC1C3O2,0.7709373
CC1C2OC3C=CC1C3O2,0.9318924
NC1C2OC3C=CC1C3O2,0.8829359
OC1C2OC3C=CC1C3O2,1.1042087
CN1C2CC3C=CC1C3C2,0.6334925
CC1C2C=CC3CN1CC23,0.6382065
CC1C2CC3C=CC1N3C2,0.56697714
NC1C2CC3C=CC1N3C2,0.76459485
OC1C2CC3C=CC1N3C2,0.71435225
C=C1C2CC3C=CC1C3C2,0.8747185
O=C1C2CC3C=CC1C3C2,0.6970622
C=C1C2CC3C(N2)C=CC13,0.56330705
O=C1C2CC3C(N2)C=CC13,0.9666507
C=C1C2CC3C(O2)C=CC13,0.76184165
O=C1C2CC3C(O2)C=CC13,1.1479493
C=C1C2CC3C=CC1C3N2,0.8284004
O=C1C2CC3C=CC1C3N2,0.7563491
C=C1C2CC3C=CC1C3O2,0.8273114
O=C1C2CC3C=CC1C3O2,1.1397729
C=C1C2OC3C=CC1C3O2,1.1166538
O=C1C2OC3C=CC1C3O2,1.6019174
C=C1C2CC3C=CC1N3C2,0.7591384
O=C1C2CC3C=CC1N3C2,0.83120114
CC1C2CC3CC2C1C=C3,0.77751136
NC1C2CC3CC2C1C=C3,0.8602466
OC1C2CC3CC2C1C=C3,0.71590364
CC1C2NC3CC2C1C=C3,0.765438
NC1C2NC3CC2C1C=C3,0.8351778
OC1C2NC3CC2C1C=C3,0.82089233
CC1C2OC3CC2C1C=C3,0.88881904
NC1C2OC3CC2C1C=C3,1.0919051
OC1C2OC3CC2C1C=C3,0.98389924
CC1C2CC3NC2C1C=C3,0.59363747
NC1C2CC3NC2C1C=C3,0.6830247
OC1C2CC3NC2C1C=C3,0.7482058
CC1C2CC3OC2C1C=C3,0.8338838
NC1C2CC3OC2C1C=C3,0.9082128
OC1C2CC3OC2C1C=C3,0.7812774
CC1C2OC3OC2C1C=C3,0.7659573
NC1C2OC3OC2C1C=C3,0.93171996
OC1C2OC3OC2C1C=C3,1.0665674
CN1C2CC3CC2C1C=C3,0.8313542
CN1C2CC3NC2C1C=C3,0.64133906
CN1C2CC3OC2C1C=C3,0.68603665
CC1C2C=CC3CC2N1C3,0.656019
CC1C2CC3CN2C1C=C3,0.684865
NC1C2CC3CN2C1C=C3,0.74902797
OC1C2CC3CN2C1C=C3,0.846959
O=C1C2CC3CC2C1C=C3,0.82380533
O=C1C2NC3CC2C1C=C3,0.94649535
O=C1C2OC3CC2C1C=C3,1.137588
O=C1C2CC3NC2C1C=C3,0.8865901
O=C1C2CC3OC2C1C=C3,1.1835147
O=C1C2OC3OC2C1C=C3,1.2136066
O=C1C2CC3CN2C1C=C3,0.86075675
C=CC12CC3C1CC4C3C24,0.496823
C=CC12CC3C1NC4C3C24,0.69487095
C=CC12CC3C1OC4C3C24,1.0876734
C=CC12NC3C1CC4C3C24,0.6346734
C=CC12NC3C1NC4C3C24,0.63835144
C=CC12NC3C1OC4C3C24,0.96434647
C=CC12OC3C1CC4C3C24,0.7349527
C=CC12OC3C1NC4C3C24,0.6584389
C=CC12OC3C1OC4C3C24,1.118159
C=CC12CC3C4C(CN13)C24,0.81398386
C=CC12CN3C1CC4C3C24,0.74627805
C=CC12CC3C1CN4C3C24,0.8737504
C=CC12NC3C1CN4C3C24,0.6284915
C=CC12OC3C1CN4C3C24,0.6669766
C=CC12CC3C1CC4C2N34,0.71771145
C=CC12CC3C1CC4C3N24,0.89736974
C=C1C2C3CC1C4(CC4)C23,0.534125
C=C1C2C3NC1C4(CC4)C23,0.83430654
C=C1C2C3OC1C4(CC4)C23,0.8734555
C=C1C2CC3C1C3C24CN4,0.786533
C=C1C2C3NC1C4(CN4)C23,0.7942998
C=C1C2OC3C1C3C24CN4,0.7705457
C=C1C2CC3C1C3C24CO4,0.62386185
C=C1C2NC3C1C3C24CO4,0.3796958
C=C1C2C3OC1C4(CO4)C23,1.0321914
C=C1C2C3N2CC1C34CC4,0.937755
C=C1C2CN3C1C3C24CN4,0.6281992
C=C1C2CN3C1C3C24CO4,0.7064179
C=C1C2C3CC1C4(CC4)N23,0.60583043
CC1C2CC3CC1C2C3=C,0.64037913
NC1C2CC3CC1C2C3=C,0.7814794
OC1C2CC3CC1C2C3=C,0.89061993
CC1C2CC3NC1C2C3=C,0.5152256
NC1C2CC3NC1C2C3=C,0.8041215
OC1C2CC3NC1C2C3=C,0.74583596
CC1C2CC3OC1C2C3=C,0.7592037
NC1C2CC3OC1C2C3=C,0.79183674
OC1C2CC3OC1C2C3=C,0.8593622
CC1C2OC3OC1C2C3=C,0.92754495
NC1C2OC3OC1C2C3=C,1.113878
OC1C2OC3OC1C2C3=C,1.2994815
CN1C2CC3CC1C2C3=C,0.7489449
CC1C2CC3CN1C2C3=C,0.5960229
CC1C2NC3CN1C2C3=C,0.6723338
CC1C2OC3CN1C2C3=C,0.8214713
C=C1C2CC3C1C(C2)C3=O,1.5516145
C=C1C2CC3C1C(N2)C3=O,1.438792
C=C1C2CC3C1C(O2)C3=O,1.8369141
C=C1C2OC3C1C(O2)C3=O,1.8041273
CC1C2CC3C1C2CC3=C,0.63331205
NC1C2CC3C1C2CC3=C,0.7181303
OC1C2CC3C1C2CC3=C,0.7338338
CC1C2CC3C1C2OC3=C,0.68528074
NC1C2CC3C1C2OC3=C,0.711234
OC1C2CC3C1C2OC3=C,0.6703313
CC1C2NC3C1C2CC3=C,0.49156123
NC1C2NC3C1C2CC3=C,0.7074517
OC1C2NC3C1C2CC3=C,0.8067295
CC1C2NC3C1C2OC3=C,0.697539
NC1C2NC3C1C2OC3=C,0.70743513
OC1C2NC3C1C2OC3=C,0.71376073
CC1C2OC3C1C2CC3=C,0.76004726
NC1C2OC3C1C2CC3=C,0.9230912
OC1C2OC3C1C2CC3=C,1.0701624
CC1C2OC3C1C2OC3=C,0.68917614
NC1C2OC3C1C2OC3=C,0.88219184
OC1C2OC3C1C2OC3=C,1.2068524
CN1C2CC3C1C2CC3=C,0.6610606
CN1C2CC3C1C2OC3=C,0.63666403
CC1C2C3CC(=C)C2CN13,0.82326025
CC1C2CC3C1N2CC3=C,0.6422034
NC1C2CC3C1N2CC3=C,0.73896307
OC1C2CC3C1N2CC3=C,0.8066835
CC1C2CC3N1C2CC3=C,0.729885
C=C1CC2C3CC1C2C3=O,0.87079227
C=C1OC2C3CC1C2C3=O,1.1802043
C=C1CC2C3NC1C2C3=O,0.9727525
C=C1OC2C3NC1C2C3=O,1.1592191
C=C1CC2C3OC1C2C3=O,1.5329734
C=C1OC2C3OC1C2C3=O,1.5603479
C=C1CN2C3CC1C2C3=O,1.1944896
CC1C2CC3C1C2C=C3C,0.5631469
CC1=CC2C3CC1C2C3N,0.558664
CC1=CC2C3CC1C2C3O,0.48871404
CC1C2NC3C1C2C=C3C,0.5060117
CC1=CC2C3NC1C2C3N,0.46067333
CC1=CC2C3NC1C2C3O,0.53458846
CC1C2OC3C1C2C=C3C,0.7882236
CC1=CC2C3OC1C2C3N,0.5648948
CC1=CC2C3OC1C2C3O,0.6471825
CN1C2CC3C1C2C=C3C,0.6086859
CC1C2C3CN1C2C=C3C,0.6605533
CC1C2CC3N1C2C=C3C,0.64673257
CC1=CC2C3CC1C2C3=O,0.80542827
CC1=CC2C3NC1C2C3=O,0.98461246
CC1=CC2C3OC1C2C3=O,1.545468
C=CC1CC2C3CC1C2C3,0.6223977
C=CC1NC2C3CC1C2C3,0.47596788
C=CC1OC2C3CC1C2C3,0.7358911
C=CC1CC2C3CC2C1N3,0.4875768
C=CC1NC2C3CC2C1N3,0.4305543
C=CC1OC2C3CC2C1N3,0.60656846
C=CC1CC2C3CC2C1O3,0.719994
C=CC1NC2C3CC2C1O3,0.6885951
C=CC1OC2C3CC2C1O3,1.0007838
C=CC1CC2C3CC1C2N3,0.561915
C=CC1NC2C3CC1C2N3,0.63606954
C=CC1OC2C3CC1C2N3,0.82124275
C=CC1CC2C3CC1C2O3,0.8499564
C=CC1NC2C3CC1C2O3,0.7521078
C=CC1OC2C3CC1C2O3,1.1146742
C=CC1CC2C3CC2N1C3,0.4496799
C=CC1CC2C3CN2CC13,0.52700514
C=CC1CN2C3CC1C2C3,0.5219949
C=CC1CC2C3CC1N2C3,0.3293996
CC=C1CC2C3CC2C1C3,0.66562104
CC=C1OC2C3CC2C1C3,0.5330808
CC=C1CC2C3CC2C1N3,0.46810257
CC=C1OC2C3CC2C1N3,0.49646866
CC=C1CC2C3CC2C1O3,0.7684607
CC=C1OC2C3CC2C1O3,0.87693596
CC=C1CC2C3CC1C2N3,0.5406062
CC=C1OC2C3CC1C2N3,0.73227423
CC=C1CC2C3CC1C2O3,0.8856157
CC=C1OC2C3CC1C2O3,1.0233209
CC=C1CC2C3CN2CC13,0.4154862
CC=C1CN2C3CC2C1C3,0.5429529
CC=C1CC2C3CC1N2C3,0.23121741
CCC1=CC2C3CC2C1C3,0.8363692
NCC1=CC2C3CC2C1C3,0.6375229
OCC1=CC2C3CC2C1C3,0.7436758
COC1=CC2C3CC2C1C3,0.57262754
CCC1=CC2C3CC2C1N3,0.56662786
NCC1=CC2C3CC2C1N3,0.5157912
OCC1=CC2C3CC2C1N3,0.66744035
COC1=CC2C3CC2C1N3,0.47265816
CCC1=CC2C3CC2C1O3,0.89787704
NCC1=CC2C3CC2C1O3,0.9788321
OCC1=CC2C3CC2C1O3,1.0294504
COC1=CC2C3CC2C1O3,0.83570397
CCC1=CC2C3CC1C2N3,0.63528866
NCC1=CC2C3CC1C2N3,0.6196496
OCC1=CC2C3CC1C2N3,0.86545014
COC1=CC2C3CC1C2N3,0.69808155
CCC1=CC2C3CC1C2O3,0.9556201
NCC1=CC2C3CC1C2O3,0.99279785
OCC1=CC2C3CC1C2O3,1.0228904
COC1=CC2C3CC1C2O3,0.8675052
CCC1=CC2C3CN2CC13,0.57911295
NCC1=CC2C3CN2CC13,0.6053405
OCC1=CC2C3CN2CC13,0.6736794
COC1=CC2C3CN2CC13,0.49056622
CCC1=CC2C3CC1N2C3,0.3562362
NCC1=CC2C3CC1N2C3,0.40825167
OCC1=CC2C3CC1N2C3,0.63767225
COC1=CC2C3CC1N2C3,0.52710885
C=CC1=CC2C3CC2C1C3,0.8452398
O=CC1=CC2C3CC2C1C3,1.0410872
N#CC1=CC2C3CC2C1C3,1.211884
C=CC1=CC2C3CC2C1N3,0.81124413
O=CC1=CC2C3CC2C1N3,1.0787352
N#CC1=CC2C3CC2C1N3,1.1858399
C=CC1=CC2C3CC2C1O3,1.1391112
O=CC1=CC2C3CC2C1O3,1.5370296
N#CC1=CC2C3CC2C1O3,1.6679363
C=CC1=CC2C3CC1C2N3,1.0157272
O=CC1=CC2C3CC1C2N3,1.307439
N#CC1=CC2C3CC1C2N3,1.3680543
C=CC1=CC2C3CC1C2O3,1.1963785
O=CC1=CC2C3CC1C2O3,1.6179155
N#CC1=CC2C3CC1C2O3,1.692024
C=CC1=CC2C3CN2CC13,0.79629385
O=CC1=CC2C3CN2CC13,1.147081
N#CC1=CC2C3CN2CC13,1.1619688
C=CC1=CC2C3CC1N2C3,0.75144833
O=CC1=CC2C3CC1N2C3,0.9964033
N#CC1=CC2C3CC1N2C3,1.1313106
C#CC1=CC2C3CC2C1C3,1.1037167
C#CC1=CC2C3CC2C1N3,1.1886656
C#CC1=CC2C3CC2C1O3,1.6029004
C#CC1=CC2C3CC1C2N3,1.6403887
C#CC1=CC2C3CC1C2O3,1.8500605
C#CC1=CC2C3CN2CC13,1.2514786
C#CC1=CC2C3CC1N2C3,1.1501418
CC1C2CC3CC1C2C=C3,0.7693465
NC1C2CC3CC1C2C=C3,1.0285814
OC1C2CC3CC1C2C=C3,0.7082717
CC1C2CC3NC1C2C=C3,0.57049394
NC1C2CC3NC1C2C=C3,0.93755955
OC1C2CC3NC1C2C=C3,0.73142004
CC1C2CC3OC1C2C=C3,0.9759125
NC1C2CC3OC1C2C=C3,0.9981308
OC1C2CC3OC1C2C=C3,0.7963859
CC1C2OC3OC1C2C=C3,0.7973513
NC1C2OC3OC1C2C=C3,0.9650754
OC1C2OC3OC1C2C=C3,1.2211536
CN1C2CC3CC1C2C=C3,0.76244557
CC1C2CC3CN1C2C=C3,0.97196054
CC1C2NC3CN1C2C=C3,0.793486
CC1C2OC3CN1C2C=C3,1.3719504
O=C1C2CC3CC1C2C=C3,0.6797069
O=C1C2CC3NC1C2C=C3,0.8329274
O=C1C2CC3OC1C2C=C3,1.1058309
O=C1C2OC3OC1C2C=C3,1.2335658
C=C1CC2C3CCC2C1C3,0.83006376
C=C1CC2C3CC1C2CN3,0.56243026
C=C1CC2C3CC1C2CO3,0.79638225
C=C1CC2C3CNC2C1C3,0.45202056
C=C1CC2C3COC2C1C3,0.8217918
C=C1OC2C3CCC2C1C3,0.8473212
C=C1OC2C3CC1C2CN3,0.7547519
C=C1OC2C3CC1C2CO3,0.82280606
C=C1OC2C3CNC2C1C3,0.83031124
C=C1OC2C3COC2C1C3,0.93111634
C=C1CC2C3CCC2C1N3,0.5722417
C=C1CC2C3CNC2C1N3,0.5744706
C=C1CC2C3COC2C1N3,0.7746238
C=C1OC2C3CCC2C1N3,0.63847035
C=C1OC2C3CNC2C1N3,0.7645713
C=C1OC2C3COC2C1N3,0.70051074
C=C1CC2C3CCC2C1O3,0.74419343
C=C1CC2C3COC2OC13,0.6375916
C=C1CC2C3CNC2C1O3,0.8261266
C=C1CC2C3COC2C1O3,0.8670969
C=C1OC2C3CCC2C1O3,0.8780491
C=C1OC2C3COC2OC13,0.80840933
C=C1OC2C3CNC2C1O3,0.9495332
C=C1OC2C3COC2C1O3,0.97526366
C=C1CC2C3CCN2CC13,0.6350896
C=C1CC2C3CCN2C1C3,0.70707583
C=C1CN2C3CCC2C1C3,0.5102572
CC1CC2C3CC1C2C=C3,0.70883334
NC1CC2C3CC1C2C=C3,0.7888996
OC1CC2C3CC1C2C=C3,0.67637867
CC1NC2C3CC1C2C=C3,0.68150294
CC1OC2C3CC1C2C=C3,0.7003798
CC1CC2C3NC1C2C=C3,0.58282524
NC1CC2C3NC1C2C=C3,0.61944294
OC1CC2C3NC1C2C=C3,0.6785952
CC1NC2C3NC1C2C=C3,0.61975056
CC1OC2C3NC1C2C=C3,0.7833084
CC1CC2C3OC1C2C=C3,0.86122644
NC1CC2C3OC1C2C=C3,0.710923
OC1CC2C3OC1C2C=C3,0.76774544
CC1NC2C3OC1C2C=C3,0.75636744
CC1OC2C3OC1C2C=C3,0.6750027
CN1CC2C3CC1C2C=C3,0.68671525
CC1CC2C3CN1C2C=C3,0.61421126
CC1CN2C3CC1C2C=C3,0.67752624
NC1CN2C3CC1C2C=C3,0.703482
OC1CN2C3CC1C2C=C3,0.78873074
C=C1CC2C3CC1C2C=C3,0.8077604
O=C1CC2C3CC1C2C=C3,0.80821794
N=C1NC2C3CC1C2C=C3,0.8467623
O=C1NC2C3CC1C2C=C3,1.0177562
C=C1OC2C3CC1C2C=C3,1.0442384
O=C1OC2C3CC1C2C=C3,1.0183111
C=C1CC2C3NC1C2C=C3,0.76207936
O=C1CC2C3NC1C2C=C3,0.89410055
N=C1NC2C3NC1C2C=C3,0.96860164
O=C1NC2C3NC1C2C=C3,1.2062418
C=C1OC2C3NC1C2C=C3,1.0305768
O=C1OC2C3NC1C2C=C3,1.1578364
C=C1CC2C3OC1C2C=C3,0.8547857
O=C1CC2C3OC1C2C=C3,1.1857741
N=C1NC2C3OC1C2C=C3,1.2717359
O=C1NC2C3OC1C2C=C3,1.2487177
C=C1OC2C3OC1C2C=C3,1.077504
O=C1OC2C3OC1C2C=C3,0.8239787
C=C1CN2C3CC1C2C=C3,0.87949026
O=C1CN2C3CC1C2C=C3,0.9126565
CC1=CC2C3CCC2C1C3,0.8503524
CC1=CC2C3CC1C2CN3,0.492463
CC1=CC2C3CC1C2CO3,0.7081673
CC1=CC2C3CNC2C1C3,0.49271595
CC1=CC2C3COC2C1C3,0.73478776
CC1=CC2C3CCC2C1N3,0.5174289
CC1=CC2C3CNC2C1N3,0.4578125
CC1=CC2C3COC2C1N3,0.7185604
CC1=CC2C3CCC2C1O3,0.6249611
CC1=CC2C3OCC2C1O3,0.7228193
CC1=CC2C3CNC2C1O3,0.76950514
CC1=CC2C3COC2C1O3,0.8005717
CC1=CC2C3CCN2CC13,0.49601716
CC1=CC2C3CCN2C1C3,0.562911
CC1=CC2C3CC1C2C=C3,0.83453286
CC1=CC2C3NC1C2C=C3,0.8311535
CC1=CC2C3OC1C2C=C3,0.82770014
C=C1CC2C3CCC2C3C1,0.88555974
C=C1CC2C3CCC2C3O1,1.1143823
C=C1CC2C3CNC2C3C1,0.62441415
C=C1CC2C3CNC2C3O1,0.92443633
C=C1CC2C3COC2C3C1,0.47509032
C=C1CC2C3COC2C3O1,0.58569294
C=C1CC2C3CCC2N3C1,0.52639085
C=C1CN2C3CCC2C3O1,1.1485829
C=C1CC2C3CCN2C3C1,0.86108845
CC1=CC2C3CCC2C3C1,0.9277051
CC1=CC2C3CCC2C3O1,0.5711542
CC1=CC2C3CNC2C3C1,0.6014944
CC1=CC2C3CNC2C3O1,0.6975291
CC1=CC2C3COC2C3C1,0.8766094
CC1=CC2C3COC2C3O1,0.612868
CC1=CC2C3CCC2N3C1,0.64543724
CC1=CC2C3CCN2C3C1,0.67479885
CC1CC2C3C=CC2C3C1,0.7804737
NC1CC2C3C=CC2C3C1,0.9272266
OC1CC2C3C=CC2C3C1,1.0009375
CC1CC2C3C=CC2C3N1,1.0121437
CC1CC2C3C=CC2C3O1,1.0286705
CC1OC2C3C=CC2C3O1,1.0452359
CN1CC2C3C=CC2C3C1,0.8981136
CC1CC2C3C=CC2N3C1,0.51004726
NC1CC2C3C=CC2N3C1,0.8390093
OC1CC2C3C=CC2N3C1,0.9281109
CC1CN2C3C=CC2C3N1,0.845684
CC1CN2C3C=CC2C3O1,1.0008595
C=C1CC2C3C=CC2C3C1,1.0702908
O=C1CC2C3C=CC2C3C1,1.2938031
N=C1CC2C3C=CC2C3N1,1.1599375
O=C1CC2C3C=CC2C3N1,1.4973553
C=C1CC2C3C=CC2C3O1,0.99150157
O=C1CC2C3C=CC2C3O1,1.6447858
N=C1NC2C3C=CC2C3N1,1.3750829
O=C1NC2C3C=CC2C3N1,1.5150859
N=C1NC2C3C=CC2C3O1,1.6293777
O=C1NC2C3C=CC2C3O1,1.7054068
O=C1OC2C3C=CC2C3O1,1.8496183
C=C1CC2C3C=CC2N3C1,0.90539724
O=C1CC2C3C=CC2N3C1,1.2189269
N=C1CN2C3C=CC2C3N1,1.182206
O=C1CN2C3C=CC2C3N1,1.2675792
C=C1CN2C3C=CC2C3O1,1.0577211
O=C1CN2C3C=CC2C3O1,1.4894979
CC1=CC2C3C=CC2C3C1,1.106912
CC1=NC2C3C=CC2C3N1,1.3811716
CC1=CC2C3C=CC2C3O1,1.0643615
CC1=CC2C3C=CC2N3C1,1.0265157
C=CC1C2CC3CC2C1C3,0.774237
C=CC1C2CC3CC2C1N3,0.42159683
C=CC1C2CC3CC2C1O3,0.7062904
C=CC1C2OC3CC2C1O3,0.9932595
C=CC1C2CC3CC1C2N3,0.30737868
C=CC1C2CC3CC1C2O3,0.49216044
C=CC1C2CC3OC2C1O3,0.85988975
C=CC1C2CN3CC2C1C3,0.4312979
C=CC1C2CC3CC2N1C3,0.3483525
C=CC1C2NC3CC2N1C3,0.5392511
C=CC1C2OC3CC2N1C3,0.67228496
C=CC1C2CC3CC1N2C3,0.69175065
C=CC1C2CC3CC2CC13,0.7366873
C=CC1C2CC3NC2CC13,0.3234278
C=CC1C2CC3OC2CC13,0.59276533
C=CC1C2CC3CC2NC13,0.5451119
C=CC1C2CC3CC2OC13,0.33705857
C=CC1C2CC3OC2OC13,0.51856655
C=CC1C2NC3CC2NC13,0.29352012
C=CC1C2NC3CC2OC13,0.3005897
C=CC1C2OC3CC2OC13,0.48462602
C=CC1C2OC3OC2OC13,0.76676047
C=CC1C2CN3CC2CC13,0.33935326
C=CC1C2CC3CC2CN13,0.3974244
CC=C1C2CC3CC2CC13,0.66246504
CC=C1C2CC3NC2CC13,0.3690914
CC=C1C2CC3OC2CC13,0.47053063
CC=C1C2CC3CC2NC13,0.3981335
CC=C1C2CC3CC2OC13,0.32579407
CC=C1C2CC3OC2OC13,0.5667527
CC=C1C2NC3CC2NC13,0.3171856
CC=C1C2NC3CC2OC13,0.37721223
CC=C1C2OC3CC2OC13,0.4521263
CC=C1C2OC3OC2OC13,0.79780746
CC=C1C2CN3CC2CC13,0.42519853
CC1C2CC2C3CC3C1=C,0.6449743
NC1C2CC2C3CC3C1=C,0.62788427
OC1C2CC2C3CC3C1=C,0.6032001
CC1C2CC2C3NC3C1=C,0.5204809
NC1C2CC2C3NC3C1=C,0.6894828
OC1C2CC2C3NC3C1=C,0.6405481
CC1C2CC2C3OC3C1=C,1.042256
NC1C2CC2C3OC3C1=C,0.95721626
OC1C2CC2C3OC3C1=C,0.89975584
CC1C2NC2C3CC3C1=C,0.5446055
NC1C2NC2C3CC3C1=C,0.651019
OC1C2NC2C3CC3C1=C,0.57131034
CC1C2NC2C3NC3C1=C,0.69693756
NC1C2NC2C3NC3C1=C,0.80904263
OC1C2NC2C3NC3C1=C,0.8557097
CC1C2NC2C3OC3C1=C,0.95623755
NC1C2NC2C3OC3C1=C,0.9968853
OC1C2NC2C3OC3C1=C,1.1000448
CC1C2OC2C3CC3C1=C,0.7972192
NC1C2OC2C3CC3C1=C,0.75671923
OC1C2OC2C3CC3C1=C,0.84624237
CC1C2OC2C3NC3C1=C,0.8636124
NC1C2OC2C3NC3C1=C,1.0019393
OC1C2OC2C3NC3C1=C,1.0689152
CC1C2OC2C3OC3C1=C,1.1852072
NC1C2OC2C3OC3C1=C,1.2748966
OC1C2OC2C3OC3C1=C,1.5906683
CC1N2CC2C3CC3C1=C,0.55134416
CC1N2CC2C3NC3C1=C,0.7141539
CC1N2CC2C3OC3C1=C,1.0501934
CC1C2CC2N3CC3C1=C,0.504849
NC1C2CC2N3CC3C1=C,0.62941957
OC1C2CC2N3CC3C1=C,0.52076435
CC1C2CN2C3CC3C1=C,0.4949571
NC1C2CN2C3CC3C1=C,0.5542957
OC1C2CN2C3CC3C1=C,0.5372125
C=C1C2CC2C3CC3C1=C,0.6671371
C=C1C2CC2C3CC3C1=O,1.1170617
C=C1C2CC2C3NC3C1=C,0.6487658
C=C1C2CC2C3NC3C1=O,1.2220165
C=C1C2NC2C3CC3C1=O,1.1287743
C=C1C2CC2C3OC3C1=C,0.874737
C=C1C2CC2C3OC3C1=O,1.5507277
C=C1C2OC2C3CC3C1=O,1.2745299
C=C1C2NC2C3NC3C1=C,0.7925174
C=C1C2NC2C3NC3C1=O,1.3048193
C=C1C2NC2C3OC3C1=C,1.0536784
C=C1C2NC2C3OC3C1=O,1.552828
C=C1C2OC2C3NC3C1=O,1.4228586
C=C1C2OC2C3OC3C1=C,1.612747
C=C1C2OC2C3OC3C1=O,1.8608398
C=C1C2CC2C3CN3C1=N,0.84648836
C=C1C2CC2C3CN3C1=O,1.1602495
C=C1C2NC2C3CN3C1=N,0.9094603
C=C1C2NC2C3CN3C1=O,1.1583858
C=C1C2OC2C3CN3C1=N,1.2030767
C=C1C2OC2C3CN3C1=O,1.3154064
C=C1C2CC2N3CC3C1=C,0.5510769
C=C1C2CC2N3CC3C1=O,1.2013171
C=C1C2CN2C3CC3C1=O,1.2688776
CC1=C(C)C2CC2C3CC13,0.8201579
CC1=C(C)C2NC2C3CC13,0.505763
CC1=C(C)C2OC2C3CC13,0.8440184
CC1=C(C)C2NC2C3NC13,0.523639
CC1=C(C)C2OC2C3NC13,0.60994065
CC1=C(C)C2OC2C3OC13,0.92137116
CC1=C(C)C2CN2C3CC13,0.44398376
C=CC1CC2CC2C3CC13,0.6272413
C=CC1NC2CC2C3CC13,0.45203355
C=CC1OC2CC2C3CC13,0.34762886
C=CC1CC2NC2C3CC13,0.3952448
C=CC1CC2OC2C3CC13,0.67764395
C=CC1CC2CC2C3NC13,0.546626
C=CC1NC2CC2C3NC13,0.3717202
C=CC1OC2CC2C3NC13,0.59020036
C=CC1CC2NC2C3NC13,0.57563764
C=CC1CC2OC2C3NC13,0.7792144
C=CC1CC2CC2C3OC13,0.63098687
C=CC1NC2CC2C3OC13,0.5222151
C=CC1OC2CC2C3OC13,0.7345382
C=CC1CC2NC2C3OC13,0.6781966
C=CC1CC2OC2C3OC13,0.77963513
C=CC1CN2CC2C3CC13,0.36692336
C=CC1CN2CC2C3NC13,0.3388129
C=CC1CN2CC2C3OC13,0.5535157
C=CC1CC2CC2C3CN13,0.4239476
C=CC1CC2NC2C3CN13,0.38457394
C=CC1CC2OC2C3CN13,0.47892138
C=CC1CN2CC2C3CN13,0.37188727
C=CC1CC2CN2C3CC13,0.46310362
C=CC1CC2CC2N3CC13,0.36528784
C=CC1NC2CC2N3CC13,0.44106662
C=CC1OC2CC2N3CC13,0.54554474
CC=C1CC2CC2C3CC13,0.5693885
CC=C1OC2CC2C3CC13,0.21232781
CC=C1CC2NC2C3CC13,0.365611
CC=C1CC2OC2C3CC13,0.75370306
CC=C1CC2CC2C3NC13,0.601205
CC=C1OC2CC2C3NC13,0.3934764
CC=C1CC2NC2C3NC13,0.50518477
CC=C1CC2OC2C3NC13,0.762125
CC=C1CC2CC2C3OC13,0.7081001
CC=C1OC2CC2C3OC13,0.51517224
CC=C1CC2NC2C3OC13,0.75086445
CC=C1CC2OC2C3OC13,0.8500487
CC=C1CN2CC2C3CC13,0.31147823
CC=C1CN2CC2C3NC13,0.34712568
CC=C1CN2CC2C3OC13,0.5879066
CC=C1CC2CN2C3CC13,0.35020095
CC=C1CC2CC2N3CC13,0.33652708
CC=C1OC2CC2N3CC13,0.45731965
CCC1=CC2CC2C3CC13,0.6945171
NCC1=CC2CC2C3CC13,0.57868797
OCC1=CC2CC2C3CC13,0.5707397
COC1=CC2CC2C3CC13,0.4224821
CCC1=CC2NC2C3CC13,0.43468347
NCC1=CC2NC2C3CC13,0.5042242
OCC1=CC2NC2C3CC13,0.66762644
COC1=CC2NC2C3CC13,0.41238597
CCC1=CC2OC2C3CC13,0.7973448
NCC1=CC2OC2C3CC13,0.7728858
OCC1=CC2OC2C3CC13,0.88461673
COC1=CC2OC2C3CC13,0.7153223
CCC1=CC2CC2C3NC13,0.75414306
NCC1=CC2CC2C3NC13,0.47420216
OCC1=CC2CC2C3NC13,0.6927799
COC1=CC2CC2C3NC13,0.53680986
CCC1=CC2NC2C3NC13,0.53778696
NCC1=CC2NC2C3NC13,0.53921884
OCC1=CC2NC2C3NC13,0.7046629
COC1=CC2NC2C3NC13,0.64009035
CCC1=CC2OC2C3NC13,0.74318486
NCC1=CC2OC2C3NC13,0.7513416
OCC1=CC2OC2C3NC13,0.95470667
COC1=CC2OC2C3NC13,0.79919094
CCC1=CC2CC2C3OC13,0.88336504
NCC1=CC2CC2C3OC13,0.7958623
OCC1=CC2CC2C3OC13,0.87999594
COC1=CC2CC2C3OC13,0.73686886
CCC1=CC2NC2C3OC13,0.71479076
NCC1=CC2NC2C3OC13,0.7511979
OCC1=CC2NC2C3OC13,0.79112995
COC1=CC2NC2C3OC13,0.7297796
CCC1=CC2OC2C3OC13,0.9686128
NCC1=CC2OC2C3OC13,0.90384406
OCC1=CC2OC2C3OC13,1.069369
COC1=CC2OC2C3OC13,0.89696145
CCC1=CC2CN2C3CC13,0.4508541
NCC1=CC2CN2C3CC13,0.35713896
OCC1=CC2CN2C3CC13,0.5457209
COC1=CC2CN2C3CC13,0.37729174
CCC1=CC2CC2N3CC13,0.49908933
NCC1=CC2CC2N3CC13,0.4442536
OCC1=CC2CC2N3CC13,0.46482846
COC1=CC2CC2N3CC13,0.32361567
C=CC1=CC2CC2C3CC13,0.6791973
O=CC1=CC2CC2C3CC13,1.0816888
N#CC1=CC2CC2C3CC13,0.96717614
C=CC1=CC2NC2C3CC13,0.75852925
O=CC1=CC2NC2C3CC13,0.7369374
N#CC1=CC2NC2C3CC13,0.8650806
C=CC1=CC2OC2C3CC13,0.9365699
O=CC1=CC2OC2C3CC13,1.2216047
N#CC1=CC2OC2C3CC13,1.3268056
C=CC1=CC2CC2C3NC13,0.84419703
O=CC1=CC2CC2C3NC13,0.96036315
N#CC1=CC2CC2C3NC13,1.0387462
C=CC1=CC2NC2C3NC13,0.76520526
O=CC1=CC2NC2C3NC13,0.95952
N#CC1=CC2NC2C3NC13,1.1180722
C=CC1=CC2OC2C3NC13,0.9472487
O=CC1=CC2OC2C3NC13,1.3193172
N#CC1=CC2OC2C3NC13,1.1854265
C=CC1=CC2CC2C3OC13,1.0057724
O=CC1=CC2CC2C3OC13,1.1445731
N#CC1=CC2CC2C3OC13,1.3034048
C=CC1=CC2NC2C3OC13,0.8478323
O=CC1=CC2NC2C3OC13,1.1504275
N#CC1=CC2NC2C3OC13,1.1425856
C=CC1=CC2OC2C3OC13,1.1454213
O=CC1=CC2OC2C3OC13,1.2336024
N#CC1=CC2OC2C3OC13,1.4786183
O=CC1=CN2CC2C3CC13,0.7475735
N#CC1=CN2CC2C3CC13,0.70963675
C=CC1=NN2CC2C3CC13,0.814994
O=CC1=CN2CC2C3NC13,0.76839817
N#CC1=CN2CC2C3NC13,0.78945863
C=CC1=NN2CC2C3NC13,0.871662
O=CC1=CN2CC2C3OC13,1.0920047
N#CC1=CN2CC2C3OC13,1.0318561
C=CC1=NN2CC2C3OC13,1.3167322
C=CC1=NC2CC2C3CN13,0.9575645
C=CC1=NN2CC2C3CN13,0.80913675
C=CC1=CC2CN2C3CC13,0.6988012
O=CC1=CC2CN2C3CC13,0.84013146
N#CC1=CC2CN2C3CC13,0.8570491
C=CC1=CC2CC2N3CC13,0.59171534
O=CC1=CC2CC2N3CC13,0.9570613
N#CC1=CC2CC2N3CC13,0.8586277
C#CC1=CC2CC2C3CC13,1.2176319
C#CC1=CC2NC2C3CC13,0.77385855
C#CC1=CC2OC2C3CC13,1.300678
C#CC1=CC2CC2C3NC13,1.1051065
C#CC1=CC2NC2C3NC13,0.992214
C#CC1=CC2OC2C3NC13,1.2210608
C#CC1=CC2CC2C3OC13,1.148885
C#CC1=CC2NC2C3OC13,1.1851965
C#CC1=CC2OC2C3OC13,1.225302
C#CC1=CC2CN2C3CC13,1.01416
C#CC1=CC2CC2N3CC13,1.064402
C=C1C2CCC1C3CC3C2,0.5103926
C=C1C2CCC1C3CC3N2,0.5088938
C=C1C2CCC1C3CC3O2,0.46673802
C=C1C2CC3CC3C1CN2,0.45380405
C=C1C2CC3CC3C1CO2,0.7002061
C=C1C2COC1OC3CC23,0.7795527
C=C1C2CNC1C3CC3C2,0.4344978
C=C1C2CNC1C3CC3N2,0.28703198
C=C1C2CNC1C3CC3O2,0.46119457
C=C1C2COC1C3CC3C2,0.7365793
C=C1C2COC1C3CC3N2,0.5967588
C=C1C2COC1C3CC3O2,0.80576104
C=C1C2CCC1C3NC3C2,0.46554652
C=C1C2CC3NC3C1CN2,0.6184197
C=C1C2CC3NC3C1CO2,0.9048513
C=C1C2CNC1C3NC3C2,0.6525758
C=C1C2COC1C3NC3C2,0.643738
C=C1C2CCC1C3OC3C2,0.9305861
C=C1C2CC3OC3C1CN2,0.8616636
C=C1C2CC3OC3C1CO2,0.810019
C=C1C2CNC1C3OC3C2,0.8776156
C=C1C2COC1C3OC3C2,0.7886462
C=C1C2CCC1C3CN3C2,0.49821183
C=C1C2CN3CC3C1CN2,0.4775822
C=C1C2CN3CC3C1CO2,0.76630133
C=C1C2CNC1C3CN3C2,0.64590645
C=C1C2COC1C3CN3C2,0.7751585
C=C1C2CCC1N3CC3C2,0.41932383
C=C1C2CC3CN3C1CN2,0.56659544
C=C1C2CC3CN3C1CO2,0.63148415
CC1C2CC3CC3C1C=C2,0.80537057
NC1C2CC3CC3C1C=C2,0.85657835
OC1C2CC3CC3C1C=C2,0.7943095
CC1C2NC3CC3C1C=C2,0.7154241
NC1C2NC3CC3C1C=C2,0.78129107
OC1C2NC3CC3C1C=C2,0.8544613
CC1C2OC3CC3C1C=C2,0.6791962
NC1C2OC3CC3C1C=C2,1.0158474
OC1C2OC3CC3C1C=C2,0.98709273
CN1C2CC3CC3C1C=C2,0.7566374
CC1C2CC3NC3C1C=C2,0.68965447
NC1C2CC3NC3C1C=C2,0.7158913
OC1C2CC3NC3C1C=C2,0.84530354
CN1C2CC3NC3C1C=C2,0.72091115
CC1C2CC3OC3C1C=C2,0.9657819
NC1C2CC3OC3C1C=C2,1.0163829
OC1C2CC3OC3C1C=C2,0.8548009
CN1C2CC3OC3C1C=C2,0.8124242
CC1C2CN3CC3C1C=C2,0.6754157
NC1C2CN3CC3C1C=C2,0.6957753
OC1C2CN3CC3C1C=C2,0.88590455
CN1C2CN3CC3C1C=C2,0.561868
CC1C2CC3CN3C1C=C2,0.7357662
NC1C2CC3CN3C1C=C2,0.7741267
OC1C2CC3CN3C1C=C2,0.87005496
C=C1C2CC3CC3C1C=C2,0.93090236
O=C1C2CC3CC3C1C=C2,0.8498208
C=C1C2NC3CC3C1C=C2,1.0698942
O=C1C2NC3CC3C1C=C2,1.0331136
C=C1C2OC3CC3C1C=C2,0.9522015
O=C1C2OC3CC3C1C=C2,1.1067973
C=C1C2CC3NC3C1C=C2,0.91948825
O=C1C2CC3NC3C1C=C2,0.94422364
C=C1C2CC3OC3C1C=C2,0.9559231
O=C1C2CC3OC3C1C=C2,1.22357
C=C1C2CN3CC3C1C=C2,0.8055843
O=C1C2CN3CC3C1C=C2,0.932104
C=C1C2CC3CN3C1C=C2,0.8696101
O=C1C2CC3CN3C1C=C2,0.8821511
CC1C2CC1C(=C2)C3CC3,0.5589779
NC1C2CC1C(=C2)C3CC3,0.62828857
OC1C2CC1C(=C2)C3CC3,0.58617157
CC1C2NC1C(=C2)C3CC3,0.60090035
NC1C2NC1C(=C2)C3CC3,0.7521395
OC1C2NC1C(=C2)C3CC3,0.7828606
CC1C2OC1C(=C2)C3CC3,0.70058095
NC1C2OC1C(=C2)C3CC3,0.77493775
OC1C2OC1C(=C2)C3CC3,0.91611576
CN1C2CC1C(=C2)C3CC3,0.48636407
CC1C2CC1C(=C2)C3CN3,0.6501743
NC1C2CC1C(=C2)C3CN3,0.702618
OC1C2CC1C(=C2)C3CN3,0.7675678
CC1C2NC1C(=C2)C3CN3,0.6837788
NC1C2NC1C(=C2)C3CN3,0.7527714
OC1C2NC1C(=C2)C3CN3,0.7526056
CC1C2OC1C(=C2)C3CN3,0.80351377
NC1C2OC1C(=C2)C3CN3,0.82438934
OC1C2OC1C(=C2)C3CN3,0.9501099
CN1C2CC1C(=C2)C3CN3,0.60609657
CC1C2CC1C(=C2)C3CO3,0.8941962
NC1C2CC1C(=C2)C3CO3,0.8563726
OC1C2CC1C(=C2)C3CO3,0.7978103
CC1C2NC1C(=C2)C3CO3,0.8270481
NC1C2NC1C(=C2)C3CO3,0.76583624
OC1C2NC1C(=C2)C3CO3,0.6216516
CC1C2OC1C(=C2)C3CO3,0.7866953
NC1C2OC1C(=C2)C3CO3,0.88233536
OC1C2OC1C(=C2)C3CO3,1.2035415
CN1C2CC1C(=C2)C3CO3,0.6655066
O=C1C2CC1C(=C2)C3CC3,0.9807179
O=C1C2NC1C(=C2)C3CC3,1.3162595
O=C1C2OC1C(=C2)C3CC3,1.3257362
O=C1C2CC1C(=C2)C3CN3,1.0809095
O=C1C2NC1C(=C2)C3CN3,0.9713991
O=C1C2OC1C(=C2)C3CN3,1.1089185
O=C1C2CC1C(=C2)C3CO3,1.2868875
O=C1C2NC1C(=C2)C3CO3,1.3670238
O=C1C2OC1C(=C2)C3CO3,1.6503083
C=C1CCC2C3CC3CC12,0.71892846
C=C1OCC2C3CC3CC12,0.39560872
C=C1CNC2C3CC3CC12,0.4394109
C=C1COC2C3CC3CC12,0.56052554
C=C1CCC2C3CC3NC12,0.5486479
C=C1OCC2C3CC3NC12,0.44772354
C=C1CNC2C3CC3NC12,0.48380366
C=C1COC2C3CC3NC12,0.4106579
C=C1CCC2C3CC3OC12,0.6114628
C=C1OCC2C3CC3OC12,0.6771696
C=C1CNC2C3CC3OC12,0.5741948
C=C1COC2C3CC3OC12,0.7292707
C=C1CCN2C3CC3CC12,0.40254888
C=C1CCC2C1CC3NC23,0.61753553
C=C1OCC2C1CC3NC23,0.5471945
C=C1CNC2C1CC3NC23,0.50059515
C=C1COC2C1CC3NC23,0.5178337
C=C1CCC2C1CC3OC23,0.56332433
C=C1OCC2C1CC3OC23,0.71387905
C=C1CNC2C1CC3OC23,0.52036196
C=C1COC2C1CC3OC23,0.59170985
C=C1CCC2C3CN3CC12,0.615486
C=C1OCC2C3CN3CC12,0.70354414
C=C1CNC2C3CN3CC12,0.65760624
C=C1COC2C3CN3CC12,0.8960618
C=C1CCC2C1CC3CN23,0.67488176
C=C1OCC2C1CC3CN23,0.5714271
CC1C=CC2C3CC3CC12,0.77866304
NC1C=CC2C3CC3CC12,0.7157601
OC1C=CC2C3CC3CC12,0.6537411
CC1C=CC2C3CC3NC12,0.5901045
NC1C=CC2C3CC3NC12,0.5472365
OC1C=CC2C3CC3NC12,0.52807796
CC1C=CC2C3CC3OC12,0.5888269
NC1C=CC2C3CC3OC12,0.6252675
OC1C=CC2C3CC3OC12,0.60077775
CC1C=CC2C3CC3CN12,0.51823574
CC1C=CC2C1CC3NC23,0.61181754
NC1C=CC2C1CC3NC23,0.61880404
OC1C=CC2C1CC3NC23,0.59827274
CC1C=CC2C3NC3CN12,0.37694165
CC1C=CC2C1CC3OC23,0.65562236
NC1C=CC2C1CC3OC23,0.6129614
OC1C=CC2C1CC3OC23,0.6387192
CC1C=CC2C3OC3CN12,0.729784
CC1C=CC2C1CN3CC23,0.55732834
NC1C=CC2C1CN3CC23,0.57454926
OC1C=CC2C1CN3CC23,0.6368369
CC1C=CC2C1CC3CN23,0.71238816
NC1C=CC2C1CC3CN23,0.64925885
OC1C=CC2C1CC3CN23,0.6406446
C=C1C=CC2C3CC3CC12,0.7999248
O=C1C=CC2C3CC3CC12,1.3999482
C=C1C=CC2C3CC3NC12,0.7252632
O=C1C=CC2C3CC3NC12,1.0186226
C=C1C=CC2C3CC3OC12,0.76775885
O=C1C=CC2C3CC3OC12,1.1631179
N=C1C=CC2C3CC3CN12,0.63662654
O=C1C=CC2C3CC3CN12,0.7793691
N=C1C=CC2C3CC3NN12,0.9200099
O=C1C=CC2C3CC3NN12,1.1037205
N=C1C=CC2C3CC3ON12,0.78404695
O=C1C=CC2C3CC3ON12,1.0818546
C=C1C=NN2C3CC3CC12,1.0424976
C=C1C=CC2C1CC3NC23,0.79267335
O=C1C=CC2C1CC3NC23,0.9470045
N=C1C=CC2C3NC3CN12,0.64635783
O=C1C=CC2C3NC3CN12,0.852535
C=C1C=CC2C1CC3OC23,0.8306031
O=C1C=CC2C1CC3OC23,0.9932648
N=C1C=CC2C3OC3CN12,1.1032053
O=C1C=CC2C3OC3CN12,1.3637104
C=C1C=CC2C3CN3CC12,0.9340102
O=C1C=CC2C3CN3CC12,1.3577143
C=C1C=CC2C1CC3CN23,0.8814777
O=C1C=CC2C1CC3CN23,1.1725005
CC1=CCC2C3CC3CC12,0.66467446
CC1=COC2C3CC3CC12,0.38041618
CC1=CCC2C3CC3NC12,0.4942299
CC1=COC2C3CC3NC12,0.35466528
CC1=CCC2C3CC3OC12,0.58265376
CC1=COC2C3CC3OC12,0.5603398
CC1=CCN2C3CC3CC12,0.33095476
CC1=CCC2C1CC3NC23,0.53564405
CC1=COC2C1CC3NC23,0.4424235
CC1=CCC2C1CC3OC23,0.5367428
CC1=COC2C1CC3OC23,0.4567084
CC1=CCC2C3CN3CC12,0.53243166
CC1=COC2C3CN3CC12,0.70936394
CC1=CCC2C1CC3CN23,0.6032639
CC1CC=C2C1CC3CC23,0.79643375
NC1CC=C2C1CC3CC23,0.6376858
OC1CC=C2C1CC3CC23,0.5029176
CC1OC=C2C3CC3CC12,0.5753163
CC1CC=C2C3CC3NC12,0.65065813
NC1CC=C2C3CC3NC12,0.6467486
OC1CC=C2C3CC3NC12,0.6865415
CC1OC=C2C3CC3NC12,0.56635034
CC1CC=C2C3CC3OC12,0.61122864
NC1CC=C2C3CC3OC12,0.6753407
OC1CC=C2C3CC3OC12,0.8207869
CC1OC=C2C3CC3OC12,0.74020684
CN1CC=C2C3CC3CC12,0.5872859
CC1CC=C2C1CC3NC23,0.78715324
NC1CC=C2C1CC3NC23,0.6174098
OC1CC=C2C1CC3NC23,0.6117931
CC1OC=C2C1CC3NC23,0.47641307
CN1CC=C2C1CC3NC23,0.4721488
CC1CC=C2C1CC3OC23,0.5705251
NC1CC=C2C1CC3OC23,0.74029213
OC1CC=C2C1CC3OC23,0.708199
CC1OC=C2C1CC3OC23,0.66560173
CN1CC=C2C1CC3OC23,0.46589905
CC1CC=C2C1CN3CC23,0.65255505
NC1CC=C2C1CN3CC23,0.6988411
OC1CC=C2C1CN3CC23,0.6737397
CC1OC=C2C1CN3CC23,0.6159098
CN1CC=C2C1CN3CC23,0.5456133
C=C1CC=C2C3CC3CC12,0.8886579
O=C1CC=C2C3CC3CC12,1.1962787
N=C1NC=C2C3CC3CC12,0.8367723
O=C1NC=C2C3CC3CC12,1.0851175
C=C1OC=C2C3CC3CC12,0.80796784
O=C1OC=C2C3CC3CC12,1.0064756
C=C1CC=C2C3CC3NC12,0.7463688
O=C1CC=C2C3CC3NC12,0.7457702
N=C1NC=C2C3CC3NC12,0.7269575
O=C1NC=C2C3CC3NC12,0.95407
C=C1OC=C2C3CC3NC12,0.65609914
O=C1OC=C2C3CC3NC12,0.7860608
C=C1CC=C2C3CC3OC12,0.90063727
O=C1CC=C2C3CC3OC12,0.9757563
N=C1NC=C2C3CC3OC12,1.0201229
O=C1NC=C2C3CC3OC12,1.0984161
C=C1OC=C2C3CC3OC12,0.9644549
O=C1OC=C2C3CC3OC12,0.66578734
N=C1CC=C2C3CC3CN12,0.5284152
O=C1CC=C2C3CC3CN12,0.58757555
C=C1CN=C2C3CC3CN12,0.67174566
N=C1CC=C2C3CC3NN12,0.794807
O=C1CC=C2C3CC3NN12,0.9431772
C=C1CN=C2C3CC3NN12,0.9290235
N=C1CC=C2C3CC3ON12,0.72495776
O=C1CC=C2C3CC3ON12,0.9069582
C=C1CN=C2C3CC3ON12,0.89003915
C=C1CC=C2C1CC3NC23,0.7957006
O=C1CC=C2C1CC3NC23,0.8382465
N=C1NC=C2C1CC3NC23,0.72048545
O=C1NC=C2C1CC3NC23,0.74588656
C=C1OC=C2C1CC3NC23,0.7598889
O=C1OC=C2C1CC3NC23,0.6513008
N=C1CC=C2C3NC3CN12,0.48901328
O=C1CC=C2C3NC3CN12,0.7771214
C=C1CN=C2C3NC3CN12,0.7105983
C=C1CC=C2C1CC3OC23,0.92330474
O=C1CC=C2C1CC3OC23,0.80094457
N=C1NC=C2C1CC3OC23,0.95701075
O=C1NC=C2C1CC3OC23,0.858644
C=C1OC=C2C1CC3OC23,0.8724341
O=C1OC=C2C1CC3OC23,0.6360732
N=C1CC=C2C3OC3CN12,1.0288821
O=C1CC=C2C3OC3CN12,1.1910937
C=C1CN=C2C3OC3CN12,1.1628458
C=C1CC=C2C3CN3CC12,0.97553515
O=C1CC=C2C3CN3CC12,1.1394448
N=C1NC=C2C3CN3CC12,0.8582687
O=C1NC=C2C3CN3CC12,1.1598607
C=C1OC=C2C3CN3CC12,0.8472917
O=C1OC=C2C3CN3CC12,1.1432527
C=C1CN=C2C1CC3CN23,0.8884183
C=C1CN=C2N3CC3CN12,0.66345567
CC1=CC=C2C3CC3CC12,0.8818903
CC1=CC=C2C3CC3NC12,0.7020718
CC1=CC=C2C3CC3OC12,0.8660447
CC1=CC=C2C1CC3NC23,0.81730455
CC1=CC=C2C1CC3OC23,0.88462114
CC1=CC=C2C3CN3CC12,0.83781815
CC1CCC2C3CC3C=C12,0.79201627
NC1CCC2C3CC3C=C12,0.8921086
OC1CCC2C3CC3C=C12,0.866144
CC1NCC2C3CC3C=C12,0.82800066
CC1OCC2C3CC3C=C12,0.86807704
CC1CNC2C3CC3C=C12,0.7655159
NC1CNC2C3CC3C=C12,0.7839724
OC1CNC2C3CC3C=C12,0.67276096
CC1COC2C3CC3C=C12,0.92492557
NC1COC2C3CC3C=C12,1.0225135
OC1COC2C3CC3C=C12,0.89117724
CC1CCC2C3NC3C=C12,0.61976165
NC1CCC2C3NC3C=C12,0.67276156
OC1CCC2C3NC3C=C12,0.6669029
CC1NCC2C3NC3C=C12,0.6405534
CC1OCC2C3NC3C=C12,0.7064569
CC1CNC2C3NC3C=C12,0.61116505
NC1CNC2C3NC3C=C12,0.8009051
OC1CNC2C3NC3C=C12,0.6027628
CC1COC2C3NC3C=C12,0.904055
NC1COC2C3NC3C=C12,0.7738094
OC1COC2C3NC3C=C12,0.96711534
CC1CCC2C3OC3C=C12,0.94602597
NC1CCC2C3OC3C=C12,1.1846247
OC1CCC2C3OC3C=C12,1.0330696
CC1NCC2C3OC3C=C12,1.0403577
CC1OCC2C3OC3C=C12,1.0464175
CC1CNC2C3OC3C=C12,0.98098445
NC1CNC2C3OC3C=C12,1.0171884
OC1CNC2C3OC3C=C12,1.0970381
CC1COC2C3OC3C=C12,1.1203548
NC1COC2C3OC3C=C12,1.1510252
OC1COC2C3OC3C=C12,1.2791835
CC1CCC2N3CC3C=C12,0.75253546
NC1CCC2N3CC3C=C12,0.8130842
OC1CCC2N3CC3C=C12,0.92299914
CC1NCC2N3CC3C=C12,0.76749647
CC1OCC2N3CC3C=C12,0.909999
C=C1CCC2C3CC3C=C12,0.9480682
O=C1CCC2C3CC3C=C12,0.9716231
N=C1NCC2C3CC3C=C12,0.8139851
O=C1NCC2C3CC3C=C12,0.95652646
C=C1OCC2C3CC3C=C12,0.891537
O=C1OCC2C3CC3C=C12,0.93157816
C=C1CNC2C3CC3C=C12,0.74566734
O=C1CNC2C3CC3C=C12,0.9740621
N=C1NNC2C3CC3C=C12,0.8025439
O=C1NNC2C3CC3C=C12,0.98919535
C=C1COC2C3CC3C=C12,0.99983287
O=C1COC2C3CC3C=C12,1.1437217
N=C1NOC2C3CC3C=C12,1.0418503
O=C1NOC2C3CC3C=C12,0.993211
C=C1CCN2C3CC3N=C12,0.95684224
C=C1CNN2C3CC3N=C12,1.180796
Oc1c[nH]n2C3CC3N=c12,1.0945054
C=C1CON2C3CC3N=C12,1.3615099
Oc1con2C3CC3N=c12,1.2823693
C=C1CCC2C3NC3C=C12,0.7450038
O=C1CCC2C3NC3C=C12,0.8929532
N=C1NCC2C3NC3C=C12,0.8152637
O=C1NCC2C3NC3C=C12,1.0751323
C=C1OCC2C3NC3C=C12,0.7694455
O=C1OCC2C3NC3C=C12,0.91569877
C=C1CNC2C3NC3C=C12,0.6873436
O=C1CNC2C3NC3C=C12,1.0544714
N=C1NNC2C3NC3C=C12,1.0281845
O=C1NNC2C3NC3C=C12,1.0074123
C=C1COC2C3NC3C=C12,0.93870497
O=C1COC2C3NC3C=C12,1.1250854
N=C1NOC2C3NC3C=C12,1.0891708
O=C1NOC2C3NC3C=C12,1.3482939
C=C1CCC2C3OC3C=C12,1.1123329
O=C1CCC2C3OC3C=C12,1.3493304
N=C1NCC2C3OC3C=C12,1.184043
O=C1NCC2C3OC3C=C12,1.4088778
C=C1OCC2C3OC3C=C12,1.0857636
O=C1OCC2C3OC3C=C12,1.5109504
C=C1CNC2C3OC3C=C12,1.0880519
O=C1CNC2C3OC3C=C12,1.278586
N=C1NNC2C3OC3C=C12,1.1479794
O=C1NNC2C3OC3C=C12,1.6174277
C=C1COC2C3OC3C=C12,1.194278
O=C1COC2C3OC3C=C12,1.75982
N=C1NOC2C3OC3C=C12,1.71166
O=C1NOC2C3OC3C=C12,2.0037477
O=C1CCC2C3CN3C=C12,1.0077666
N=C1NCC2C3CN3C=C12,0.9094051
O=C1NCC2C3CN3C=C12,1.181935
O=C1OCC2C3CN3C=C12,0.9515814
O=C1CNC2C3CN3C=C12,1.098352
N=C1NNC2C3CN3C=C12,1.0536157
O=C1NNC2C3CN3C=C12,1.0436383
O=C1COC2C3CN3C=C12,1.1779845
N=C1NOC2C3CN3C=C12,1.0420771
O=C1NOC2C3CN3C=C12,1.2599275
C=C1CCC2C3CN3N=C12,1.1004418
C=C1OCC2C3CN3N=C12,1.2007759
C=C1CNC2C3CN3N=C12,1.0336753
C=C1COC2C3CN3N=C12,1.4047773
C=C1CCC2N3CC3C=C12,0.97807705
O=C1CCC2N3CC3C=C12,1.1277312
N=C1NCC2N3CC3C=C12,1.0053912
O=C1NCC2N3CC3C=C12,1.2896372
C=C1OCC2N3CC3C=C12,1.0013659
O=C1OCC2N3CC3C=C12,1.1362662
CC1C=CC2C3CC3C=C12,1.0424863
NC1C=CC2C3CC3C=C12,0.9575354
OC1C=CC2C3CC3C=C12,0.88741875
CN1C=NC2C3CC3C=C12,0.84109557
NN1C=NC2C3CC3C=C12,1.2148316
ON1C=NC2C3CC3C=C12,1.2960321
CN1C=CC2C3CC3N=C12,0.8482628
NN1C=CC2C3CC3N=C12,1.0559009
ON1C=CC2C3CC3N=C12,1.1528679
CC1N=CN2C3CC3C=C12,0.7423766
CC1C=CN2C3CC3N=C12,1.0764778
NC1C=CN2C3CC3N=C12,1.0926193
OC1C=CN2C3CC3N=C12,1.1274318
Cn1ccn2C3CC3N=c12,0.8480708
Nn1ccn2C3CC3N=c12,0.8113331
On1ccn2C3CC3N=c12,1.0269508
CC1C=CC2C3NC3C=C12,0.92414165
NC1C=CC2C3NC3C=C12,0.96704394
OC1C=CC2C3NC3C=C12,0.88832796
CN1C=NC2C3NC3C=C12,0.90580773
NN1C=NC2C3NC3C=C12,1.1238476
ON1C=NC2C3NC3C=C12,1.1860305
CC1C=CC2C3OC3C=C12,1.244604
NC1C=CC2C3OC3C=C12,1.3109251
OC1C=CC2C3OC3C=C12,1.3975023
CN1C=NC2C3OC3C=C12,1.2682773
NN1C=NC2C3OC3C=C12,1.4606035
ON1C=NC2C3OC3C=C12,1.7111186
CC1C=CC2C3CN3N=C12,1.1414045
NC1C=CC2C3CN3N=C12,1.2028052
OC1C=CC2C3CN3N=C12,1.428594
CN1C=CC2C3CN3N=C12,0.8310971
NN1C=CC2C3CN3N=C12,1.1886666
ON1C=CC2C3CN3N=C12,1.1811588
CC1C=CC2N3CC3C=C12,1.2498275
NC1C=CC2N3CC3C=C12,0.9140886
OC1C=CC2N3CC3C=C12,1.09766
CC1N=CN2N3CC3C=C12,0.9576732
C=C1C=CC2C3CC3C=C12,1.1685293
O=C1C=CC2C3CC3C=C12,1.4081634
N=C1N=CN2C3CC3C=C12,1.2240961
O=C1N=CN2C3CC3C=C12,1.2483493
O=C1C=CN2C3CC3N=C12,1.3746079
C=C1C=CC2C3NC3C=C12,1.106536
O=C1C=CC2C3NC3C=C12,1.2014984
C=C1C=CC2C3OC3C=C12,1.3989161
O=C1C=CC2C3OC3C=C12,1.8394042
O=C1C=CC2C3CN3C=C12,1.537978
C=C1C=CC2C3CN3N=C12,1.6295263
O=C1C=CC2C3CN3N=C12,1.7636064
C=C1C=CC2N3CC3C=C12,1.1440122
O=C1C=CC2N3CC3C=C12,1.3950325
N=C1N=CN2N3CC3C=C12,1.2467957
O=C1N=CN2N3CC3C=C12,1.7570311
CC1=CCC2C3CC3C=C12,0.9544373
CC1=NNC2C3CC3C=C12,0.8636445
CC1=COC2C3CC3C=C12,0.9968984
CC1=NOC2C3CC3C=C12,1.1184504
CC1=CCN2C3CC3N=C12,0.8539718
Cc1c[nH]n2C3CC3N=c12,0.91769624
Nc1c[nH]n2C3CC3N=c12,1.0221653
Cc1con2C3CC3N=c12,1.3097944
Nc1con2C3CC3N=c12,1.348323
CC1=CCC2C3NC3C=C12,0.7393011
CC1=NNC2C3NC3C=C12,0.8743535
CC1=COC2C3NC3C=C12,0.852548
CC1=NOC2C3NC3C=C12,1.1487645
CC1=CCC2C3OC3C=C12,1.1162775
CC1=NNC2C3OC3C=C12,1.1880473
CC1=COC2C3OC3C=C12,1.1932324
CC1=NOC2C3OC3C=C12,1.3328218
CC1=NNC2C3CN3C=C12,1.0250071
CC1=NOC2C3CN3C=C12,1.1452718
CC1=CCC2C3CN3N=C12,1.0430428
CC1=C2NN3CC3C2N=C1,1.5524468
CC1=C2NN3CC3C2N=N1,1.6803468
CC1=COC2C3CN3N=C12,1.2955072
CC1=CCC2N3CC3C=C12,0.97472966
CC1CC=C2C3CC3C=C12,0.9344219
NC1CC=C2C3CC3C=C12,0.9891038
OC1CC=C2C3CC3C=C12,0.9745233
CC1OC=C2C3CC3C=C12,0.8705671
CC1NN=C2C3CC3C=C12,0.9741579
CC1ON=C2C3CC3C=C12,1.1510581
CN1CC=C2C3CC3N=C12,0.9112003
NN1CC=C2C3CC3N=C12,1.2932907
ON1CC=C2C3CC3N=C12,1.3508998
Cn1[nH]cc2C3CC3N=c12,1.0063106
Nn1[nH]cc2C3CC3N=c12,1.1718493
On1[nH]cc2C3CC3N=c12,1.1921151
Cn1occ2C3CC3N=c12,1.2253703
Nn1occ2C3CC3N=c12,1.2760062
On1occ2C3CC3N=c12,1.2175213
CC1CC=C2C3NC3C=C12,0.9233737
NC1CC=C2C3NC3C=C12,0.79291
OC1CC=C2C3NC3C=C12,0.90079224
CC1OC=C2C3NC3C=C12,0.8351509
CC1NN=C2C3NC3C=C12,0.9845418
CC1ON=C2C3NC3C=C12,1.146028
CC1CC=C2C3OC3C=C12,1.2321547
NC1CC=C2C3OC3C=C12,1.3646251
OC1CC=C2C3OC3C=C12,1.5429616
CC1OC=C2C3OC3C=C12,1.4075819
CC1NN=C2C3OC3C=C12,1.5839107
CC1ON=C2C3OC3C=C12,1.5607945
CC1NN=C2C3CN3C=C12,1.2151932
CC1ON=C2C3CN3C=C12,1.2791938
CC1CC=C2C3CN3N=C12,1.283821
NC1CC=C2C3CN3N=C12,1.4638325
OC1CC=C2C3CN3N=C12,1.6604599
CC1N=CC2=C1NN3CC23,1.1711777
CC1OC=C2C3CN3N=C12,1.3959377
CC1N=NC2=C1NN3CC23,1.1475507
CN1CC=C2C3CN3N=C12,1.1219002
NN1CC=C2C3CN3N=C12,1.5020088
ON1CC=C2C3CN3N=C12,1.5298553
Cn1[nH]cc2C3CN3N=c12,1.2687664
Nn1[nH]cc2C3CN3N=c12,1.3449246
On1[nH]cc2C3CN3N=c12,1.378082
Cn1occ2C3CN3N=c12,1.3516072
Nn1occ2C3CN3N=c12,1.4883002
On1occ2C3CN3N=c12,1.5123932
CC1CN=C2N3CC3C=C12,1.2218441
NC1CN=C2N3CC3C=C12,1.2362405
OC1CN=C2N3CC3C=C12,1.3659642
CC1NN=C2N3CC3C=C12,1.1532946
CC1ON=C2N3CC3C=C12,1.2375113
C=C1CC=C2C3CC3C=C12,1.0647658
O=C1CC=C2C3CC3C=C12,1.3086634
N=C1NC=C2C3CC3C=C12,0.9149875
O=C1NC=C2C3CC3C=C12,1.0734354
O=C1OC=C2C3CC3C=C12,0.95467114
N=C1NN=C2C3CC3C=C12,1.2437915
O=C1NN=C2C3CC3C=C12,1.5073982
O=C1ON=C2C3CC3C=C12,1.4382881
C=C1CC=C2C3NC3C=C12,0.94676805
O=C1CC=C2C3NC3C=C12,1.1371366
N=C1NC=C2C3NC3C=C12,0.93927634
O=C1NC=C2C3NC3C=C12,1.2196885
O=C1OC=C2C3NC3C=C12,1.1913072
N=C1NN=C2C3NC3C=C12,1.3223776
O=C1NN=C2C3NC3C=C12,1.690028
O=C1ON=C2C3NC3C=C12,1.5797414
C=C1CC=C2C3OC3C=C12,1.5325073
O=C1CC=C2C3OC3C=C12,1.7533499
N=C1NC=C2C3OC3C=C12,1.5170842
O=C1NC=C2C3OC3C=C12,2.0665586
O=C1OC=C2C3OC3C=C12,1.6310314
N=C1NN=C2C3OC3C=C12,1.962588
O=C1NN=C2C3OC3C=C12,1.9871355
O=C1ON=C2C3OC3C=C12,1.9786545
O=C1CC=C2C3CN3C=C12,1.4468099
N=C1NC=C2C3CN3C=C12,1.1544356
O=C1NC=C2C3CN3C=C12,1.3124801
O=C1OC=C2C3CN3C=C12,1.445732
N=C1NN=C2C3CN3C=C12,1.4045699
O=C1NN=C2C3CN3C=C12,1.8740377
O=C1ON=C2C3CN3C=C12,1.8640313
C=C1CC=C2C3CN3N=C12,1.8634397
O=C1CC=C2C3CN3N=C12,1.8157705
N=C1NC=C2C3CN3N=C12,1.5809633
O=C1NC=C2C3CN3N=C12,1.7593703
O=C1OC=C2C3CN3N=C12,1.6076182
C=C1CN=C2N3CC3C=C12,1.3759716
O=C1CN=C2N3CC3C=C12,1.511345
N=C1NN=C2N3CC3C=C12,1.4463011
O=C1NN=C2N3CC3C=C12,1.7351687
O=C1ON=C2N3CC3C=C12,1.6999588
CC1=CC=C2C3CC3C=C12,1.0827951
CC1=NN=C2C3CC3C=C12,1.6919707
CC1=CC=C2C3NC3C=C12,0.92126113
CC1=NN=C2C3NC3C=C12,1.4812703
CC1=CC=C2C3OC3C=C12,1.5735465
CC1=NN=C2C3OC3C=C12,2.037757
CC1=NN=C2C3CN3C=C12,1.8795326
CC1=CC=C2C3CN3N=C12,1.8061957
CC1=NC=C2C3CN3N=C12,2.0443375
CC1=CN=C2C3CN3N=C12,2.008008
CC1=NN=C2N3CC3C=C12,1.6718065
CC1=C2CC3CC3C2CC1,0.7077402
CC1=C2CC3CC3C2CO1,0.5483644
CC1=C2CC3CC3C2NC1,0.56939214
CC1=C2CC3CC3C2OC1,0.69045746
CC1=C2OC3CC3C2CC1,0.6018716
CC1=C2OC3CC3C2CO1,0.55415344
CC1=C2OC3CC3C2NC1,0.5315564
CC1=C2OC3CC3C2OC1,0.64951026
CC1=C2CC3NC3C2CC1,0.55675566
CC1=C2CC3NC3C2CO1,0.69625306
CC1=C2CC3NC3C2NC1,0.6699169
CC1=C2CC3NC3C2OC1,0.7178924
CC1=C2CC3OC3C2CC1,0.68830264
CC1=C2CC3OC3C2CO1,0.846927
CC1=C2CC3OC3C2NC1,0.9179594
CC1=C2CC3OC3C2OC1,0.9147128
CC1=C2CN3CC3C2CC1,0.6174037
CC1=C2CN3CC3C2CO1,0.45167843
CC1=C2CN3CC3C2NC1,0.6672031
CC1=C2CN3CC3C2OC1,0.7449336
CC1=C2CC3CN3C2CC1,0.6499108
CC1=C2CC3CN3C2CO1,0.7313478
CC1=C2CC3CC3C2C=C1,0.80077225
CC1=C2OC3CC3C2C=C1,0.93266565
CC1=C2CC3NC3C2C=C1,0.86844486
CC1=C2CC3OC3C2C=C1,1.00135
CC1=C2CN3CC3C2C=C1,0.8589545
CC1=C2CC3CN3C2C=C1,1.0566305
CC1=C2CC3CC3C2=CC1,0.7549819
CC1=C2OC3CC3C2=CC1,1.1126486
CC1=C2CC3NC3C2=CC1,0.696773
CC1=C2CC3OC3C2=CC1,1.1242766
CC1=C2CN3CC3C2=CC1,0.75211024
CC1=C2CC3CN3C2=NC1,1.2296897
NC1=C2CC3CN3C2=NC1,1.4279966
CC1CCC2=C1CC3CC23,0.66010016
NC1CCC2=C1CC3CC23,0.4726559
OC1CCC2=C1CC3CC23,0.36691836
CC1NCC2=C1CC3CC23,0.47534528
CC1OCC2=C1CC3CC23,0.5946934
CC1COC2=C1CC3CC23,0.45945612
NC1COC2=C1CC3CC23,0.64726967
OC1COC2=C1CC3CC23,0.6986876
CC1CCC2=C1OC3CC23,0.522101
NC1CCC2=C1OC3CC23,0.6357839
OC1CCC2=C1OC3CC23,0.7388711
CC1NCC2=C1OC3CC23,0.5141441
CC1OCC2=C1OC3CC23,0.61572665
CC1COC2=C1OC3CC23,0.53553814
NC1COC2=C1OC3CC23,0.6221135
OC1COC2=C1OC3CC23,0.5614025
CC1CCC2=C1CC3NC23,0.7852082
NC1CCC2=C1CC3NC23,0.47624582
OC1CCC2=C1CC3NC23,0.5916514
CC1NCC2=C1CC3NC23,0.4955569
CC1OCC2=C1CC3NC23,0.6408806
CC1COC2=C1CC3NC23,0.24041878
NC1COC2=C1CC3NC23,0.5816332
OC1COC2=C1CC3NC23,0.6591202
CC1CCC2=C1CC3OC23,0.67324865
NC1CCC2=C1CC3OC23,0.7256217
OC1CCC2=C1CC3OC23,0.64719725
CC1NCC2=C1CC3OC23,0.72452545
CC1OCC2=C1CC3OC23,0.64251906
CC1COC2=C1CC3OC23,0.4168274
NC1COC2=C1CC3OC23,0.71554375
OC1COC2=C1CC3OC23,0.56348664
CC1CCC2=C1CN3CC23,0.55337083
NC1CCC2=C1CN3CC23,0.66628075
OC1CCC2=C1CN3CC23,0.6103642
CC1NCC2=C1CN3CC23,0.58318144
CC1OCC2=C1CN3CC23,0.632197
CC1COC2=C1CN3CC23,0.54636115
NC1COC2=C1CN3CC23,0.84897065
OC1COC2=C1CN3CC23,0.8160948
C=C1CCC2=C1CC3CC23,0.48675337
O=C1CCC2=C1CC3CC23,0.7984674
N=C1NCC2=C1CC3CC23,0.83928823
O=C1NCC2=C1CC3CC23,0.87198937
C=C1OCC2=C1CC3CC23,0.8847196
O=C1OCC2=C1CC3CC23,0.77126265
C=C1COC2=C1CC3CC23,0.6609156
C=C1CCC2=C1OC3CC23,0.74066466
O=C1CCC2=C1OC3CC23,0.96236944
N=C1NCC2=C1OC3CC23,0.83882445
O=C1NCC2=C1OC3CC23,1.0045235
C=C1OCC2=C1OC3CC23,0.82776
O=C1OCC2=C1OC3CC23,1.0286239
C=C1COC2=C1OC3CC23,0.6228971
C=C1CCC2=C1CC3NC23,0.57404387
O=C1CCC2=C1CC3NC23,0.72348404
N=C1NCC2=C1CC3NC23,0.71384114
O=C1NCC2=C1CC3NC23,0.68944466
C=C1OCC2=C1CC3NC23,0.8055568
O=C1OCC2=C1CC3NC23,0.7492376
C=C1COC2=C1CC3NC23,0.5946045
C=C1CCC2=C1CC3OC23,0.7251123
O=C1CCC2=C1CC3OC23,0.73002607
N=C1NCC2=C1CC3OC23,0.77678835
O=C1NCC2=C1CC3OC23,0.8264029
C=C1OCC2=C1CC3OC23,0.8314943
O=C1OCC2=C1CC3OC23,0.6940203
C=C1COC2=C1CC3OC23,0.5439328
C=C1CCC2=C1CN3CC23,0.6977413
O=C1CCC2=C1CN3CC23,0.98854136
N=C1NCC2=C1CN3CC23,0.9096644
O=C1NCC2=C1CN3CC23,0.95348644
C=C1OCC2=C1CN3CC23,0.90746844
O=C1OCC2=C1CN3CC23,1.0698028
C=C1COC2=C1CN3CC23,0.81648636
O=C1CCC2=C1CC3CN23,0.6312134
N=C1NCC2=C1CC3CN23,0.43772703
O=C1NCC2=C1CC3CN23,0.58870256
O=C1OCC2=C1CC3CN23,0.6602702
CC1C=CC2=C1CC3CC23,0.7787759
NC1C=CC2=C1CC3CC23,0.83775383
OC1C=CC2=C1CC3CC23,0.9024985
CC1C=CC2=C1OC3CC23,0.8580633
NC1C=CC2=C1OC3CC23,0.93171954
OC1C=CC2=C1OC3CC23,0.9328724
CC1C=CC2=C1CC3NC23,0.7727158
NC1C=CC2=C1CC3NC23,0.85149926
OC1C=CC2=C1CC3NC23,0.7532637
CC1C=CC2=C1CC3OC23,0.8787482
NC1C=CC2=C1CC3OC23,1.067743
OC1C=CC2=C1CC3OC23,0.867377
CC1C=CC2=C1CN3CC23,0.952394
NC1C=CC2=C1CN3CC23,1.0046291
OC1C=CC2=C1CN3CC23,1.0206672
C=C1C=CC2=C1CC3CC23,1.1191133
O=C1C=CC2=C1CC3CC23,1.0624269
N=C1N=CC2=C1CC3CC23,1.2968862
O=C1N=CC2=C1CC3CC23,1.6049244
O=C1C=NC2=C1CC3CC23,1.5035125
N=C1NC=C2C3CC3N=C12,1.3633674
O=C1NC=C2C3CC3N=C12,1.3880199
C=C1C=CC2=C1OC3CC23,1.037266
O=C1C=CC2=C1OC3CC23,1.3968314
N=C1N=CC2=C1OC3CC23,1.4688452
O=C1N=CC2=C1OC3CC23,1.698713
O=C1C=NC2=C1OC3CC23,1.596293
C=C1C=CC2=C1CC3NC23,0.93148094
O=C1C=CC2=C1CC3NC23,1.0384241
N=C1N=CC2=C1CC3NC23,1.3183253
O=C1N=CC2=C1CC3NC23,1.4458075
O=C1C=NC2=C1CC3NC23,1.2200985
C=C1C=CC2=C1CC3OC23,1.1072966
O=C1C=CC2=C1CC3OC23,1.1245699
N=C1N=CC2=C1CC3OC23,1.5175588
O=C1N=CC2=C1CC3OC23,1.7253531
O=C1C=NC2=C1CC3OC23,1.5561465
C=C1C=CC2=C1CN3CC23,1.2664675
O=C1C=CC2=C1CN3CC23,1.3279845
N=C1N=CC2=C1CN3CC23,1.6597855
O=C1N=CC2=C1CN3CC23,1.7330331
O=C1C=NC2=C1CN3CC23,1.6411875
O=C1C=CC2=C1CC3CN23,0.99669427
N=C1N=CC2=C1CC3CN23,1.250665
O=C1N=CC2=C1CC3CN23,1.449917
O=C1C=NC2=C1CC3CN23,1.4782295
CC1=CCC2=C1CC3CC23,0.6103996
CC1=CCC2=C1OC3CC23,0.7771065
CC1=CCC2=C1CC3NC23,0.6282941
CC1=CCC2=C1CC3OC23,0.64436924
CC1=CCC2=C1CN3CC23,0.7623415
CC12C=CC3C1CC4C3C24,0.68514574
NC12C=CC3C1CC4C3C24,0.893185
OC12C=CC3C1CC4C3C24,1.0562896
CC12C=CC3C1NC4C3C24,0.8451443
NC12C=CC3C1NC4C3C24,0.8570168
OC12C=CC3C1NC4C3C24,1.0178076
CC12C=CC3C1OC4C3C24,0.6775332
NC12C=CC3C1OC4C3C24,0.7303767
OC12C=CC3C1OC4C3C24,1.100149
CC12C=CC3C4C(CN13)C24,0.78644556
CC12C=CC3C1CN4C3C24,0.8360328
NC12C=CC3C1CN4C3C24,0.95009404
OC12C=CC3C1CN4C3C24,1.0190064
CC12C=CC3C1CC4C2N34,1.0679353
NC12C=CC3C1CC4C2N34,1.035206
OC12C=CC3C1CC4C2N34,1.3765138
CC12C=CC3C1CC4C3N24,0.95587504
CC12CC=C3C1CC4C3C24,0.66259027
NC12CC=C3C1CC4C3C24,0.8403928
OC12CC=C3C1CC4C3C24,0.78717756
CC12OC=C3C1CC4C3C24,0.7861273
CC12CC=C3C1NC4C3C24,0.70570016
NC12CC=C3C1NC4C3C24,0.69485414
OC12CC=C3C1NC4C3C24,0.8776171
CC12OC=C3C1NC4C3C24,0.72297615
CC12CC=C3C1OC4C3C24,1.0421797
NC12CC=C3C1OC4C3C24,1.1502124
OC12CC=C3C1OC4C3C24,1.3906927
CC12OC=C3C1OC4C3C24,1.1410381
CC12CC=C3C1CN4C3C24,0.7537469
NC12CC=C3C1CN4C3C24,0.79462796
OC12CC=C3C1CN4C3C24,0.8031255
CC12OC=C3C1CN4C3C24,0.7816932
CC12CC=C3C1CC4C3N24,0.72826123
CC12C=CC3C(C4CC14)C23,0.55551064
NC12C=CC3C(C4CC14)C23,0.71056896
OC12C=CC3C(C4CC14)C23,0.8873273
CC12C=CC3C(C4NC14)C23,0.64920264
NC12C=CC3C(C4NC14)C23,0.79156744
OC12C=CC3C(C4NC14)C23,1.1452513
CC12C=CC3C(C4OC14)C23,0.8063406
NC12C=CC3C(C4OC14)C23,0.9996465
OC12C=CC3C(C4OC14)C23,1.2989742
CC12C=CC3C(C4CN14)C23,0.59322083
CC12C=CC3C(C13)N4CC24,0.5932735
NC12C=CC3C(C13)N4CC24,0.58179533
OC12C=CC3C(C13)N4CC24,0.7775963
CC12C=CC3C1N3C4CC24,0.6073297
NC12C=CC3C1N3C4CC24,0.706669
OC12C=CC3C1N3C4CC24,0.97855085
CC12C=CC3C(C4CC14)N23,0.4929916
CC12C=CC3C(C4NC14)N23,0.537969
CC12C=CC3C(C4OC14)N23,0.7299354
CC1CC1C2C=CC3CC23,0.7923715
NC1CC1C2C=CC3CC23,0.7535539
OC1CC1C2C=CC3CC23,0.60993093
CC1NC1C2C=CC3CC23,0.75467646
CC1OC1C2C=CC3CC23,0.90116477
CC1CC1C2C=CC3NC23,0.9022305
NC1CC1C2C=CC3NC23,0.8277249
OC1CC1C2C=CC3NC23,0.9341965
CC1NC1C2C=CC3NC23,0.7149531
CC1OC1C2C=CC3NC23,0.7334
CC1CC1C2C=CC3OC23,1.0531619
NC1CC1C2C=CC3OC23,0.97380143
OC1CC1C2C=CC3OC23,1.2627703
CC1NC1C2C=CC3OC23,1.0524291
CC1OC1C2C=CC3OC23,1.2124531
CN1CC1C2C=CC3CC23,0.74564326
CN1CC1C2C=CC3NC23,0.6807032
CN1CC1C2C=CC3OC23,0.8713768
CC1CN1C2C=CC3CC23,0.7902199
CC1CN1C2C=CC3NC23,0.8164983
CC1CN1C2C=CC3OC23,1.1289121
CC1CC1C2C=CC3CN23,0.9624529
NC1CC1C2C=CC3CN23,0.7687262
OC1CC1C2C=CC3CN23,0.7496649
CC1NC1C2C=CC3CN23,0.8965964
CC1OC1C2C=CC3CN23,0.8352696
CN1CC1C2C=CC3CN23,0.675975
CC1CC1C2=CCC3CC23,0.7164418
NC1CC1C2=CCC3CC23,0.67147654
OC1CC1C2=CCC3CC23,0.5832618
CC1CC1C2=COC3CC23,0.8369529
NC1CC1C2=COC3CC23,0.8629284
OC1CC1C2=COC3CC23,0.95793605
CC1NC1C2=CCC3CC23,0.57583725
CC1NC1C2=COC3CC23,0.947201
CC1OC1C2=CCC3CC23,0.7554979
CC1OC1C2=COC3CC23,0.8307835
CC1CC1C2=CCC3NC23,0.737071
NC1CC1C2=CCC3NC23,0.52633274
OC1CC1C2=CCC3NC23,0.7687193
CC1NC1C2=CCC3NC23,0.5279127
CC1OC1C2=CCC3NC23,0.8014202
CC1CC1C2=CCC3OC23,0.758175
NC1CC1C2=CCC3OC23,0.8184734
OC1CC1C2=CCC3OC23,0.81042963
CC1NC1C2=CCC3OC23,0.8887749
CC1OC1C2=CCC3OC23,0.93209505
CN1CC1C2=CCC3CC23,0.6569247
CN1CC1C2=COC3CC23,0.82630384
CN1CC1C2=CCC3NC23,0.5170952
CN1CC1C2=CCC3OC23,0.7510988
CC1CC1C2=CCN3CC23,0.62232906
NC1CC1C2=CCN3CC23,0.69156414
OC1CC1C2=CCN3CC23,0.78443855
CC1NC1C2=CCN3CC23,0.6365105
CC1OC1C2=CCN3CC23,0.84133947
CN1CC1C2=CCN3CC23,0.591194
C=CC1C2CC2CC3CC13,0.65
C=CC1C2CC2NC3CC13,0.44498312
C=CC1C2CC2OC3CC13,0.6338211
C=CC1C2CC2CC3NC13,0.5852086
C=CC1C2CC2CC3OC13,0.6339841
C=CC1C2NC2CC3NC13,0.47467253
C=CC1C2NC2CC3OC13,0.57658464
C=CC1C2OC2CC3OC13,0.61868966
C=CC1C2CC2CN3CC13,0.5390626
C=CC1C2CN2CC3NC13,0.58541197
C=CC1C2CN2CC3OC13,0.7333891
C=CC1C2CC2CC3CN13,0.6617098
C=CC1C2NC2CC3CN13,0.541152
C=CC1C2OC2CC3CN13,0.67072785
C=CC1C2CN2CC3CN13,0.60565865
CC=C1C2CC2CC3CC13,0.6284397
CC=C1C2CC2NC3CC13,0.39835668
CC=C1C2CC2OC3CC13,0.72650665
CC=C1C2CC2CC3NC13,0.609545
CC=C1C2CC2CC3OC13,0.7202046
CC=C1C2NC2CC3NC13,0.4963934
CC=C1C2NC2CC3OC13,0.6064413
CC=C1C2OC2CC3OC13,0.6735893
CC=C1C2CC2CN3CC13,0.502403
CC=C1C2CN2CC3NC13,0.643279
CC=C1C2CN2CC3OC13,0.8393276
CC1C2CC1C3CC3C=C2,0.77257925
NC1C2CC1C3CC3C=C2,0.6343482
OC1C2CC1C3CC3C=C2,0.53766316
CC1C2NC1C3CC3C=C2,0.6276398
NC1C2NC1C3CC3C=C2,0.6136673
OC1C2NC1C3CC3C=C2,0.7372674
CC1C2OC1C3CC3C=C2,0.59044725
NC1C2OC1C3CC3C=C2,0.65061253
OC1C2OC1C3CC3C=C2,0.6863699
CN1C2CC1C3CC3C=C2,0.63442373
CC1C2CN1C3CC3C=C2,0.6464127
CC1C2CC1C3NC3C=C2,0.74398834
NC1C2CC1C3NC3C=C2,0.64983106
OC1C2CC1C3NC3C=C2,0.67081034
CC1C2NC1C3NC3C=C2,0.6642543
NC1C2NC1C3NC3C=C2,0.7592003
OC1C2NC1C3NC3C=C2,0.7822316
CC1C2OC1C3NC3C=C2,0.7032769
NC1C2OC1C3NC3C=C2,0.7667173
OC1C2OC1C3NC3C=C2,0.85829467
CN1C2CC1C3NC3C=C2,0.6183641
CC1C2CC1C3OC3C=C2,0.9565632
NC1C2CC1C3OC3C=C2,0.8956137
OC1C2CC1C3OC3C=C2,0.785046
CC1C2NC1C3OC3C=C2,1.0544373
NC1C2NC1C3OC3C=C2,0.89339364
OC1C2NC1C3OC3C=C2,1.0702
CC1C2OC1C3OC3C=C2,1.0563295
NC1C2OC1C3OC3C=C2,1.0185211
OC1C2OC1C3OC3C=C2,1.1475002
CN1C2CC1C3OC3C=C2,0.9558818
CC1C2CC1N3CC3C=C2,0.5969063
NC1C2CC1N3CC3C=C2,0.7366661
OC1C2CC1N3CC3C=C2,0.6663453
O=C1C2CC1C3CC3C=C2,0.87545896
O=C1C2NC1C3CC3C=C2,0.8270897
O=C1C2OC1C3CC3C=C2,1.0166463
O=C1C2CC1C3NC3C=C2,0.92303944
O=C1C2NC1C3NC3C=C2,0.969615
O=C1C2OC1C3NC3C=C2,0.9749017
O=C1C2CC1C3OC3C=C2,1.3506202
O=C1C2NC1C3OC3C=C2,1.5407404
O=C1C2OC1C3OC3C=C2,1.6221309
O=C1C2CC1N3CC3C=C2,0.8909099
CC1C2CC1C3C=CCC23,0.76855075
NC1C2CC1C3C=CCC23,0.6945143
OC1C2CC1C3C=CCC23,0.6050632
CC1C2CC1C3C=COC23,0.49842727
NC1C2CC1C3C=COC23,0.66611075
OC1C2CC1C3C=COC23,0.6585629
CC1C2NC1C3C=CCC23,0.65964895
NC1C2NC1C3C=CCC23,0.71958065
OC1C2NC1C3C=CCC23,0.85826784
CC1C2NC1C3C=COC23,0.5974285
NC1C2NC1C3C=COC23,0.7098309
OC1C2NC1C3C=COC23,0.68963134
CC1C2OC1C3C=CCC23,0.6455615
NC1C2OC1C3C=CCC23,0.6968502
OC1C2OC1C3C=CCC23,0.5729526
CC1C2OC1C3C=COC23,0.5854969
NC1C2OC1C3C=COC23,0.6505176
OC1C2OC1C3C=COC23,0.62560266
CC1C2CC1N3CC=CC23,0.45693043
NC1C2CC1N3CC=CC23,0.55043286
OC1C2CC1N3CC=CC23,0.47724935
CN1C2CC1C3C=CCC23,0.5886946
CN1C2CC1C3C=COC23,0.48490766
CC1C2CN1C3C=CCC23,0.7227221
CC1C2CN1C3C=COC23,0.6914522
CC1C2CN1C3CC=CC23,0.7242321
O=C1C2CC1C3C=CCC23,0.7155314
O=C1C2CC1C3C=COC23,0.92950237
O=C1C2NC1C3C=CCC23,0.80749345
O=C1C2NC1C3C=COC23,1.164518
O=C1C2OC1C3C=CCC23,0.6612115
O=C1C2OC1C3C=COC23,0.9268484
O=C1C2CC1N3CC=CC23,0.64804363
CC1C2CC1C3=CCCC23,0.6847446
NC1C2CC1C3=CCCC23,0.53957397
OC1C2CC1C3=CCCC23,0.57252574
CC1C2CC1C3=COCC23,0.6185909
NC1C2CC1C3=COCC23,0.63590735
OC1C2CC1C3=COCC23,0.61882854
CC1C2CC1C3=CCNC23,0.47154406
NC1C2CC1C3=CCNC23,0.45393166
OC1C2CC1C3=CCNC23,0.48193192
CC1C2CC1C3=CCOC23,0.6056879
NC1C2CC1C3=CCOC23,0.71220684
OC1C2CC1C3=CCOC23,0.7087095
CC1C2NC1C3=CCCC23,0.4837883
NC1C2NC1C3=CCCC23,0.7001389
OC1C2NC1C3=CCCC23,0.7944956
CC1C2NC1C3=COCC23,0.6013906
NC1C2NC1C3=COCC23,0.6072928
OC1C2NC1C3=COCC23,0.8400123
CC1C2NC1C3=CCNC23,0.47031394
NC1C2NC1C3=CCNC23,0.5452625
OC1C2NC1C3=CCNC23,0.59636176
CC1C2NC1C3=CCOC23,0.66574943
NC1C2NC1C3=CCOC23,0.73060477
OC1C2NC1C3=CCOC23,0.76068354
CC1C2OC1C3=CCCC23,0.667079
NC1C2OC1C3=CCCC23,0.7234707
OC1C2OC1C3=CCCC23,0.70142174
CC1C2OC1C3=COCC23,0.505901
NC1C2OC1C3=COCC23,0.771882
OC1C2OC1C3=COCC23,0.65131
CC1C2OC1C3=CCNC23,0.5016428
NC1C2OC1C3=CCNC23,0.5437541
OC1C2OC1C3=CCNC23,0.48635435
CC1C2OC1C3=CCOC23,0.7437118
NC1C2OC1C3=CCOC23,0.765769
OC1C2OC1C3=CCOC23,0.695114
CN1C2CC1C3=CCCC23,0.45198107
CN1C2CC1C3=COCC23,0.58624977
CN1C2CC1C3=CCNC23,0.38880667
CN1C2CC1C3=CCOC23,0.60295814
CC1C2CN1C3CCC=C23,0.88646793
CC1C2CN1C3COC=C23,0.7017827
O=C1C2CC1C3=CCCC23,0.80298066
O=C1C2CC1C3=COCC23,1.08935
O=C1C2CC1C3=CCNC23,0.6267569
O=C1C2CC1C3=CCOC23,1.0216832
O=C1C2NC1C3=CCCC23,0.7769283
O=C1C2NC1C3=COCC23,1.2739576
O=C1C2NC1C3=CCNC23,0.69264126
O=C1C2NC1C3=CCOC23,1.1809508
O=C1C2OC1C3=CCCC23,0.7841672
O=C1C2OC1C3=COCC23,1.0589684
O=C1C2OC1C3=CCNC23,0.7187729
O=C1C2OC1C3=CCOC23,0.8539647
CC1C2CC1C3=CC=CC23,0.8467772
NC1C2CC1C3=CC=CC23,0.83901536
OC1C2CC1C3=CC=CC23,0.7681198
CC1C2NC1C3=CC=CC23,0.8993519
NC1C2NC1C3=CC=CC23,0.7893411
OC1C2NC1C3=CC=CC23,0.81677014
CC1C2OC1C3=CC=CC23,0.74885535
NC1C2OC1C3=CC=CC23,0.7804221
OC1C2OC1C3=CC=CC23,0.6433502
CN1C2CC1C3=CC=CC23,0.7209307
CC1C2CN1C3C=CC=C23,1.1748787
O=C1C2CC1C3=CC=CC23,0.8949339
O=C1C2NC1C3=CC=CC23,1.0589696
O=C1C2OC1C3=CC=CC23,1.108335
CC1C2CC1C3=CCC=C23,0.89491916
NC1C2CC1C3=CCC=C23,0.95017576
OC1C2CC1C3=CCC=C23,0.859344
CC1C2NC1C3=CCC=C23,0.9397182
NC1C2NC1C3=CCC=C23,0.9020785
OC1C2NC1C3=CCC=C23,0.86129475
CC1C2OC1C3=CCC=C23,0.9615917
NC1C2OC1C3=CCC=C23,1.0058733
OC1C2OC1C3=CCC=C23,0.9386625
CN1C2CC1C3=CCC=C23,0.87031764
O=C1C2CC1C3=CCC=C23,0.95611846
O=C1C2NC1C3=CCC=C23,1.0287572
O=C1C2OC1C3=CCC=C23,1.1670521
CC1C2CC1C3=C2CCC3,0.64327055
NC1C2CC1C3=C2CCC3,0.6795949
OC1C2CC1C3=C2CCC3,0.6812365
CC1C2CC1C3=C2CNC3,0.5316823
NC1C2CC1C3=C2CNC3,0.6236451
OC1C2CC1C3=C2CNC3,0.63283163
CC1C2CC1C3=C2COC3,0.7560711
NC1C2CC1C3=C2COC3,0.7283891
OC1C2CC1C3=C2COC3,0.79691637
CC1C2CC1C3=C2CCO3,0.65056396
NC1C2CC1C3=C2CCO3,0.72529435
OC1C2CC1C3=C2CCO3,0.712016
CC1C2CC1C3=C2OCO3,0.4621155
NC1C2CC1C3=C2OCO3,0.55641305
OC1C2CC1C3=C2OCO3,0.62438905
CC1C2NC1C3=C2CCC3,0.62840766
NC1C2NC1C3=C2CCC3,0.78817976
OC1C2NC1C3=C2CCC3,0.81236047
CC1C2NC1C3=C2CNC3,0.609964
NC1C2NC1C3=C2CNC3,0.7602392
OC1C2NC1C3=C2CNC3,0.6544855
CC1C2NC1C3=C2COC3,0.6702392
NC1C2NC1C3=C2COC3,0.8506736
OC1C2NC1C3=C2COC3,0.7069129
CC1C2NC1C3=C2CCO3,0.6851045
NC1C2NC1C3=C2CCO3,0.8746104
OC1C2NC1C3=C2CCO3,0.6476464
CC1C2NC1C3=C2OCO3,0.61968166
NC1C2NC1C3=C2OCO3,0.6643275
OC1C2NC1C3=C2OCO3,0.75455356
CC1C2OC1C3=C2CCC3,0.7354164
NC1C2OC1C3=C2CCC3,0.7727797
OC1C2OC1C3=C2CCC3,0.911412
CC1C2OC1C3=C2CNC3,0.62005556
NC1C2OC1C3=C2CNC3,0.62817776
OC1C2OC1C3=C2CNC3,0.8278148
CC1C2OC1C3=C2COC3,0.74890447
NC1C2OC1C3=C2COC3,0.8304855
OC1C2OC1C3=C2COC3,0.85777646
CC1C2OC1C3=C2CCO3,0.8141732
NC1C2OC1C3=C2CCO3,0.752554
OC1C2OC1C3=C2CCO3,0.90622324
CC1C2OC1C3=C2OCO3,0.5829505
NC1C2OC1C3=C2OCO3,0.65842235
OC1C2OC1C3=C2OCO3,0.52835083
CN1C2CC1C3=C2CCC3,0.4918353
CN1C2CC1C3=C2CNC3,0.5330556
CN1C2CC1C3=C2COC3,0.58582205
CN1C2CC1C3=C2CCO3,0.53156257
CN1C2CC1C3=C2OCO3,0.40597594
O=C1C2CC1C3=C2CCC3,0.9127906
O=C1C2CC1C3=C2CNC3,0.94411933
O=C1C2CC1C3=C2COC3,1.0288287
O=C1C2CC1C3=C2CCO3,1.045432
O=C1C2CC1C3=C2OCO3,0.8303033
O=C1C2NC1C3=C2CCC3,0.96673346
O=C1C2NC1C3=C2CNC3,0.7388829
O=C1C2NC1C3=C2COC3,1.1434034
O=C1C2NC1C3=C2CCO3,1.0629178
O=C1C2NC1C3=C2OCO3,0.83988476
O=C1C2OC1C3=C2CCC3,1.2991889
O=C1C2OC1C3=C2CNC3,0.92431474
O=C1C2OC1C3=C2COC3,1.0275079
O=C1C2OC1C3=C2CCO3,1.2473692
O=C1C2OC1C3=C2OCO3,1.2867407
CC1C2CC1C3=C2CC=C3,0.968469
NC1C2CC1C3=C2CC=C3,1.0051677
OC1C2CC1C3=C2CC=C3,1.0181841
CC1C2NC1C3=C2CC=C3,0.8983307
NC1C2NC1C3=C2CC=C3,1.0606428
OC1C2NC1C3=C2CC=C3,1.0652826
CC1C2OC1C3=C2CC=C3,0.976687
NC1C2OC1C3=C2CC=C3,1.0821127
OC1C2OC1C3=C2CC=C3,1.1626767
CN1C2CC1C3=C2CC=C3,0.86182904
O=C1C2CC1C3=C2CC=C3,1.1944147
O=C1C2NC1C3=C2CC=C3,1.2715074
O=C1C2OC1C3=C2CC=C3,1.4356598
CC1C2CC1C3C(C=C)C23,0.78649414
NC1C2CC1C3C(C=C)C23,0.8451347
OC1C2CC1C3C(C=C)C23,0.85220116
CC1C2NC1C3C(C=C)C23,0.8173826
NC1C2NC1C3C(C=C)C23,1.0042976
OC1C2NC1C3C(C=C)C23,1.0473043
CC1C2OC1C3C(C=C)C23,0.877992
NC1C2OC1C3C(C=C)C23,0.99236965
OC1C2OC1C3C(C=C)C23,0.9233968
CN1C2CC1C3C(C=C)C23,0.67370427
CC1C2CN1C3C(C=C)C23,0.88767433
CC1C2CC1N3C(C=C)C23,0.785927
NC1C2CC1N3C(C=C)C23,0.7930997
OC1C2CC1N3C(C=C)C23,0.8438531
C=CC1C2C3CC(C12)C3=O,1.244358
C=CC1C2C3NC(C12)C3=O,1.4959782
C=CC1C2C3OC(C12)C3=O,1.4007586
C=CC1C2C3CC(N12)C3=O,1.5717793
C=C1CCC2C3CC2C1C3,0.8159779
C=C1OCC2C3CC2C1C3,0.86624146
C=C1CNC2C3CC2C1C3,0.60466486
C=C1COC2C3CC2C1C3,0.8549949
C=C1CCC2C3CC2C1N3,0.73460674
C=C1OCC2C3CC2C1N3,0.80251664
C=C1CNC2C3CC2C1N3,0.74774784
C=C1COC2C3CC2C1N3,0.85664165
C=C1CCC2C3CC2C1O3,1.075869
C=C1OCC2C3CC2C1O3,1.0657161
C=C1CNC2C3CC2C1O3,0.99282813
C=C1COC2C3CC2C1O3,1.153829
C=C1CCC2C3CC1C2N3,0.8077757
C=C1OCC2C3CC1C2N3,0.8905981
C=C1CNC2C3CC1C2N3,0.853723
C=C1COC2C3CC1C2N3,1.1545798
C=C1CCC2C3CC1C2O3,1.1229932
C=C1OCC2C3CC1C2O3,1.1289647
C=C1CNC2C3CC1C2O3,0.9784992
C=C1COC2C3CC1C2O3,1.3780051
C=C1CCN2C3CC2C1C3,0.6339108
C=C1CCC2C3CN2CC13,0.74536455
C=C1OCC2C3CN2CC13,1.0379407
C=C1CCC2C3CC1N2C3,0.5673639
C=C1OCC2C3CC1N2C3,0.868718
CC1C=CC2C3CC1C2C3,0.55934083
NC1C=CC2C3CC1C2C3,0.67245007
OC1C=CC2C3CC1C2C3,0.63486546
CC1C=CC2C3CC2C1N3,0.54262364
NC1C=CC2C3CC2C1N3,0.6300978
OC1C=CC2C3CC2C1N3,0.6063637
CC1C=CC2C3CC2C1O3,0.8004843
NC1C=CC2C3CC2C1O3,0.9559381
OC1C=CC2C3CC2C1O3,0.85930777
CC1C=CC2C3CC1C2N3,0.6269788
NC1C=CC2C3CC1C2N3,0.77083105
OC1C=CC2C3CC1C2N3,0.843575
CC1C=CC2C3CC1C2O3,0.8486662
NC1C=CC2C3CC1C2O3,1.0810105
OC1C=CC2C3CC1C2O3,0.92770886
CC1C=CC2C3CC2N1C3,0.5140364
CC1C=CC2C3CN2CC13,0.60277945
NC1C=CC2C3CN2CC13,0.6943756
OC1C=CC2C3CN2CC13,0.7650318
CC1C=CC2C3CC1N2C3,0.39374393
NC1C=CC2C3CC1N2C3,0.62117803
OC1C=CC2C3CC1N2C3,0.5620481
C=C1C=CC2C3CC2C1C3,0.8907446
O=C1C=CC2C3CC2C1C3,1.2472419
C=C1C=CC2C3CC2C1N3,1.013111
O=C1C=CC2C3CC2C1N3,1.2838224
C=C1C=CC2C3CC2C1O3,1.2096723
O=C1C=CC2C3CC2C1O3,1.6308507
C=C1C=CC2C3CC1C2N3,1.2605668
O=C1C=CC2C3CC1C2N3,1.2947476
C=C1C=CC2C3CC1C2O3,1.3837509
O=C1C=CC2C3CC1C2O3,1.6317276
C=C1C=CC2C3CN2CC13,0.85578024
O=C1C=CC2C3CN2CC13,1.266414
C=C1C=CC2C3CC1N2C3,0.96349883
O=C1C=CC2C3CC1N2C3,1.0324702
CC1=CCC2C3CC2C1C3,0.7047178
CC1=COC2C3CC2C1C3,0.5787177
CC1=CCC2C3CC2C1N3,0.48085383
CC1=COC2C3CC2C1N3,0.49200776
CC1=CCC2C3CC2C1O3,0.78550947
CC1=COC2C3CC2C1O3,0.81112677
CC1=CCC2C3CC1C2N3,0.7893419
CC1=COC2C3CC1C2N3,0.7573999
CC1=CCC2C3CC1C2O3,0.9041238
CC1=COC2C3CC1C2O3,1.0173439
CC1=CCN2C3CC2C1C3,0.50450087
CC1=CCC2C3CN2CC13,0.53456837
CC1=CCC2C3CC1N2C3,0.3597151
C1CC2CC1C3CC2C=C3,0.6981035
C1NC2CC1C3CC2C=C3,0.6669094
C1OC2CC1C3CC2C=C3,0.7208201
C1CC2CC1C3NC2C=C3,0.6876747
C1NC2CC1C3NC2C=C3,0.5680849
C1OC2CC1C3NC2C=C3,0.7749635
C1CC2CC1C3OC2C=C3,0.77682066
C1NC2CC1C3OC2C=C3,0.805644
C1OC2CC1C3OC2C=C3,0.809453
C1CC2NC1C3CC2C=C3,0.65424037
C1CC2NC1C3NC2C=C3,0.7085998
C1CC2NC1C3OC2C=C3,0.80853546
C1CC2OC1C3CC2C=C3,0.7085874
C1OC2OC1C3CC2C=C3,0.99203855
C1CC2OC1C3NC2C=C3,0.7174511
C1OC2OC1C3NC2C=C3,1.0354873
C1CC2OC1C3OC2C=C3,0.6355295
C1OC2OC1C3OC2C=C3,1.063414
C1CN2CC1C3CC2C=C3,0.59858036
C1C2C=CC1C3CC2C=C3,0.7374705
C1C2C=CC1C3NC2C=C3,0.8120371
C1C2C=CC1C3OC2C=C3,0.8677403
N1C2C=CC1C3NC2C=C3,0.6169555
N1C2C=CC1C3OC2C=C3,0.8375925
O1C2C=CC1C3OC2C=C3,1.161831
C=C1CCC2C3CC1CC23,0.7792644
C=C1OCC2C3CC1CC23,0.6457706
C=C1CNC2C3CC1CC23,0.49049288
C=C1COC2C3CC1CC23,0.79363835
C=C1CCC2C3CC1NC23,0.5941157
C=C1OCC2C3CC1NC23,0.559597
C=C1CNC2C3CC1NC23,0.531076
C=C1COC2C3CC1NC23,0.5797898
C=C1CCC2C3CC1OC23,0.5703728
C=C1OCC2C3CC1OC23,0.64627373
C=C1CNC2C3CC1OC23,0.5804159
C=C1COC2C3CC1OC23,0.64736235
C=C1CCC2C3OC1OC23,0.7553235
C=C1OCC2C3OC1OC23,0.58943856
C=C1CNC2C3OC1OC23,0.81948173
C=C1COC2C3OC1OC23,0.8195968
C=C1CCN2C3CC1CC23,0.48897073
C=C1CCC2C3CC1CN23,0.6999051
C=C1OCC2C3CC1CN23,0.48681197
CC1C=CC2C3CC1CC23,0.882203
NC1C=CC2C3CC1CC23,0.8342073
OC1C=CC2C3CC1CC23,0.84695613
CC1C=CC2C3CC1NC23,0.6828618
NC1C=CC2C3CC1NC23,0.7670851
OC1C=CC2C3CC1NC23,0.84087086
CC1C=CC2C3CC1OC23,0.6519473
NC1C=CC2C3CC1OC23,0.8475673
OC1C=CC2C3CC1OC23,0.79645807
CC1C=CC2C3OC1OC23,1.0048465
NC1C=CC2C3OC1OC23,1.0865496
OC1C=CC2C3OC1OC23,1.0341289
CC1C=CC2C3CN1CC23,0.5715772
CC1C=CC2C3CC1CN23,0.56686413
NC1C=CC2C3CC1CN23,0.60606474
OC1C=CC2C3CC1CN23,0.55199915
C=C1C=CC2C3CC1CC23,1.0290266
O=C1C=CC2C3CC1CC23,1.282455
C=C1C=CC2C3CC1NC23,0.93928736
O=C1C=CC2C3CC1NC23,1.073732
C=C1C=CC2C3CC1OC23,1.00157
O=C1C=CC2C3CC1OC23,1.2448677
C=C1C=CC2C3OC1OC23,1.2398311
O=C1C=CC2C3OC1OC23,1.4402351
C=C1C=CC2C3CC1CN23,0.7965132
O=C1C=CC2C3CC1CN23,0.9600357
CC1=CCC2C3CC1CC23,0.7283963
CC1=COC2C3CC1CC23,0.5448078
CC1=CCC2C3CC1NC23,0.5664709
CC1=COC2C3CC1NC23,0.43063542
CC1=CCC2C3CC1OC23,0.57145774
CC1=COC2C3CC1OC23,0.54639137
CC1=CCC2C3OC1OC23,0.84636307
CC1=COC2C3OC1OC23,0.796555
CC1=CCN2C3CC1CC23,0.4860888
CC1=CCC2C3CC1CN23,0.63321483
CC1C2C3CC2C(C3)C1=C,0.59561443
NC1C2C3CC2C(C3)C1=C,0.65606457
OC1C2C3CC2C(C3)C1=C,0.71592855
CC1C2C3CC2C(N3)C1=C,0.33667493
NC1C2C3CC2C(N3)C1=C,0.6881527
OC1C2C3CC2C(N3)C1=C,0.6239717
CC1C2C3CC2C(O3)C1=C,0.9047532
NC1C2C3CC2C(O3)C1=C,0.97886753
OC1C2C3CC2C(O3)C1=C,0.9082395
CC1C2C3CC(C2N3)C1=C,0.4803331
NC1C2C3CC(C2N3)C1=C,0.8394482
OC1C2C3CC(C2N3)C1=C,0.823209
CC1C2C3CC(C2O3)C1=C,0.7603792
NC1C2C3CC(C2O3)C1=C,1.0302647
OC1C2C3CC(C2O3)C1=C,1.0155196
CC1C2C3CN2CC3C1=C,0.59038746
NC1C2C3CN2CC3C1=C,0.7970936
OC1C2C3CN2CC3C1=C,0.82539344
CC1N2C3CC2C(C3)C1=C,0.72831124
CC1C2C3CC(N2C3)C1=C,0.54607576
NC1C2C3CC(N2C3)C1=C,0.6719939
OC1C2C3CC(N2C3)C1=C,0.7778295
CC1C2CC3CC2C3C1=C,0.62251604
NC1C2CC3CC2C3C1=C,0.7604222
OC1C2CC3CC2C3C1=C,0.80973816
CC1C2NC3CC2C3C1=C,0.5537822
NC1C2NC3CC2C3C1=C,0.77767926
OC1C2NC3CC2C3C1=C,0.77253366
CC1C2OC3CC2C3C1=C,0.8254972
NC1C2OC3CC2C3C1=C,0.8834146
OC1C2OC3CC2C3C1=C,1.0087343
CC1C2CC3NC2C3C1=C,0.644037
NC1C2CC3NC2C3C1=C,0.9547069
OC1C2CC3NC2C3C1=C,0.86915815
CC1C2CC3OC2C3C1=C,0.8025986
NC1C2CC3OC2C3C1=C,0.81367445
OC1C2CC3OC2C3C1=C,0.83377135
CC1N2CC3CC2C3C1=C,0.6684921
CC1C2CN3CC2C3C1=C,0.674937
NC1C2CN3CC2C3C1=C,0.8579748
OC1C2CN3CC2C3C1=C,0.77254105
CC1C2CC3CN2C3C1=C,0.6867658
NC1C2CC3CN2C3C1=C,0.7747922
OC1C2CC3CN2C3C1=C,0.8400557
C=C1C2CC3CC2C3C1=C,0.88492
C=C1C2C3CC2C(C3)C1=O,1.0536326
C=C1C2CC3CC2C3C1=O,1.3648136
C=C1C2NC3CC2C3C1=C,0.8358158
C=C1C2C3CC2C(N3)C1=O,1.2249291
C=C1C2NC3CC2C3C1=O,0.99452233
C=C1C2OC3CC2C3C1=C,1.0704793
C=C1C2C3CC2C(O3)C1=O,1.7495462
C=C1C2OC3CC2C3C1=O,1.4326748
C=C1C2CC3NC2C3C1=C,0.948791
C=C1C2C3CC(C2N3)C1=O,1.3355472
C=C1C2CC3NC2C3C1=O,1.1732528
C=C1C2CC3OC2C3C1=C,0.97953236
C=C1C2C3CC(C2O3)C1=O,1.6487006
C=C1C2CC3OC2C3C1=O,1.3333303
C=C1C2CN3CC2C3C1=C,0.86521864
C=C1C2C3CN2CC3C1=O,1.4551587
C=C1C2CN3CC2C3C1=O,1.3291893
C=C1C2CC3CN2C3C1=C,0.9392353
C=C1C2C3CC(N2C3)C1=O,1.4691879
C=C1C2CC3CN2C3C1=O,1.5732998
CC1=C(C)C2C3CC2C1C3,0.7170872
CC1=C(C)C2C3CC2C1N3,0.4799068
CC1=C(C)C2C3CC2C1O3,0.7557097
CC1=C(C)C2C3CC1C2N3,0.572007
CC1=C(C)C2C3CC1C2O3,0.99312025
CC1=C(C)C2C3CN2CC13,0.52763957
CC1=C(C)C2C3CC1N2C3,0.33013403
C=C1C2CCC(C2)C3CC13,0.84442914
C=C1C2CC(CN2)C3CC13,0.5901935
C=C1C2CC(CO2)C3CC13,0.71715796
C=C1C2CNC(C2)C3CC13,0.61502683
C=C1C2COC(C2)C3CC13,0.64479405
C=C1C2CCC(N2)C3CC13,0.55274427
C=C1C2CCC(O2)C3CC13,0.50877386
C=C1C2CC2C3COC1O3,0.83278054
C=C1C2COC(O2)C3CC13,0.7414518
C=C1C2CCN(C2)C3CC13,0.60807455
C=C1C2CCC(C2)C3NC13,0.6314221
C=C1C2CC(CN2)C3NC13,0.45197675
C=C1C2CC(CO2)C3NC13,0.5524396
C=C1C2CNC(C2)C3NC13,0.41170073
C=C1C2COC(C2)C3NC13,0.61535025
C=C1C2CCC(N2)C3NC13,0.3570508
C=C1C2CCC(O2)C3NC13,0.44632578
C=C1C2OCC(O2)C3NC13,0.55530965
C=C1C2COC(O2)C3NC13,0.6897186
C=C1C2CCC(C2)C3OC13,0.47356445
C=C1C2CC(CN2)C3OC13,0.29565993
C=C1C2CC(CO2)C3OC13,0.48214552
C=C1C2CNC(C2)C3OC13,0.62491417
C=C1C2COC(C2)C3OC13,0.679844
C=C1C2CCC(N2)C3OC13,0.43318328
C=C1C2CCC(O2)C3OC13,0.4976174
C=C1C2OCC(O2)C3OC13,0.4968909
C=C1C2COC(O2)C3OC13,0.74723476
C=C1C2CCC(C2)N3CC13,0.6273827
C=C1C2CC(CN2)N3CC13,0.5965344
C=C1C2CC(CO2)N3CC13,0.66155386
CC1C2CC(C=C2)C3CC13,0.8136767
NC1C2CC(C=C2)C3CC13,0.72001123
OC1C2CC(C=C2)C3CC13,0.7608994
CC1C2CC2C3NC1C=C3,0.6740673
NC1C2CC2C3NC1C=C3,0.67632484
OC1C2CC2C3NC1C=C3,0.6329092
CC1C2CC2C3OC1C=C3,0.85866046
NC1C2CC2C3OC1C=C3,0.8796656
OC1C2CC2C3OC1C=C3,0.77191573
CN1C2CC(C=C2)C3CC13,0.603719
CC1C2CC(C=C2)C3NC13,0.7067374
NC1C2CC(C=C2)C3NC13,0.5759529
OC1C2CC(C=C2)C3NC13,0.6444355
CC1C2NC(C=C2)C3NC13,0.46993524
NC1C2NC(C=C2)C3NC13,0.6474336
OC1C2NC(C=C2)C3NC13,0.5570285
CC1C2NC2C3OC1C=C3,0.732839
NC1C2NC2C3OC1C=C3,0.8959887
OC1C2NC2C3OC1C=C3,0.9318633
CC1C2CC(C=C2)C3OC13,0.5983796
NC1C2CC(C=C2)C3OC13,0.62801164
OC1C2CC(C=C2)C3OC13,0.5251867
CC1C2NC(C=C2)C3OC13,0.5156616
NC1C2NC(C=C2)C3OC13,0.4673006
OC1C2NC(C=C2)C3OC13,0.6313418
CC1C2OC(C=C2)C3OC13,0.61798894
NC1C2OC(C=C2)C3OC13,0.83338493
OC1C2OC(C=C2)C3OC13,0.9341551
CC1C2CC(C=C2)C3CN13,0.60624087
CC1C2NC(C=C2)C3CN13,0.5002065
CC1C2OC(C=C2)C3CN13,0.5976315
CC1C2CC(C=C2)N3CC13,0.7370973
NC1C2CC(C=C2)N3CC13,0.79912657
OC1C2CC(C=C2)N3CC13,0.81973124
C=C1C2CC(C=C2)C3CC13,0.8375733
O=C1C2CC(C=C2)C3CC13,1.0119332
C=C1C2CC2C3NC1C=C3,0.76899445
O=C1C2CC2C3NC1C=C3,0.93429375
C=C1C2CC2C3OC1C=C3,0.87691486
O=C1C2CC2C3OC1C=C3,1.36243
C=C1C2CC(C=C2)C3NC13,0.7870318
O=C1C2CC(C=C2)C3NC13,0.8208984
C=C1C2NC(C=C2)C3NC13,0.69519675
O=C1C2NC(C=C2)C3NC13,1.1328629
C=C1C2NC2C3OC1C=C3,0.92059034
O=C1C2NC2C3OC1C=C3,1.4306995
C=C1C2CC(C=C2)C3OC13,0.6977053
O=C1C2CC(C=C2)C3OC13,0.946768
C=C1C2NC(C=C2)C3OC13,0.7243596
O=C1C2NC(C=C2)C3OC13,0.83089995
C=C1C2OC(C=C2)C3OC13,0.9923794
O=C1C2OC(C=C2)C3OC13,1.1636066
N=C1C2CC(C=C2)C3CN13,0.76867676
O=C1C2CC(C=C2)C3CN13,0.8467016
N=C1C2NC(C=C2)C3CN13,0.7247159
O=C1C2NC(C=C2)C3CN13,0.9111812
N=C1C2OC(C=C2)C3CN13,0.99372107
O=C1C2OC(C=C2)C3CN13,0.7490123
C=C1C2CC(C=C2)N3CC13,0.86401755
O=C1C2CC(C=C2)N3CC13,1.1978722
CC1C2C3CCC(C23)C1=C,0.6583813
NC1C2C3CCC(C23)C1=C,0.7708119
OC1C2C3CCC(C23)C1=C,0.8067423
CC1C2C3CNC(C23)C1=C,0.52667135
NC1C2C3CNC(C23)C1=C,0.771765
OC1C2C3CNC(C23)C1=C,0.80816764
CC1C2C3COC(C23)C1=C,0.82117975
NC1C2C3COC(C23)C1=C,0.9221852
OC1C2C3COC(C23)C1=C,0.88886356
CC1C2C3NCC(C23)C1=C,0.61079204
NC1C2C3NCC(C23)C1=C,0.7507769
OC1C2C3NCC(C23)C1=C,0.6505965
CC1C2C3OCC(C23)C1=C,0.8126995
NC1C2C3OCC(C23)C1=C,0.8405613
OC1C2C3OCC(C23)C1=C,0.94340104
CC1C2C3C(CCN23)C1=C,0.45937136
NC1C2C3C(CCN23)C1=C,0.9339457
OC1C2C3C(CCN23)C1=C,0.70882475
CC1N2C3CCC(C23)C1=C,0.71158516
CC1N2C3CNC(C23)C1=C,0.70782363
CC1N2C3COC(C23)C1=C,0.7925318
CC1C2C3CCC(N23)C1=C,0.60684717
NC1C2C3CCC(N23)C1=C,0.8935148
OC1C2C3CCC(N23)C1=C,0.88204265
CC1C2CCC3C2C3C1=C,0.60825473
NC1C2CCC3C2C3C1=C,0.6759612
OC1C2CCC3C2C3C1=C,0.8041942
CC1C2NCC3C2C3C1=C,0.57729876
NC1C2NCC3C2C3C1=C,0.7858783
OC1C2NCC3C2C3C1=C,0.68922424
CC1C2OCC3C2C3C1=C,0.85127753
NC1C2OCC3C2C3C1=C,0.81480074
OC1C2OCC3C2C3C1=C,0.9451513
CC1C2CNC3C2C3C1=C,0.5482269
NC1C2CNC3C2C3C1=C,0.8577486
OC1C2CNC3C2C3C1=C,0.6483772
CC1C2COC3C2C3C1=C,0.8198897
NC1C2COC3C2C3C1=C,0.7047279
OC1C2COC3C2C3C1=C,0.81134987
CC1N2CCC3C2C3C1=C,0.662591
CC1C2CCN3C2C3C1=C,0.49596786
NC1C2CCN3C2C3C1=C,0.86221766
OC1C2CCN3C2C3C1=C,0.7772296
CC1C2CCC3C(N23)C1=C,0.5565349
NC1C2CCC3C(N23)C1=C,0.89552486
OC1C2CCC3C(N23)C1=C,0.84844446
C=C1C2CCC3C2C3C1=C,0.8398555
C=C1C2C3CCC(C23)C1=O,1.2798026
C=C1C2CCC3C2C3C1=O,1.359769
C=C1C2NCC3C2C3C1=C,0.69490445
C=C1C2C3CNC(C23)C1=O,1.2333999
C=C1C2NCC3C2C3C1=O,0.9628019
C=C1C2OCC3C2C3C1=C,0.9683286
C=C1C2C3COC(C23)C1=O,1.5846776
C=C1C2OCC3C2C3C1=O,1.2505925
C=C1C2CNC3C2C3C1=C,0.70929635
C=C1C2C3NCC(C23)C1=O,1.2366549
C=C1C2CNC3C2C3C1=O,1.1732715
C=C1C2COC3C2C3C1=C,0.8903321
C=C1C2C3OCC(C23)C1=O,1.4190788
C=C1C2COC3C2C3C1=O,1.7304322
C=C1C2CCN3C2C3C1=C,0.7740847
C=C1C2C3C(CCN23)C1=O,1.533974
C=C1C2CCN3C2C3C1=O,1.2088457
C=C1C2CCC3C(N23)C1=C,0.94717526
C=C1C2C3CCC(N23)C1=O,1.5116613
C=C1C2CCC3C(N23)C1=O,1.5071803
CC1C(C)C2C3C=CC1C23,0.86031497
CC1C(N)C2C=CC3C1C23,0.6162302
CC1C(O)C2C=CC3C1C23,0.68571645
CC1C(N)C2C3C=CC1C23,0.71446866
NC1C(N)C2C3C=CC1C23,0.84918636
NC1C(O)C2C=CC3C1C23,0.69082725
CC1C(O)C2C3C=CC1C23,0.8289503
NC1C(O)C2C3C=CC1C23,0.8773035
OC1C(O)C2C3C=CC1C23,0.7826332
CC1C2C3C=CC(C23)N1C,0.66864544
CC1C2C=CC3C2C3N1C,0.561831
CC1C(C)N2C3C=CC1C23,0.636226
CC1C(N)C2C=CC3C2N13,0.6954081
CC1C(O)C2C=CC3C2N13,0.6136197
CC1C(C)C2C3C=CC1N23,0.711443
CC1C(N)C2C=CC3C1N23,0.5451179
CC1C(O)C2C=CC3C1N23,0.5822305
CC1C(N)C2C3C=CC1N23,0.7151967
NC1C(N)C2C3C=CC1N23,0.9142759
NC1C(O)C2C=CC3C1N23,0.62104964
CC1C(O)C2C3C=CC1N23,0.9340024
NC1C(O)C2C3C=CC1N23,0.93887
OC1C(O)C2C3C=CC1N23,0.91939116
CC1C2C3C=CC(C23)C1=C,0.94057727
CC1C2C3C=CC(C23)C1=O,1.1199934
NC1C2C3C=CC(C23)C1=C,0.81439996
OC1C2C3C=CC(C23)C1=C,0.9396382
OC1C2C3C=CC(C23)C1=O,1.2443959
CN1C2C3C=CC(C23)C1=N,0.8731344
CN1C2C3C=CC(C23)C1=O,0.9138566
NN1C2C3C=CC(C23)C1=N,1.1613063
NN1C2C3C=CC(C23)C1=O,1.082754
ON1C2C3C=CC(C23)C1=N,1.4052738
ON1C2C3C=CC(C23)C1=O,1.5227675
CC1N2C3C=CC(C23)C1=C,0.7329813
CC1N2C3C=CC(C23)C1=O,1.066871
CC1C2C3C=CC(N23)C1=C,1.0741118
CC1C2C3C=CC(N23)C1=O,1.5484685
NC1C2C3C=CC(N23)C1=C,1.2463623
OC1C2C3C=CC(N23)C1=C,1.1793991
OC1C2C3C=CC(N23)C1=O,1.8063031
CC1C2C=CC3C2C3C1=C,0.9444879
NC1C2C=CC3C2C3C1=C,0.8519002
OC1C2C=CC3C2C3C1=C,0.95687294
CC1C2C=CC3C2C3C1=O,0.99122566
OC1C2C=CC3C2C3C1=O,1.1794769
CN1C2C=CC3C2C3C1=N,0.7808649
NN1C2C=CC3C2C3C1=N,1.0261995
ON1C2C=CC3C2C3C1=N,1.2280006
CN1C2C=CC3C2C3C1=O,0.8060652
NN1C2C=CC3C2C3C1=O,1.1193335
ON1C2C=CC3C2C3C1=O,1.2175382
CC1C2C=CC3C(N23)C1=C,1.0807079
NC1C2C=CC3C(N23)C1=C,0.95630646
OC1C2C=CC3C(N23)C1=C,1.0513413
CC1C2C=CC3C(N23)C1=O,1.4025747
OC1C2C=CC3C(N23)C1=O,1.3425705
C=C1C2C=CC3C2C3C1=C,1.025844
C=C1C2C3C=CC(C23)C1=O,1.4505312
C=C1C2C=CC3C2C3C1=O,1.3595394
O=C1C2C=CC3C2C3C1=O,1.5724707
C=C1C2C=CC3C(N23)C1=C,1.1373004
C=C1C2C3C=CC(N23)C1=O,1.9444115
C=C1C2C=CC3C(N23)C1=O,1.5002898
O=C1C2C=CC3C(N23)C1=O,1.9352313
CC1=C(C)C2C3CCC1C23,0.75412726
CC1=C(C)C2C3CNC1C23,0.5746804
CC1=C(C)C2C3COC1C23,0.7553984
CC1=C(C)C2C3NCC1C23,0.55528444
CC1=C(C)C2C3OCC1C23,0.78589016
CC1=C(C)C2C3C1CCN23,0.65754604
CC1=C(C)C2C3CCC1N23,0.6733166
CC1=C(C)C2C3C=CC1C23,0.86235434
CC1=C(C)C2C3C=CC1N23,1.221618
CC1C2C3CCC2C3C1=C,0.64007163
NC1C2C3CCC2C3C1=C,0.73895615
OC1C2C3CCC2C3C1=C,0.83348465
CC1C2C3CNC2C3C1=C,0.45233232
NC1C2C3CNC2C3C1=C,0.7651018
OC1C2C3CNC2C3C1=C,0.8064137
CC1C2C3COC2C3C1=C,0.71252424
NC1C2C3COC2C3C1=C,0.9206264
OC1C2C3COC2C3C1=C,0.9570849
CC1C2C3CCN2C3C1=C,0.6220803
NC1C2C3CCN2C3C1=C,0.6688159
OC1C2C3CCN2C3C1=C,0.8161751
CC1N2C3CCC2C3C1=C,0.7698708
C=C1C2C3CCC2C3C1=C,0.92300487
C=C1C2C3CCC2C3C1=O,1.241206
C=C1C2C3CNC2C3C1=C,0.9073347
C=C1C2C3CNC2C3C1=O,1.2903115
C=C1C2C3COC2C3C1=C,1.1049011
C=C1C2C3COC2C3C1=O,1.5399519
C=C1C2C3CCN2C3C1=C,0.9346294
C=C1C2C3CCN2C3C1=O,1.4939867
CC1C(C)C2C3C=CC2C13,0.971058
CC1C(N)C2C3C=CC2C13,0.6477222
CC1C(O)C2C3C=CC2C13,0.9299143
NC1C(N)C2C3C=CC2C13,0.9440703
NC1C(O)C2C3C=CC2C13,1.0800648
OC1C(O)C2C3C=CC2C13,0.9942868
CC1C2C3C=CC2C3N1C,0.5228641
CC1C(C)N2C3C=CC2C13,0.75924563
CC1C(N)C2C3C=CC2N13,0.93525493
CC1C(O)C2C3C=CC2N13,1.0471418
CC1C2C3C=CC2C3C1=C,0.95104283
CC1C2C3C=CC2C3C1=O,0.9932882
NC1C2C3C=CC2C3C1=C,0.899041
OC1C2C3C=CC2C3C1=C,1.1116065
OC1C2C3C=CC2C3C1=O,1.2586147
CN1C2C3C=CC2C3C1=N,0.9450228
CN1C2C3C=CC2C3C1=O,0.922441
NN1C2C3C=CC2C3C1=N,1.3140844
NN1C2C3C=CC2C3C1=O,1.2959728
ON1C2C3C=CC2C3C1=N,1.521913
ON1C2C3C=CC2C3C1=O,1.4547174
CC1N2C3C=CC2C3C1=C,0.9059795
CC1N2C3C=CC2C3C1=O,1.2195594
C=C1C2C3C=CC2C3C1=C,1.2160465
C=C1C2C3C=CC2C3C1=O,1.4053046
O=C1C2C3C=CC2C3C1=O,1.7681977
CC1=C(C)C2C3CCC2C13,0.7661293
CC1=C(C)C2C3CNC2C13,0.5003858
CC1=C(C)C2C3COC2C13,0.8861379
CC1=C(C)C2C3CCN2C13,0.42971575
CC1=C(C)C2C3C=CC2C13,0.9149794
CC1C2CC1C3CC2C=C3,0.72672963
NC1C2CC1C3CC2C=C3,0.7022935
OC1C2CC1C3CC2C=C3,0.5627113
CC1C2CC1C3NC2C=C3,0.59147596
NC1C2CC1C3NC2C=C3,0.62733674
OC1C2CC1C3NC2C=C3,0.6395706
CC1C2CC1C3OC2C=C3,0.7123207
NC1C2CC1C3OC2C=C3,0.795688
OC1C2CC1C3OC2C=C3,0.74952495
CC1C2NC1C3CC2C=C3,0.63232744
NC1C2NC1C3CC2C=C3,0.6622989
OC1C2NC1C3CC2C=C3,0.72026443
CC1C2NC1C3NC2C=C3,0.65221196
NC1C2NC1C3NC2C=C3,0.7490221
OC1C2NC1C3NC2C=C3,0.73446566
CC1C2NC1C3OC2C=C3,0.8223265
NC1C2NC1C3OC2C=C3,0.8662151
OC1C2NC1C3OC2C=C3,0.9708905
CC1C2OC1C3CC2C=C3,0.55375874
NC1C2OC1C3CC2C=C3,0.7188661
OC1C2OC1C3CC2C=C3,0.8355893
CC1C2OC1C3NC2C=C3,0.60869604
NC1C2OC1C3NC2C=C3,0.7493651
OC1C2OC1C3NC2C=C3,0.9854362
CC1C2OC1C3OC2C=C3,0.7454636
NC1C2OC1C3OC2C=C3,0.98383045
OC1C2OC1C3OC2C=C3,1.0658503
CN1C2CC1C3CC2C=C3,0.6618693
CN1C2CC1C3NC2C=C3,0.62438226
CN1C2CC1C3OC2C=C3,0.7526227
CC1C2CN1C3CC2C=C3,0.75463074
O=C1C2CC1C3CC2C=C3,0.86032724
O=C1C2CC1C3NC2C=C3,0.8980719
O=C1C2CC1C3OC2C=C3,1.1049567
O=C1C2NC1C3CC2C=C3,0.7309555
O=C1C2NC1C3NC2C=C3,0.9572867
O=C1C2NC1C3OC2C=C3,1.2752033
O=C1C2OC1C3CC2C=C3,0.8641812
O=C1C2OC1C3NC2C=C3,0.9425521
O=C1C2OC1C3OC2C=C3,1.5080647
CC1C2C3CC(CC23)C1=C,0.6492718
NC1C2C3CC(CC23)C1=C,0.7742232
OC1C2C3CC(CC23)C1=C,0.81866145
CC1C2C3CC(NC23)C1=C,0.60466516
NC1C2C3CC(NC23)C1=C,0.8431119
OC1C2C3CC(NC23)C1=C,0.84950393
CC1C2C3CC(OC23)C1=C,0.8107297
NC1C2C3CC(OC23)C1=C,0.9268968
OC1C2C3CC(OC23)C1=C,0.9112648
CC1C2C3OC(OC23)C1=C,0.97605705
NC1C2C3OC(OC23)C1=C,1.06698
OC1C2C3OC(OC23)C1=C,1.2587992
CC1N2C3CC(CC23)C1=C,0.59626573
CC1C2C3CC(CN23)C1=C,0.5478338
NC1C2C3CC(CN23)C1=C,0.87068564
OC1C2C3CC(CN23)C1=C,0.9090814
CC1C2CC3C(C2)C3C1=C,0.64908993
NC1C2CC3C(C2)C3C1=C,0.7639579
OC1C2CC3C(C2)C3C1=C,0.8489147
CC1C2CC3C(N2)C3C1=C,0.64013886
NC1C2CC3C(N2)C3C1=C,0.8328049
OC1C2CC3C(N2)C3C1=C,0.7148999
CC1C2CC3C(O2)C3C1=C,0.7841992
NC1C2CC3C(O2)C3C1=C,0.65131485
OC1C2CC3C(O2)C3C1=C,0.68832755
CC1C2OC3C(O2)C3C1=C,0.8362943
NC1C2OC3C(O2)C3C1=C,0.9370508
OC1C2OC3C(O2)C3C1=C,1.1541947
CC1N2CC3C(C2)C3C1=C,0.68653905
CC1C2CC3C(N3C2)C1=C,0.55810523
NC1C2CC3C(N3C2)C1=C,0.68719333
OC1C2CC3C(N3C2)C1=C,0.8141424
C=C1C2CC3C(C2)C3C1=C,0.89864403
C=C1C2C3CC(CC23)C1=O,1.3572406
C=C1C2CC3C(C2)C3C1=O,1.483857
C=C1C2CC3C(N2)C3C1=C,0.8068483
C=C1C2C3CC(NC23)C1=O,1.2843225
C=C1C2CC3C(N2)C3C1=O,1.1847554
C=C1C2CC3C(O2)C3C1=C,0.8145296
C=C1C2C3CC(OC23)C1=O,1.6261727
C=C1C2CC3C(O2)C3C1=O,1.2839712
C=C1C2OC3C(O2)C3C1=C,1.1905257
C=C1C2C3OC(OC23)C1=O,1.9772462
C=C1C2OC3C(O2)C3C1=O,1.4416136
C=C1C2CC3C(N3C2)C1=C,0.8273151
C=C1C2C3CC(CN23)C1=O,1.5673957
C=C1C2CC3C(N3C2)C1=O,1.4177208
CC1=C(C)C2C3CC1CC23,0.8257083
CC1=C(C)C2C3CC1NC23,0.57831544
CC1=C(C)C2C3CC1OC23,0.55636454
CC1=C(C)C2C3OC1OC23,0.8100966
CC1=C(C)C2C3CC1CN23,0.710872
C=C1CCC2CC3CC2C13,0.7888738
C=C1OCC2CC3CC2C13,0.6667937
C=C1CNC2CC3CC2C13,0.7051219
C=C1COC2CC3CC2C13,0.79390436
C=C1CCC2NC3CC2C13,0.5373239
C=C1OCC2NC3CC2C13,0.7777073
C=C1CCC2OC3CC2C13,0.656119
C=C1OCC2OC3CC2C13,1.068263
C=C1COC2OC3CC2C13,0.9471406
C=C1CCC2CC3NC2C13,0.82988083
C=C1OCC2CC3NC2C13,0.8793577
C=C1CNC2CC3NC2C13,0.71388733
C=C1COC2CC3NC2C13,1.0010304
C=C1CCC2CC3OC2C13,0.82412386
C=C1OCC2CC3OC2C13,0.8370558
C=C1CNC2CC3OC2C13,0.8964262
C=C1COC2CC3OC2C13,0.8619931
C=C1CCN2CC3CC2C13,0.48274156
C=C1CCC2CN3CC2C13,0.7937103
C=C1OCC2CN3CC2C13,1.0534034
C=C1CNC2CN3CC2C13,0.91308427
C=C1COC2CN3CC2C13,1.0062705
C=C1CCC2CC3CN2C13,0.7026563
C=C1OCC2CC3CN2C13,0.82565725
CC1C=CC2CC3CC2C13,0.6920511
NC1C=CC2CC3CC2C13,0.8820165
OC1C=CC2CC3CC2C13,0.59859616
CC1C=CC2NC3CC2C13,0.61115074
NC1C=CC2NC3CC2C13,0.6590134
OC1C=CC2NC3CC2C13,0.94978917
CC1C=CC2OC3CC2C13,0.90298617
NC1C=CC2OC3CC2C13,0.92485154
OC1C=CC2OC3CC2C13,1.1098212
CC1C=CC2CC3NC2C13,0.73244756
NC1C=CC2CC3NC2C13,0.65945923
OC1C=CC2CC3NC2C13,0.7182481
CC1C=CC2CC3OC2C13,0.9065207
NC1C=CC2CC3OC2C13,0.9812247
OC1C=CC2CC3OC2C13,0.7017457
CC1C=CC2CC3CC2N13,0.49628648
CC1C=CC2CN3CC2C13,0.7595418
NC1C=CC2CN3CC2C13,0.82644975
OC1C=CC2CN3CC2C13,0.9459785
CC1C=CC2CC3CN2C13,0.6914858
NC1C=CC2CC3CN2C13,0.75157773
OC1C=CC2CC3CN2C13,0.89684033
C=C1C=CC2CC3CC2C13,0.7620008
O=C1C=CC2CC3CC2C13,1.2640547
C=C1C=CC2NC3CC2C13,0.754895
O=C1C=CC2NC3CC2C13,0.9654745
C=C1C=CC2OC3CC2C13,1.0614793
O=C1C=CC2OC3CC2C13,1.346421
C=C1C=CC2CC3NC2C13,0.8368642
O=C1C=CC2CC3NC2C13,1.2989613
C=C1C=CC2CC3OC2C13,0.82609344
O=C1C=CC2CC3OC2C13,1.5351158
C=C1C=CC2CN3CC2C13,1.0363795
O=C1C=CC2CN3CC2C13,1.365862
C=C1C=CC2CC3CN2C13,0.86186063
O=C1C=CC2CC3CN2C13,1.2159754
CC1=CCC2CC3CC2C13,0.6318205
CC1=COC2CC3CC2C13,0.35817543
CC1=CCC2NC3CC2C13,0.42307907
CC1=CCC2OC3CC2C13,0.5847469
CC1=COC2OC3CC2C13,0.7739592
CC1=CCC2CC3NC2C13,0.6158507
CC1=COC2CC3NC2C13,0.5482352
CC1=CCC2CC3OC2C13,0.6234349
CC1=COC2CC3OC2C13,0.48901245
CC1=CCN2CC3CC2C13,0.4306861
CC1=CCC2CN3CC2C13,0.57543737
CC1=COC2CN3CC2C13,0.5908892
CC1=CCC2CC3CN2C13,0.54226685
CC1CC2C3CC(C=C3)C12,0.70759106
NC1CC2C3CC(C=C3)C12,0.7698418
OC1CC2C3CC(C=C3)C12,0.5167108
CC1CC2C3NC(C=C3)C12,0.5304575
NC1CC2C3NC(C=C3)C12,0.65567034
OC1CC2C3NC(C=C3)C12,0.8609197
CC1CC2C3OC(C=C3)C12,0.9012127
NC1CC2C3OC(C=C3)C12,1.1882201
OC1CC2C3OC(C=C3)C12,1.0505654
CC1NC2C3CC(C=C3)C12,0.7293527
CC1NC2C3NC(C=C3)C12,0.60981256
CC1NC2C3OC(C=C3)C12,1.0515221
CC1OC2C3CC(C=C3)C12,0.60464525
CC1OC2C3NC(C=C3)C12,0.90481305
CC1OC2C3OC(C=C3)C12,1.0720712
CN1CC2C3CC(C=C3)C12,0.70709765
CN1CC2C3NC(C=C3)C12,0.54977643
CN1CC2C3OC(C=C3)C12,1.0404311
CC1CN2C3CC(C=C3)C12,0.64194196
NC1CN2C3CC(C=C3)C12,0.5091382
OC1CN2C3CC(C=C3)C12,0.80543476
CC1CC2C3CC(C=C3)N12,0.6628388
O=C1CC2C3CC(C=C3)C12,0.8865423
O=C1CC2C3NC(C=C3)C12,0.9662376
O=C1CC2C3OC(C=C3)C12,1.3464154
O=C1NC2C3CC(C=C3)C12,1.1307163
O=C1NC2C3NC(C=C3)C12,1.0649691
O=C1NC2C3OC(C=C3)C12,1.6353672
O=C1OC2C3CC(C=C3)C12,0.98573333
O=C1OC2C3NC(C=C3)C12,1.3825114
O=C1OC2C3OC(C=C3)C12,1.357705
O=C1CN2C3CC(C=C3)C12,1.0238042
O=C1CC2C3CC(C=C3)N12,0.821874
C=C1CCC2C3CCC2C13,0.7853024
C=C1OCC2C3CCC2C13,0.736032
C=C1CNC2C3CCC2C13,0.6192349
C=C1COC2C3CCC2C13,0.7343928
C=C1CCC2C3CNC2C13,0.6342197
C=C1OCC2C3CNC2C13,0.7670384
C=C1CNC2C3CNC2C13,0.604508
C=C1COC2C3CNC2C13,0.5588817
C=C1CCC2C3COC2C13,0.9135666
C=C1OCC2C3COC2C13,0.91360116
C=C1CNC2C3COC2C13,0.97312415
C=C1COC2C3COC2C13,0.8879811
C=C1CCN2C3CCC2C13,0.65311515
C=C1CCC2C3CCN2C13,0.72369087
C=C1OCC2C3CCN2C13,1.0531167
CC1C=CC2C3CCC2C13,0.7578391
NC1C=CC2C3CCC2C13,0.84091324
OC1C=CC2C3CCC2C13,0.59446895
CC1C=CC2C3CNC2C13,0.5508427
NC1C=CC2C3CNC2C13,0.51023203
OC1C=CC2C3CNC2C13,0.4807468
CC1C=CC2C3COC2C13,0.8995314
NC1C=CC2C3COC2C13,1.042296
OC1C=CC2C3COC2C13,0.82077444
CC1C=CC2C3CCC2N13,0.6919442
CC1C=CC2C3CCN2C13,0.5030043
NC1C=CC2C3CCN2C13,0.6116408
OC1C=CC2C3CCN2C13,0.6513926
C=C1C=CC2C3CCC2C13,0.83546984
O=C1C=CC2C3CCC2C13,1.4632101
C=C1C=CC2C3CNC2C13,0.64607036
O=C1C=CC2C3CNC2C13,1.2303983
C=C1C=CC2C3COC2C13,1.0621333
O=C1C=CC2C3COC2C13,1.6016568
C=C1C=CC2C3CCN2C13,0.7872877
O=C1C=CC2C3CCN2C13,1.2872248
CC1=CCC2C3CCC2C13,0.66750866
CC1=COC2C3CCC2C13,0.5095765
CC1=CCC2C3CNC2C13,0.37682965
CC1=COC2C3CNC2C13,0.48500824
CC1=CCC2C3COC2C13,0.8716036
CC1=COC2C3COC2C13,0.84721947
CC1=CCN2C3CCC2C13,0.5936929
CC1=CCC2C3CCN2C13,0.4065568
CC1CCC2C3C=CC2C13,0.81009424
NC1CCC2C3C=CC2C13,0.81992745
OC1CCC2C3C=CC2C13,0.9082728
CC1NCC2C3C=CC2C13,0.9532439
CC1OCC2C3C=CC2C13,1.0438764
CC1CNC2C3C=CC2C13,0.7371534
NC1CNC2C3C=CC2C13,0.8224061
OC1CNC2C3C=CC2C13,0.8548465
CC1COC2C3C=CC2C13,0.7695214
NC1COC2C3C=CC2C13,0.95407605
OC1COC2C3C=CC2C13,0.9054701
CN1CCC2C3C=CC2C13,0.82138306
CC1CCN2C3C=CC2C13,0.63246673
NC1CCN2C3C=CC2C13,0.7698046
OC1CCN2C3C=CC2C13,0.8177338
CN1CCN2C3C=CC2C13,0.7258668
CC1CCC2C3C=CC2N13,0.62975955
CC1CNC2C3C=CC2N13,0.536249
CC1COC2C3C=CC2N13,0.6324669
C=C1CCC2C3C=CC2C13,0.9875097
O=C1CCC2C3C=CC2C13,1.0345522
N=C1NCC2C3C=CC2C13,1.1111816
O=C1NCC2C3C=CC2C13,1.150123
C=C1OCC2C3C=CC2C13,1.2039071
O=C1OCC2C3C=CC2C13,1.1581322
C=C1CNC2C3C=CC2C13,1.0686586
O=C1CNC2C3C=CC2C13,0.9926426
N=C1NNC2C3C=CC2C13,1.1378286
O=C1NNC2C3C=CC2C13,1.3056616
C=C1COC2C3C=CC2C13,1.0330418
O=C1COC2C3C=CC2C13,1.1509272
N=C1NOC2C3C=CC2C13,1.2546123
O=C1NOC2C3C=CC2C13,1.3964009
C=C1CCN2C3C=CC2C13,0.96854234
O=C1CCN2C3C=CC2C13,1.0210738
CC1C=CC2C3C=CC2C13,0.85990167
NC1C=CC2C3C=CC2C13,1.1646796
OC1C=CC2C3C=CC2C13,1.0862874
CN1N=CC2C3C=CC2C13,1.2279398
CN1C=NC2C3C=CC2C13,1.1659406
NN1C=NC2C3C=CC2C13,1.3048137
ON1C=NC2C3C=CC2C13,1.5390383
CC1C=CC2C3C=CC2N13,0.80155754
C=C1C=CC2C3C=CC2C13,1.1574159
O=C1C=CC2C3C=CC2C13,1.6078209
CC1=CCC2C3C=CC2C13,0.90619993
CC1=NNC2C3C=CC2C13,0.9823549
CC1=COC2C3C=CC2C13,0.93620014
CC1=NOC2C3C=CC2C13,1.0210978
CC1=CCN2C3C=CC2C13,0.8399869
C1CC2CC1C=CC3CC23,0.7240225
C1NC2CC1C3CC3C=C2,0.7478722
C1OC2CC1C3CC3C=C2,0.7026993
C1NC2CC1C=CC3CC23,0.5495181
C1OC2CC1C=CC3CC23,0.70887595
C1CC2NC1C=CC3CC23,0.4885035
C1CC2OC1C=CC3CC23,0.6500222
C1OC2OC1C3CC3C=C2,0.94639075
C1OC2OC1C=CC3CC23,0.8571075
C1CN2CC1C=CC3CC23,0.5255168
C1CC2CC1C=CC3NC23,0.6717259
C1NC2CC1C3NC3C=C2,0.65627843
C1OC2CC1C3NC3C=C2,0.78624314
C1NC2CC1C=CC3NC23,0.53827167
C1OC2CC1C=CC3NC23,0.7673263
C1CC2NC1C=CC3NC23,0.5175604
C1CC2OC1C=CC3NC23,0.65862453
C1OC2OC1C3NC3C=C2,0.8620776
C1OC2OC1C=CC3NC23,0.82799935
C1CC2CC1C=CC3OC23,0.8837105
C1NC2CC1C3OC3C=C2,0.8280684
C1OC2CC1C3OC3C=C2,0.8772119
C1NC2CC1C=CC3OC23,0.8718581
C1OC2CC1C=CC3OC23,0.9206651
C1CC2NC1C=CC3OC23,0.89078623
C1CC2OC1C=CC3OC23,0.94059086
C1OC2OC1C3OC3C=C2,1.2295464
C1OC2OC1C=CC3OC23,1.1285683
C1CC2CC1C=CC3CN23,0.59365565
C1NC2CC1N3CC3C=C2,0.6481695
C1OC2CC1N3CC3C=C2,0.7611066
C1CC2CC2C3CC1C=C3,0.7032173
C1NC2CC(C=C2)C3CC13,0.60738647
C1OC2CC(C=C2)C3CC13,0.87025726
C1NC2CC2C3CC1C=C3,0.62300164
C1OC2CC2C3CC1C=C3,0.6492336
C1CC2NC(C=C2)C3CC13,0.5197205
C1NC2CC2C3NC1C=C3,0.5731993
C1OC2CC2C3NC1C=C3,0.6963339
C1CC2OC(C=C2)C3CC13,0.644679
C1OC2OC(C=C2)C3CC13,0.87687004
C1NC2CC2C3OC1C=C3,0.76184165
C1OC2CC2C3OC1C=C3,0.75079465
C1CC2NC2C3CC1C=C3,0.66863734
C1NC2CC(C=C2)C3NC13,0.48939222
C1OC2CC(C=C2)C3NC13,0.6650368
C1CC2NC2C3NC1C=C3,0.6722464
C1CC2OC(C=C2)C3NC13,0.49326155
C1OC2OC(C=C2)C3NC13,0.78758615
C1CC2OC2C3CC1C=C3,0.7753511
C1NC2CC(C=C2)C3OC13,0.39766073
C1OC2CC(C=C2)C3OC13,0.6173885
C1CC2OC2C3NC1C=C3,0.762504
C1CC2OC2C3OC1C=C3,0.88377345
C1OC2OC(C=C2)C3OC13,0.97140014
C1CN2CC2C3CC1C=C3,0.59425104
C1CN2CC2C3NC1C=C3,0.56683195
C1CN2CC2C3OC1C=C3,0.78002286
C1CC2CN2C3CC1C=C3,0.6057265
C1NC2CC(C=C2)N3CC13,0.64801955
C1OC2CC(C=C2)N3CC13,0.7932749
C1C2C=CC1C3CC3C=C2,0.6079891
C1C2C=CC3NC(C=C3)C12,0.9840398
C1C2C=CC3OC(C=C3)C12,0.971818
C1C2C=CC1C3NC3C=C2,0.7896725
N1C2C=CC1C3NC3C=C2,0.75223184
N1C2C=CC3OC(C=C3)C12,1.1016068
C1C2C=CC1C3OC3C=C2,0.8875847
N1C2C=CC1C3OC3C=C2,1.0582833
O1C2C=CC1C3OC3C=C2,1.4293839
C1C2C=CC1C3CN3C=N2,1.0082682
C1C2C=CC1C3CN3N=C2,0.8679693
C1C2C3NC(C=C3)C=NN12,0.7865972
C1C2C3OC(C=C3)C=NN12,1.1227373
C1C2C=CC1N3CC3C=C2,0.85143435
C1C=CCC2C3CC1C2C3,0.6954872
C1C=COC2CC3CC2C13,0.73186755
C1C=COC2C3CC1C2C3,0.61692315
C1C2CC3C1OC=COC23,0.62739533
C1C=CCC2C3CC2C1N3,0.75099504
C1C=COC2C3CC2C1N3,0.8457189
C1C=CCC2C3CC2C1O3,0.90070134
C1C=COC2OC3CC2C13,1.1443523
C1C=COC2C3CC2C1O3,1.0154945
C1C2OC3OC=COC2C13,0.9501028
C1C=CCC2C3CC1C2N3,0.66820854
C1C=COC2CC3NC2C13,1.0023408
C1C=COC2C3CC1C2N3,0.8108761
C1C2NC3C1OC=COC23,0.67541444
C1C=CCC2C3CC1C2O3,0.9117845
C1C=COC2CC3OC2C13,0.61376727
C1C=COC2C3CC1C2O3,0.89458394
C1C2OC=COC3C1OC23,0.56153965
C1C=CCN2CC3CC2C13,0.7387559
C1C2CN3CC=COC2C13,0.74378693
C1C=CCN2C3CC1C2C3,0.79127616
C1C2OC=CCN3C1CC23,0.8309196
C1C=CCC2C3CN2CC13,0.6239869
C1C=COC2CN3CC2C13,0.83255196
C1C=CCC2C3CC1N2C3,0.4797278
C1CC2C3CC(C=C1)C2C3,0.8924894
C1OC=CC2CC3CC2C13,0.86209565
C1NC2C3CC(C=C1)C2C3,0.79776525
C1OC2C3CC(C=C1)C2C3,1.1307317
C1CC2C3CC2C(N3)C=C1,0.74511254
C1OC=CC2NC3CC2C13,1.0586226
C1NC2C3CC2C(N3)C=C1,0.77014804
C1OC2C3CC2C(N3)C=C1,1.0237128
C1CC2C3CC2C(O3)C=C1,1.0725685
C1OC=CC2OC3CC2C13,1.2341143
C1NC2C3CC2C(O3)C=C1,1.1664532
C1OC2C3CC2C(O3)C=C1,1.2355076
C1CC2C3CC(C=C1)C2N3,0.7836355
C1OC=CC2CC3NC2C13,0.9459903
C1NC2C3CC(C=C1)C2N3,0.54910195
C1OC2C3CC(C=C1)C2N3,1.2262491
C1CC2C3CC(C=C1)C2O3,0.8345664
C1OC=CC2CC3OC2C13,0.85258824
C1NC2C3CC(C=C1)C2O3,0.9706851
C1OC2C3CC(C=C1)C2O3,1.0571557
C1CN2C3CC(C=C1)C2C3,0.9529515
C1CC2C3CN2CC3C=C1,1.0754578
C1OC=CC2CN3CC2C13,1.0930774
C1CC2C3CC(C=C1)N2C3,0.643726
C1OC=CC2CC3CN2C13,0.67868614
C1CC2CC3CC2C3C=C1,0.7730852
C1OC=CC2C3CC1C2C3,0.629738
C1NC2CC3CC2C3C=C1,0.76531357
C1OC2CC3CC2C3C=C1,0.877638
C1CC2NC3CC2C3C=C1,0.65316004
C1OC=CC2C3CC2C1N3,0.6335067
C1CC2OC3CC2C3C=C1,0.81135726
C1OC=CC2C3CC2C1O3,0.8637207
C1OC2OC3CC2C3C=C1,1.1857772
C1CC2CC3NC2C3C=C1,0.7856745
C1OC=CC2C3CC1C2N3,0.8370873
C1NC2CC3NC2C3C=C1,0.9076438
C1OC2CC3NC2C3C=C1,1.0621686
C1CC2CC3OC2C3C=C1,0.7685735
C1OC=CC2C3CC1C2O3,0.9655832
C1NC2CC3OC2C3C=C1,0.79353064
C1OC2CC3OC2C3C=C1,0.8988806
C1CN2CC3CC2C3C=C1,0.7118583
C1CC2CN3CC2C3C=C1,0.7592802
C1OC=CC2C3CN2CC13,0.7719
C1NC2CN3CC2C3C=C1,0.7730254
C1OC2CN3CC2C3C=C1,0.89923185
C1CC2CC3CN2C3C=C1,0.7975564
C1OC=CC2C3CC1N2C3,0.63600194
C1C2CC3C1C=CC=CC23,0.7220333
C1C2NC3C=CC=CC2C13,0.74937665
C1C2OC3C=CC=CC2C13,0.9990305
C1C2NC3C1C=CC=CC23,0.7678642
C1C2OC3C1C=CC=CC23,0.8401227
C1C2C=CC=CC3C2CN13,1.184274
C1C2CN3C1C=CC=CC23,0.7137009
C1CC2CC1C3CC=CC23,0.75596756
C1CC2CC1C3OC=CC23,0.7084459
C1NC2CC1C3CC=CC23,0.6908247
C1NC2CC1C3OC=CC23,0.7281365
C1OC2CC1C3CC=CC23,0.55920804
C1OC2CC1C3OC=CC23,0.6736741
C1NC2CC1C3C=CCC23,0.606228
C1NC2CC1C3C=COC23,0.5621184
C1OC2CC1C3C=CCC23,0.723641
C1OC2CC1C3C=COC23,0.7426717
C1CC2NC1C3CC=CC23,0.56477803
C1CC2NC1C3OC=CC23,0.66013896
C1CC2OC1C3CC=CC23,0.726141
C1CC2OC1C3OC=CC23,0.74704057
C1OC2OC1C3CC=CC23,0.94763374
C1OC2OC1C3OC=CC23,1.0488901
C1OC2OC1C3C=CCC23,0.7854486
C1OC2OC1C3C=COC23,0.6138872
C1CC2CC1C3C=CCN23,0.41375837
C1NC2CC1N3CC=CC23,0.3506437
C1OC2CC1N3CC=CC23,0.4621103
C1CN2CC1C3CC=CC23,0.6246542
C1CN2CC1C3OC=CC23,0.5680629
C1CN2CC1C3C=CCC23,0.6177482
C1CC2C3CCC(C3)C2=C1,0.68973446
C1CC2CC1C3COC=C23,0.39804104
C1CC2CC1C3NCC=C23,0.5560078
C1CC2CC1C3OCC=C23,0.8727922
C1CC2C3CNC(C3)C2=C1,0.60927355
C1NC2CC1C3COC=C23,0.4658669
C1NC2C3CNC(C3)C2=C1,0.68198264
C1NC2CC1C3OCC=C23,0.764431
C1CC2C3COC(C3)C2=C1,0.7411725
C1OC2CC1C3COC=C23,0.6723022
C1NC2C3COC(C3)C2=C1,0.7985867
C1OC2C3COC(C3)C2=C1,0.96729326
C1CC2C3CC(CN3)C2=C1,0.6404183
C1NC2CC1C3=COCC23,0.65535104
C1NC2C3CC(CN3)C2=C1,0.8136765
C1NC2CC1C3=CCOC23,0.7120376
C1CC2C3CC(CO3)C2=C1,0.8293643
C1OC=C2C3COC(C3)C12,0.73150426
C1NC2C3CC(CO3)C2=C1,1.0107938
C1OC2C3CC(CO3)C2=C1,0.98705745
C1CC2C3CCC(N3)C2=C1,0.45888147
C1CC2NC1C3COC=C23,0.42929932
C1CC2NC1C3NCC=C23,0.5876994
C1CC2NC1C3OCC=C23,0.8422012
C1CC2C3CCC(O3)C2=C1,0.7956526
C1CC2OC1C3COC=C23,0.6318433
C1NC2C3CCC(O3)C2=C1,0.99674076
C1CC2OC1C3OCC=C23,0.8526567
C1CC2C3COC(O3)C2=C1,0.91766346
C1OC=C2C3OCC(O3)C12,0.8865453
C1NC2C3COC(O3)C2=C1,0.9732307
C1OC2C3COC(O3)C2=C1,1.2382133
C1CC2C3OCC(O3)C2=C1,0.86725104
C1OC=C2C3COC(O3)C12,0.82040566
C1NC2C3OCC(O3)C2=C1,0.9742062
C1OC2C3OCC(O3)C2=C1,1.1508609
C1CC2N3CCC(C3)C2=C1,0.6785648
C1CN2CC1C3=COCC23,0.5449985
C1CC2CC1C3C=CC=C23,0.96938074
C1NC2CC1C3C=CC=C23,0.963995
C1OC2CC1C3C=CC=C23,0.8603252
C1NC2CC1C3=CC=CC23,0.7926066
C1OC2CC1C3=CC=CC23,0.8707924
C1CC2NC1C3C=CC=C23,0.9665998
C1CC2OC1C3C=CC=C23,1.0097287
C1OC2OC1C3C=CC=C23,1.2185544
C1OC2OC1C3=CC=CC23,0.96711004
C1CN2CC1C3=CC=CC23,0.7787361
C1C=C2C3CCC(C3)C2=C1,1.0105349
C1NC2CC1C3=CCC=C23,0.9049374
C1OC2CC1C3=CCC=C23,0.9740587
C1CC2NC1C3=CCC=C23,0.91459566
C1CC2OC1C3=CCC=C23,0.9889861
C1OC2OC1C3=CCC=C23,1.1753725
C1CC2C3CC(C=C3)C2C1,0.78444827
C1NCC2C3CC(C=C3)C12,0.70362914
C1OCC2C3CC(C=C3)C12,0.5599323
C1CC2C3CC(C=C3)C2N1,0.6770469
C1CC2C3CC(C=C3)C2O1,0.54610574
C1OC2C3CC(C=C3)C2O1,0.9204791
C1CC2C(C1)C3NC2C=C3,0.59743696
C1NCC2C1C3NC2C=C3,0.5058187
C1OCC2C3NC(C=C3)C12,0.9144412
C1CC2C3NC(C=C3)C2N1,0.6611798
C1CC2C3NC(C=C3)C2O1,0.8697545
C1OC2C3NC(C=C3)C2O1,1.0193131
C1CC2C(C1)C3OC2C=C3,0.76189524
C1NCC2C1C3OC2C=C3,0.7183856
C1OCC2C1C3OC2C=C3,0.77605915
C1CC2C(N1)C3OC2C=C3,0.9049635
C1CC2C3OC(C=C3)C2O1,0.83713335
C1OC2C3OC(C=C3)C2O1,0.9888964
C1CC2C3CC(C=C3)N2C1,0.5085436
C1C=CC2C3CC(C=C3)C12,0.6444302
C1C2C=CC1C3C=NNC23,0.74277556
C1C2C=CC1C3N=CNC23,0.75745547
C1C2C=CC1C3C=COC23,0.81112456
C1C2C=CC1C3C=NOC23,1.1746681
C1C=CC2C1C3NC2C=C3,0.69970447
N1N=CC2C3NC(C=C3)C12,1.141582
N1C=NC2C3NC(C=C3)C12,1.1842585
N1C2C=CC1C3C=COC23,0.81789184
N1C2C=CC1C3C=NOC23,1.1885386
C1C=CC2C1C3OC2C=C3,0.8123425
N1N=CC2C3OC(C=C3)C12,1.3985281
N1C=NC2C3OC(C=C3)C12,1.4621779
O1C=CC2C3OC(C=C3)C12,1.1402637
O1N=CC2C3OC(C=C3)C12,1.5344847
C1N=CN2C3CC(C=C3)C12,1.0437782
C1C=NN2C3CC(C=C3)C12,1.034742
C1C=CC2C3CC(C=C3)N12,0.85941213
C1CC2C3CC(C=C3)C2=C1,1.0719454
C1OC=C2C3CC(C=C3)C12,1.0022568
C1NN=C2C3CC(C=C3)C12,1.0617789
C1ON=C2C3CC(C=C3)C12,1.4718972
C1NC2C3CC(C=C3)C2=C1,1.0501329
C1OC2C3CC(C=C3)C2=C1,0.9965032
C1CC2C3NC(C=C3)C2=C1,1.1058966
C1OC=C2C3NC(C=C3)C12,1.0519363
C1NN=C2C3NC(C=C3)C12,1.2048303
C1ON=C2C3NC(C=C3)C12,1.4684731
C1NC2C3NC(C=C3)C2=C1,0.72997147
C1OC2C3NC(C=C3)C2=C1,1.0633805
C1CC2C3OC(C=C3)C2=C1,1.1204178
C1OC=C2C1C3OC2C=C3,1.0663519
C1NN=C2C1C3OC2C=C3,1.069434
C1ON=C2C3OC(C=C3)C12,2.0120924
C1NC2C3OC(C=C3)C2=C1,1.0968106
C1OC2C3OC(C=C3)C2=C1,1.2063372
C1CN2C3CC(C=C3)C2=N1,0.97344124
C1C2C=CC1C3=CC=CC23,0.85549384
C1C2C=CC1C3=NN=CC23,1.723095
N1C2C=CC1C3=CC=CC23,0.9802791
N1C2C=CC1C3=NN=CC23,2.0045867
O1C2C=CC1C3=CC=CC23,1.00729
O1C2C=CC1C3=NN=CC23,2.3493657
C1C2C=CC1n3cccc23,0.6921159
C1C2C=CC1n3cncc23,0.99976134
C1C2C=CC1n3ccnc23,0.98125756
C1C2C=CC1n3cnnc23,1.411595
C1C2C=CC1n3nccc23,1.4884459
C1C2C=CC1n3nncc23,1.4115524
C1C2C=CC1n3ncnc23,1.4996804
C1C2C=CC1n3nnnc23,1.8959602
C1C=C2C3CC(C=C3)C2=C1,1.2334832
C1C2C=CC1c3c[nH]cc23,0.6703475
C1C2C=CC1c3cocc23,0.94181734
C1C2C=CC1c3[nH]ncc23,0.9567137
C1C2C=CC1c3nocc23,1.4608854
C1C2C=CC1c3[nH]nnc23,1.2583671
C1C2C=CC1c3nonc23,2.2170484
C1C=C2C3NC(C=C3)C2=C1,1.0014957
N1C2C=CC1c3c[nH]cc23,0.80476
N1C2C=CC1c3cocc23,0.9746202
N1C2C=CC1c3[nH]ncc23,0.9710057
N1C2C=CC1c3nocc23,1.4435006
N1C2C=CC1c3[nH]nnc23,1.2707913
N1C2C=CC1c3nonc23,2.2543588
C1C=C2C3OC(C=C3)C2=C1,1.2162565
O1C2C=CC1c3c[nH]cc23,1.001336
O1C2C=CC1c3cocc23,1.3091749
O1C2C=CC1c3[nH]ncc23,1.1638805
O1C2C=CC1c3nocc23,1.8802043
O1C2C=CC1c3[nH]nnc23,1.6490141
O1C2C=CC1c3nonc23,2.847381
C1CC2=C(C1)C3CCC2C3,0.541407
C1CC2CC1C3=C2CNC3,0.53006655
C1CC2CC1C3=C2COC3,0.68568647
C1CC2=C(O1)C3CCC2C3,0.5339415
C1OC2=C(O1)C3CCC2C3,0.51890707
C1CC2=C(C1)C3CC2CN3,0.60762924
C1NC2CC1C3=C2CNC3,0.5573038
C1NC2CC1C3=C2COC3,0.6350828
C1CC2=C(O1)C3CC2CN3,0.62970096
C1CC2=C(O1)C3CNC2C3,0.4357262
C1NC2CC1C3=C2OCO3,0.40428856
C1CC2=C(C1)C3CC2CO3,0.7925782
C1NCC2=C1C3COC2C3,0.48441377
C1OC2CC1C3=C2COC3,0.87404716
C1CC2=C(O1)C3CC2CO3,0.8310857
C1CC2=C(O1)C3COC2C3,0.697685
C1OC2=C(O1)C3CC2CO3,0.8398466
C1CC2=C(C1)C3CCC2N3,0.54629076
C1CC2NC1C3=C2CNC3,0.49119955
C1CC2NC1C3=C2COC3,0.64599705
C1CC2=C(O1)C3CCC2N3,0.5195953
C1CC2NC1C3=C2OCO3,0.5496963
C1CC2=C(C1)C3CCC2O3,0.70650595
C1CC2OC1C3=C2CNC3,0.602524
C1CC2OC1C3=C2COC3,0.8207747
C1CC2=C(O1)C3CCC2O3,0.82189727
C1OC2=C(O1)C3CCC2O3,0.86165667
C1CC2=C(C1)C3OCC2O3,0.9140167
C1NCC2=C1C3COC2O3,0.79489267
C1OC2OC1C3=C2COC3,0.91384685
C1CC2=C(O1)C3OCC2O3,0.8453893
C1CC2=C(O1)C3COC2O3,0.7688836
C1OC2=C(O1)C3OCC2O3,0.8523798
C1CC2CC1C3=C2C=CC3,0.9364126
C1NC2CC1C3=C2C=CC3,0.8708765
C1OC2CC1C3=C2C=CC3,1.0001105
C1NC2CC1C3=C2CC=C3,0.95689106
C1OC2CC1C3=C2CC=C3,1.0073256
C1CC2NC1C3=C2C=CC3,0.78158
C1CC2OC1C3=C2C=CC3,0.982823
C1OC2OC1C3=C2C=CC3,1.3254514
C1OC2OC1C3=C2CC=C3,1.2591147
C1CC2=C(C1)C3CC2C=C3,0.8196013
C1NCC2=C1C3CC2C=C3,0.87887913
C1OCC2=C1C3CC2C=C3,1.0714477
C1CC2=C(O1)C3CC2C=C3,0.816857
C1OC2=C(O1)C3CC2C=C3,0.8063619
C1CC2=C(C1)C3NC2C=C3,0.86627984
C1NCC2=C1C3NC2C=C3,0.84298533
C1OCC2=C1C3NC2C=C3,0.99711144
C1CC2=C(O1)C3NC2C=C3,0.8032489
C1OC2=C(O1)C3NC2C=C3,0.8417383
C1CC2=C(C1)C3OC2C=C3,0.86732745
C1NCC2=C1C3OC2C=C3,0.9015522
C1OCC2=C1C3OC2C=C3,1.207805
C1CC2=C(O1)C3OC2C=C3,1.2444733
C1OC2=C(O1)C3OC2C=C3,1.3039367
C1C=CC2=C1C3CC2C=C3,1.1393715
C1C2C=CC1c3[nH]ccc23,0.8545978
C1C2C=CC1c3[nH]cnc23,0.81686926
C1C2C=CC1c3occc23,1.0099195
C1C2C=CC1c3oncc23,1.3389841
C1C2C=CC1c3ocnc23,1.1805815
C1C2C=CC1c3onnc23,1.8884062
C1C=CC2=C1C3NC2C=C3,1.0079595
N1C2C=CC1c3[nH]ccc23,1.0171207
N1C2C=CC1c3[nH]cnc23,0.79119486
N1C2C=CC1c3occc23,1.0634454
N1C2C=CC1c3oncc23,1.4757687
N1C2C=CC1c3ocnc23,1.3536383
N1C2C=CC1c3onnc23,2.0029428
C1C=CC2=C1C3OC2C=C3,1.3225826
O1C2C=CC1c3[nH]ccc23,1.0695509
O1C2C=CC1c3[nH]cnc23,1.1817645
O1C2C=CC1c3occc23,1.5163394
O1C2C=CC1c3oncc23,1.8119768
O1C2C=CC1c3ocnc23,1.7277542
O1C2C=CC1c3onnc23,2.2711835
C1CC2C(C1)C3C=CCC23,0.650061
C1NCC2C1C3CC=CC23,0.7115537
C1OCC2C1C3CC=CC23,0.73550844
C1CC2C(C1)C3C=COC23,0.37452343
C1NCC2C1C3OC=CC23,0.8559872
C1OCC2C1C3OC=CC23,0.8301811
C1CC2C3CC=CC3C2N1,0.685782
C1CC2C(N1)C3C=COC23,0.5506547
C1CC2C3CC=CC3C2O1,0.6925931
C1CC2C(O1)C3C=COC23,0.5619624
C1CC2C(N1)C3CC=CC23,0.7407822
C1CC2C(N1)C3OC=CC23,0.9450162
C1CC2C(O1)C3CC=CC23,0.8150294
C1CC2C(O1)C3OC=CC23,0.8428422
C1OC2C3CC=CC3C2O1,1.01394
C1OC2C(O1)C3C=COC23,0.5861222
C1CC2C(C1)N3CC=CC23,0.551948
C1NCC2C1C3C=CCN23,0.47843537
C1OCC2C1C3C=CCN23,0.4907101
C1CC2C(N1)C3C=CCN23,0.48217383
C1CC2C(O1)C3C=CCN23,0.48892763
C1CC2C3CC=CC3N2C1,0.58707654
C1CC2C3OC=CC3N2C1,0.48729452
C1CC2C3C=CCC3N2C1,0.6345249
C1C=CC2C1C3CC=CC23,0.7555429
C1C=CC2C1C3NN=CC23,0.526086
C1C=CC2C1C3N=CNC23,0.8714447
C1C=CC2C1C3OC=CC23,0.8635141
C1C=CC2C1C3ON=CC23,1.1051253
N1N=CC2C1C3OC=CC23,1.2102076
N1C=NC2C1C3C=COC23,1.1774069
O1C=CC2C1C3OC=CC23,1.1194125
O1C=CC2C1C3ON=CC23,1.1893681
C1C=CC2C1C3CN=CN23,0.8467299
C1C=CC2C1C3CC=NN23,0.88467586
C1N=CN2C1C3OC=CC23,0.9814166
C1C=NN2C1C3OC=CC23,1.0574162
C1C=CC2C1N3CC=CC23,0.62275875
C1C=CC2C1C3C=CCC23,0.8451163
C1C=CC2C1C3C=NNC23,0.88674897
C1C=CC2C1C3C=COC23,0.91055
C1C=CC2C1C3C=NOC23,1.4085593
N1N=CC2C1C3C=COC23,1.0702559
O1C=CC2C1C3C=COC23,0.89203006
O1C=CC2C1C3C=NOC23,1.5828133
C1C=CC2C1C3C=CCN23,0.5851691
C1C=CC2C3NN=CC3N12,1.2191932
C1C=CC2C3OC=CC3N12,1.2040342
C1C=CC2C3ON=CC3N12,1.5408047
C1C=CC2C1N3C=NCC23,0.92318463
C1C=CC2C1N3N=CCC23,1.0265898
C1C=CC2C1n3cccc23,0.7010335
C1C=CC2C1n3cncc23,1.13776
C1C=CC2C1n3ccnc23,1.1981093
C1C=CC2C1n3cnnc23,1.5168719
C1C=CC2C1n3nccc23,1.3909986
C1C=CC2C1n3nncc23,1.424792
C1C=CC2C1n3ncnc23,1.5772238
C1C=CC2C1n3nnnc23,1.9117168
C1C=CC2C1c3cccn23,1.0214964
C1C=CC2C1c3cncn23,1.1826396
C1C=CC2C1c3nccn23,1.2880197
C1C=CC2C1c3nncn23,1.5161471
C1C=CC2C1c3ccnn23,1.4843607
C1C=CC2C1c3cnnn23,1.6354595
C1C=CC2C1c3ncnn23,1.8314289
C1C=CC2C1c3nnnn23,2.0808258
O1C=CC2C1c3cccn23,0.9714974
O1C=CC2C1c3cncn23,1.3600543
O1C=CC2C1c3nccn23,1.5838417
O1C=CC2C1c3nncn23,1.8196608
O1C=CC2C1c3ccnn23,1.5567778
O1C=CC2C1c3cnnn23,1.8315189
O1C=CC2C1c3ncnn23,2.101285
O1C=CC2C1c3nnnn23,2.3801022
C1C=CC2C1c3c[nH]cc23,0.5467981
C1C=CC2C1c3cocc23,0.8516158
C1C=CC2C1c3c[nH]nc23,1.0821081
C1C=CC2C1c3conc23,1.5225159
C1C=CC2C1c3[nH]ncc23,0.93739974
C1C=CC2C1c3nocc23,1.3644933
C1C=CC2C1c3[nH]nnc23,1.2988493
C1C=CC2C1c3nonc23,2.16514
O1C=CC2C1c3c[nH]cc23,0.67560166
O1C=CC2C1c3cocc23,0.80453175
O1C=CC2C1c3c[nH]nc23,1.1419634
O1C=CC2C1c3conc23,1.9706551
O1C=CC2C1c3[nH]ncc23,0.9579326
O1C=CC2C1c3nocc23,1.6382438
O1C=CC2C1c3nn[nH]c23,1.4710219
O1C=CC2C1c3nonc23,2.5617847
C1C=CC2N1c3c[nH]cc23,0.559087
C1C=CC2N1c3cocc23,0.5896842
C1C=CC2N1c3c[nH]nc23,1.0033103
C1C=CC2N1c3conc23,1.5765225
C1C=CC2N1c3n[nH]cc23,0.71734476
C1C=CC2N1c3nocc23,1.5330061
C1C=CC2N1c3n[nH]nc23,1.3170259
C1C=CC2N1c3nonc23,2.1635344
C1CC2C3CC=CCC2C13,0.86021924
C1CC2C3CC=COC2C13,0.801875
C1CC2C3OC=COC2C13,0.7165443
C1NC2C3CC=CCC2C13,0.68531674
C1NC2C3CC=COC2C13,0.78430474
C1NC2C3OC=COC2C13,0.88245726
C1OC2C3CC=CCC2C13,0.7826116
C1OC2C3CC=COC2C13,0.7278751
C1OC2C3OC=COC2C13,1.1859399
C1CC2C3CC=CCN2C13,0.74434006
C1CC2C3OC=CCN2C13,0.72323185
C1CN2C3CC=CCC2C13,0.689305
C1CC2C3CCC2C3C=C1,0.84419405
C1CC2C3COC=CC2C13,0.7416834
C1CC2C3NCC=CC2C13,0.73868954
C1CC2C3OCC=CC2C13,0.86433494
C1CC2C3CNC2C3C=C1,0.6774671
C1NC2C3COC=CC2C13,0.6994939
C1NC2C3CNC2C3C=C1,0.77735806
C1NC2C3OCC=CC2C13,0.90426177
C1CC2C3COC2C3C=C1,0.8960057
C1OC=CC2C3COC2C13,0.8001981
C1NC2C3COC2C3C=C1,0.89667726
C1OC2C3COC2C3C=C1,1.0987705
C1CN2C3CCC2C3C=C1,0.86915857
C1CC2C3CCN2C3C=C1,0.7811285
C1CN2C3COC=CC2C13,0.8189347
C1CC2C3C=CC=CC2C13,1.0408231
C1NC2C3C=CC=CC2C13,0.8647041
C1OC2C3C=CC=CC2C13,1.0979744
C1CN2C3C=CC=CC2C13,0.8764769
C1CCC2C3C=CC2C3C1,0.9584456
C1CC2C3C=CC2C3CN1,0.76344514
C1CC2C3C=CC2C3CO1,0.8639206
C1CNC2C3C=CC2C3C1,0.7566198
C1COC2C3C=CC2C3C1,0.87278944
C1OCC2C3C=CC2C3O1,0.894895
C1CNC2C3C=CC2C3N1,0.6548501
C1COC2C3C=CC2C3N1,0.7159035
C1COC2C3C=CC2C3O1,0.7233368
C1CCN2C3C=CC2C3C1,0.71338964
C1CN2C3C=CC2C3CN1,0.72409654
C1CN2C3C=CC2C3CO1,0.7077613
C1CNC2C3C=CC2N3C1,0.5448059
C1COC2C3C=CC2N3C1,0.5550743
C1C=CCC2C3C=CC2C13,0.9156843
C1C=NNC2C3C=CC2C13,1.1210477
C1N=CNC2C3C=CC2C13,1.1969901
C1C=COC2C3C=CC2C13,1.0221943
C1C=NOC2C3C=CC2C13,1.2142545
N1C=NNC2C3C=CC2C13,0.97910595
N1C=NOC2C3C=CC2C13,1.3520147
N1N=COC2C3C=CC2C13,1.2910076
O1C=COC2C3C=CC2C13,1.3040236
O1C=NOC2C3C=CC2C13,1.4659543
C1C=CCN2C3C=CC2C13,1.2210878
C1C=NNC2C3C=CC2N13,1.3508815
C1C=COC2C3C=CC2N13,1.3773963
C1C=NOC2C3C=CC2N13,1.6312488
C1CC2C3C=CC2C3C=C1,0.91570354
C1NN=CC2C3C=CC2C13,1.2332203
C1OC=CC2C3C=CC2C13,1.1978655
C1ON=CC2C3C=CC2C13,1.5695223
C1NC2C3C=CC2C3C=C1,0.87694204
C1OC2C3C=CC2C3C=C1,1.2312435
C1CN2C3C=CC2C3C=C1,0.8915661
C1=CC2C3C=CC2C3C=C1,1.0645039
C1=CC2C3C=NN=CC2C13,1.587762
C=C1CCC2CC3C(C2)C13,0.65758574
C=C1OCC2CC3C(C2)C13,0.68206906
C=C1CNC2CC3C(C2)C13,0.67228013
C=C1COC2CC3C(C2)C13,0.68392015
C=C1CCC2CC3C(N2)C13,0.5777844
C=C1OCC2CC3C(N2)C13,0.5798278
C=C1CCC2CC3C(O2)C13,0.740771
C=C1OCC2CC3C(O2)C13,0.8868238
C=C1COC2CC3C(O2)C13,0.86612487
C=C1CCC2OC3C(O2)C13,0.94467545
C=C1OCC2OC3C(O2)C13,0.81151044
C=C1CCN2CC3C(C2)C13,0.60623693
C=C1CCC2CC3C1N3C2,0.59813976
C=C1OCC2CC3C1N3C2,0.7392754
C=C1CNC2CC3C1N3C2,0.78018725
C=C1COC2CC3C1N3C2,0.8078238
CC1C=CC2CC3C(C2)C13,0.7579762
NC1C=CC2CC3C(C2)C13,0.840915
OC1C=CC2CC3C(C2)C13,0.67468894
CC1C=CC2CC3C(N2)C13,0.6284894
NC1C=CC2CC3C(N2)C13,0.5719389
OC1C=CC2CC3C(N2)C13,0.6354772
CC1C=CC2CC3C(O2)C13,0.7250169
NC1C=CC2CC3C(O2)C13,0.9076263
OC1C=CC2CC3C(O2)C13,0.9760394
CC1C=CC2OC3C(O2)C13,1.0339363
NC1C=CC2OC3C(O2)C13,1.1241037
OC1C=CC2OC3C(O2)C13,0.91189945
CC1C=CC2CC3C(C2)N13,0.56397027
CC1C=CC2CC3C1N3C2,0.5648722
NC1C=CC2CC3C1N3C2,0.86594725
OC1C=CC2CC3C1N3C2,0.6703211
C=C1C=CC2CC3C(C2)C13,0.8487424
O=C1C=CC2CC3C(C2)C13,1.3661464
C=C1C=CC2CC3C(N2)C13,0.69644016
O=C1C=CC2CC3C(N2)C13,1.078729
C=C1C=CC2CC3C(O2)C13,0.9570416
O=C1C=CC2CC3C(O2)C13,1.2173831
C=C1C=CC2OC3C(O2)C13,1.0034515
O=C1C=CC2OC3C(O2)C13,1.1749682
C=C1C=CC2CC3C1N3C2,0.9159218
O=C1C=CC2CC3C1N3C2,1.0529978
CC1=CCC2CC3C(C2)C13,0.9043713
CC1=COC2CC3C(C2)C13,0.7925068
CC1=CCC2CC3C(N2)C13,0.6214644
CC1=CCC2CC3C(O2)C13,0.7592611
CC1=COC2CC3C(O2)C13,0.75561273
CC1=CCC2OC3C(O2)C13,0.8891151
CC1=CCN2CC3C(C2)C13,0.57955927
CC1=CCC2CC3C1N3C2,0.5871638
CC1=COC2CC3C1N3C2,0.8102314
C=CCC1C2CC3C(C2)C13,0.7136659
C=COC1C2CC3C(C2)C13,0.48858002
C=CCC1C2CC3C(N2)C13,0.50955963
C=COC1C2CC3C(N2)C13,0.47361824
C=CCC1C2CC3C(O2)C13,0.524623
C=COC1C2CC3C(O2)C13,0.7368127
C=CCC1C2OC3C(O2)C13,0.83447236
C=COC1C2OC3C(O2)C13,0.8351531
C=CCN1C2CC3C(C2)C13,0.67180246
C=CCC1C2C3CN1CC23,0.52665603
C=CCC1C2CC3C1N3C2,0.4533176
C=COC1C2CC3C1N3C2,0.6552627
C=CCC1C2CC3C(C2)N13,0.5968939
CC=CC1C2CC3C(C2)C13,0.69623226
CC=CC1C2CC3C(N2)C13,0.45294076
CC=CC1C2CC3C(O2)C13,0.5172857
CC=CC1C2OC3C(O2)C13,0.9925965
CC=CC1C2C3CN1CC23,0.476363
CC=CC1C2CC3C1N3C2,0.46055242
CC=CC1C2CC3C(C2)N13,0.57688385
CCC=C1C2CC3C(C2)C13,0.86436003
NCC=C1C2CC3C(C2)C13,0.7647426
OCC=C1C2CC3C(C2)C13,0.7720827
COC=C1C2CC3C(C2)C13,0.6680235
CCC=C1C2CC3C(N2)C13,0.6221183
NCC=C1C2CC3C(N2)C13,0.49069732
OCC=C1C2CC3C(N2)C13,0.6648239
COC=C1C2CC3C(N2)C13,0.56850535
CCC=C1C2CC3C(O2)C13,0.5131287
NCC=C1C2CC3C(O2)C13,0.6199595
OCC=C1C2CC3C(O2)C13,0.8926889
COC=C1C2CC3C(O2)C13,0.79466957
CCC=C1C2OC3C(O2)C13,1.0933989
NCC=C1C2OC3C(O2)C13,0.99519026
OCC=C1C2OC3C(O2)C13,0.9265888
COC=C1C2OC3C(O2)C13,0.8020685
CCC=C1C2CC3C1N3C2,0.5514884
NCC=C1C2CC3C1N3C2,0.6045117
OCC=C1C2CC3C1N3C2,0.7941494
COC=C1C2CC3C1N3C2,0.66117465
C=CC=C1C2CC3C(C2)C13,1.0044662
O=CC=C1C2CC3C(C2)C13,1.3329147
N#CC=C1C2CC3C(C2)C13,1.4147795
C=CC=C1C2CC3C(N2)C13,0.79654294
O=CC=C1C2CC3C(N2)C13,0.93464744
N#CC=C1C2CC3C(N2)C13,1.0831428
C=CC=C1C2CC3C(O2)C13,0.9397683
O=CC=C1C2CC3C(O2)C13,1.1566594
N#CC=C1C2CC3C(O2)C13,1.2417938
C=CC=C1C2OC3C(O2)C13,1.0235451
O=CC=C1C2OC3C(O2)C13,1.2432588
N#CC=C1C2OC3C(O2)C13,1.3934475
C=CC=C1C2CC3C1N3C2,0.9199626
O=CC=C1C2CC3C1N3C2,0.9280906
N#CC=C1C2CC3C1N3C2,1.1626039
C#CC=C1C2CC3C(C2)C13,1.5152104
C#CC=C1C2CC3C(N2)C13,1.0232567
C#CC=C1C2CC3C(O2)C13,1.2215482
C#CC=C1C2OC3C(O2)C13,1.297306
C#CC=C1C2CC3C1N3C2,1.0398724
C1C=CCC2C3CC1CC23,0.6929435
C1C=COC2CC3C1C3C2,0.8422214
C1C=COC2C3CC1CC23,0.5469038
C1C2CC3C1C3OC=CO2,0.59109503
C1C=CCC2C3CC1NC23,0.5506979
C1C=COC2C3CC1NC23,0.43334487
C1C=CCC2C3CC1OC23,0.50062186
C1C=COC2CC3C1C3O2,0.791417
C1C=COC2C3CC1OC23,0.48341274
C1C2OC=COC3C1C3O2,0.4583815
C1C=CCC2C3OC1OC23,0.9110507
C1C=COC2C3OC1OC23,0.7306534
C1C=CCN2CC3C1C3C2,0.34849128
C1C=COC2C3CN1CC23,0.5100155
C1C=CCN2C3CC1CC23,0.42562836
C1C2CC3C1N3CC=CO2,0.6198105
C1C=CCN2C3CN1CC23,0.46647063
C1C=CCC2C3CC1CN23,0.6110673
C1C=COC2CC3C1N3C2,0.7313412
C1CC2C3CC(CC23)C=C1,0.8587089
C1OC=CC2CC3C1C3C2,0.6962698
C1NC2C3CC(CC23)C=C1,0.8215543
C1OC2C3CC(CC23)C=C1,0.8748779
C1CC2C3CC(NC23)C=C1,0.81955355
C1OC=CC2CC3C1C3N2,0.51983666
C1NC2C3CC(NC23)C=C1,0.82705534
C1OC2C3CC(NC23)C=C1,0.9708484
C1CC2C3CC(OC23)C=C1,0.83721083
C1OC=CC2CC3C1C3O2,0.8283682
C1NC2C3CC(OC23)C=C1,0.9162794
C1OC2C3CC(OC23)C=C1,1.0250776
C1CC2C3OC(OC23)C=C1,0.9401386
C1OC=CC2OC3C1C3O2,0.8817309
C1NC2C3OC(OC23)C=C1,0.94275457
C1OC2C3OC(OC23)C=C1,1.1162163
C1CN2C3CC(CC23)C=C1,0.7313724
C1CC2C3CC(CN23)C=C1,0.7640585
C1OC=CC2CC3C1N3C2,0.50821066
C1CC2CC3C(C2)C3C=C1,0.8217186
C1OC=CC2C3CC1CC23,0.7649414
C1NC2CC3C(C2)C3C=C1,0.69156253
C1OC2CC3C(C2)C3C=C1,0.7623814
C1CC2CC3C(N2)C3C=C1,0.54641455
C1OC=CC2C3CC1NC23,0.90843296
C1CC2CC3C(O2)C3C=C1,0.66137135
C1OC=CC2C3CC1OC23,0.5271378
C1OC2CC3C(O2)C3C=C1,0.6495748
C1CC2OC3C(O2)C3C=C1,0.6618657
C1OC=CC2C3OC1OC23,0.7288265
C1CN2CC3C(C2)C3C=C1,0.60468096
C1CC2CC3C(C=C1)N3C2,0.56577146
C1OC=CC2C3CC1CN23,0.59977484
C1NC2CC3C(C=C1)N3C2,0.515365
C1OC2CC3C(C=C1)N3C2,0.7704737
C1C2CC3C1C3C=CC=C2,0.860062
C1C2NC3C1C3C=CC=C2,0.79164386
C1C2OC3C1C3C=CC=C2,1.0783454
O1C2OC3C1C3C=CC=C2,0.9167586
C1C2CN3C1C3C=CC=C2,1.0275304
CC1C2CC3CC(C=C3)C12,0.8202603
NC1C2CC3CC(C=C3)C12,0.8243776
OC1C2CC3CC(C=C3)C12,0.5679288
CC1C2NC3CC(C=C3)C12,0.68461204
NC1C2NC3CC(C=C3)C12,0.60732824
OC1C2NC3CC(C=C3)C12,0.8607035
CC1C2OC3CC(C=C3)C12,0.66291577
NC1C2OC3CC(C=C3)C12,1.0762463
OC1C2OC3CC(C=C3)C12,0.9251032
CC1C2CC3NC(C=C3)C12,0.5605492
NC1C2CC3NC(C=C3)C12,0.65776294
OC1C2CC3NC(C=C3)C12,0.8809381
CC1C2CC3OC(C=C3)C12,1.0049634
NC1C2CC3OC(C=C3)C12,1.2481319
OC1C2CC3OC(C=C3)C12,1.0562013
CC1C2OC3OC(C=C3)C12,1.1677363
NC1C2OC3OC(C=C3)C12,1.4120659
OC1C2OC3OC(C=C3)C12,1.3671495
CN1C2CC3CC(C=C3)C12,0.7476219
CN1C2CC3NC(C=C3)C12,0.51591617
CN1C2CC3OC(C=C3)C12,1.0179194
CC1C2C3CC(CN12)C=C3,0.7700314
CC1C2C3NC(CN12)C=C3,1.083121
CC1C2C3OC(CN12)C=C3,1.0689358
CC1C2CC3CC(C=C3)N12,0.7294478
C=CC1CC2CC3CC2C13,0.6686524
C=CC1NC2CC3CC2C13,0.43157727
C=CC1OC2CC3CC2C13,0.41317406
C=CC1CC2NC3CC2C13,0.4025008
C=CC1CC2OC3CC2C13,0.6008901
C=CC1OC2OC3CC2C13,0.86811054
C=CC1CC2CC3NC2C13,0.5876201
C=CC1NC2CC3NC2C13,0.51530963
C=CC1OC2CC3NC2C13,0.65092695
C=CC1CC2CC3OC2C13,0.61421275
C=CC1NC2CC3OC2C13,0.73651975
C=CC1OC2CC3OC2C13,0.66361594
C=CC1CN2CC3CC2C13,0.42441937
C=CC1CC2CN3CC2C13,0.5920776
C=CC1NC2CN3CC2C13,0.6551115
C=CC1OC2CN3CC2C13,0.73367274
C=CC1CC2CC3CC2N13,0.487502
C=CC1CC2CC3CN2C13,0.60114104
CC=C1CC2CC3CC2C13,0.6895919
CC=C1OC2CC3CC2C13,0.32278478
CC=C1CC2NC3CC2C13,0.45283487
CC=C1CC2OC3CC2C13,0.65913343
CC=C1OC2OC3CC2C13,0.7812766
CC=C1CC2CC3NC2C13,0.5009152
CC=C1OC2CC3NC2C13,0.47982076
CC=C1CC2CC3OC2C13,0.6928056
CC=C1OC2CC3OC2C13,0.5496305
CC=C1CN2CC3CC2C13,0.4864308
CC=C1CC2CN3CC2C13,0.57616043
CC=C1OC2CN3CC2C13,0.51260096
CC=C1CC2CC3CN2C13,0.6041139
CCC1=CC2CC3CC2C13,0.7582576
NCC1=CC2CC3CC2C13,0.554481
OCC1=CC2CC3CC2C13,0.50709707
COC1=CC2CC3CC2C13,0.38979268
CCC1=CC2NC3CC2C13,0.5860727
NCC1=CC2NC3CC2C13,0.5432934
OCC1=CC2NC3CC2C13,0.5902265
COC1=CC2NC3CC2C13,0.5284654
CCC1=CC2OC3CC2C13,0.82352275
NCC1=CC2OC3CC2C13,0.8296873
OCC1=CC2OC3CC2C13,1.0055364
COC1=CC2OC3CC2C13,0.83907914
CCC1=CC2CC3NC2C13,0.64475
NCC1=CC2CC3NC2C13,0.5161264
OCC1=CC2CC3NC2C13,0.6198565
COC1=CC2CC3NC2C13,0.5001072
CCC1=CC2CC3OC2C13,0.85509455
NCC1=CC2CC3OC2C13,0.8237301
OCC1=CC2CC3OC2C13,0.706993
COC1=CC2CC3OC2C13,0.60291046
CCC1=CC2CN3CC2C13,0.81622183
NCC1=CC2CN3CC2C13,0.67805016
OCC1=CC2CN3CC2C13,0.8636688
COC1=CC2CN3CC2C13,0.74632144
CCC1=CC2CC3CN2C13,0.6386274
NCC1=CC2CC3CN2C13,0.5838662
OCC1=CC2CC3CN2C13,0.7162127
COC1=CC2CC3CN2C13,0.6301579
C=CC1=CC2CC3CC2C13,0.71223605
O=CC1=CC2CC3CC2C13,1.0265223
N#CC1=CC2CC3CC2C13,0.99433064
C=CC1=CC2NC3CC2C13,0.67943615
O=CC1=CC2NC3CC2C13,0.86057436
N#CC1=CC2NC3CC2C13,1.0074276
C=CC1=CC2OC3CC2C13,0.9989102
O=CC1=CC2OC3CC2C13,1.2921406
N#CC1=CC2OC3CC2C13,1.5581415
C=CC1=CC2CC3NC2C13,0.71201026
O=CC1=CC2CC3NC2C13,1.2081298
N#CC1=CC2CC3NC2C13,1.3154444
C=CC1=CC2CC3OC2C13,0.78885853
O=CC1=CC2CC3OC2C13,1.4738451
N#CC1=CC2CC3OC2C13,1.5627815
C=CC1=CC2CN3CC2C13,1.0269032
O=CC1=CC2CN3CC2C13,1.226479
N#CC1=CC2CN3CC2C13,1.3366799
C=CC1=CC2CC3CN2C13,0.8413035
O=CC1=CC2CC3CN2C13,1.218145
N#CC1=CC2CC3CN2C13,1.3237332
C#CC1=CC2CC3CC2C13,1.6274437
C#CC1=CC2NC3CC2C13,1.0913105
C#CC1=CC2OC3CC2C13,1.44059
C#CC1=CC2CC3NC2C13,1.2825191
C#CC1=CC2CC3OC2C13,1.7047735
C#CC1=CC2CN3CC2C13,1.3372681
C#CC1=CC2CC3CN2C13,1.2933339
CC1C2CC3C=CCC3C12,0.71504706
NC1C2CC3C=CCC3C12,0.61707056
OC1C2CC3C=CCC3C12,0.48416105
CC1C2CC3C=COC3C12,0.6684704
NC1C2CC3C=COC3C12,0.8589849
OC1C2CC3C=COC3C12,0.8119685
CC1C2NC3C=CCC3C12,0.5494858
NC1C2NC3C=CCC3C12,0.5800501
OC1C2NC3C=CCC3C12,0.66423595
CC1C2NC3C=COC3C12,0.7183939
NC1C2NC3C=COC3C12,0.82867837
OC1C2NC3C=COC3C12,0.7795835
CC1C2OC3C=CCC3C12,0.6971164
NC1C2OC3C=CCC3C12,0.8217296
OC1C2OC3C=CCC3C12,0.86256826
CC1C2OC3C=COC3C12,0.7909602
NC1C2OC3C=COC3C12,0.84930193
OC1C2OC3C=COC3C12,1.0404272
CC1C2CC3C=CCN3C12,0.60370404
NC1C2CC3C=CCN3C12,0.54563427
OC1C2CC3C=CCN3C12,0.54859596
CN1C2CC3C=CCC3C12,0.5767112
CN1C2CC3C=COC3C12,0.7039045
CC1C2C3CC=CC3CN12,0.57464916
CC1C2C3OC=CC3CN12,0.7278686
CC1C2CC3C=CCC3N12,0.68821436
CC1C2CC3CC=CC3C12,0.77822495
NC1C2CC3CC=CC3C12,0.7302211
OC1C2CC3CC=CC3C12,0.53599614
CC1C2CC3OC=CC3C12,0.92925406
NC1C2CC3OC=CC3C12,1.0124195
OC1C2CC3OC=CC3C12,0.8766185
CC1C2NC3CC=CC3C12,0.7116692
NC1C2NC3CC=CC3C12,0.6335876
OC1C2NC3CC=CC3C12,0.6806653
CC1C2OC3CC=CC3C12,0.7122494
NC1C2OC3CC=CC3C12,0.9465958
OC1C2OC3CC=CC3C12,0.9525153
CC1C2OC3OC=CC3C12,1.1895236
NC1C2OC3OC=CC3C12,1.3404899
OC1C2OC3OC=CC3C12,1.2072833
CC1C2CN3CC=CC3C12,0.5130055
NC1C2CN3CC=CC3C12,0.5151619
OC1C2CN3CC=CC3C12,0.6128035
CN1C2CC3CC=CC3C12,0.6738301
CN1C2CC3OC=CC3C12,0.85497624
CN1C2CN3CC=CC3C12,0.43800437
CC1C2C3C=CCC3CN12,0.6392346
CC1C2C3C=COC3CN12,0.86646307
CC1C2CC3CC=CC3N12,0.76735
CC1C2CC3OC=CC3N12,1.1175071
CC1C2CC3=CCCC3C12,0.71627414
NC1C2CC3=CCCC3C12,0.7169328
OC1C2CC3=CCCC3C12,0.5472779
CC1C2CC3=COCC3C12,0.8954167
NC1C2CC3=COCC3C12,0.95842147
OC1C2CC3=COCC3C12,0.82575655
CC1C2CC3=CCNC3C12,0.6968485
NC1C2CC3=CCNC3C12,0.5409614
OC1C2CC3=CCNC3C12,0.61066633
CC1C2CC3=CCOC3C12,0.8611294
NC1C2CC3=CCOC3C12,1.0177411
OC1C2CC3=CCOC3C12,0.894089
CC1C2OC3=CCCC3C12,0.65352905
NC1C2OC3=CCCC3C12,0.75670826
OC1C2OC3=CCCC3C12,0.7787808
CC1C2OC3=COCC3C12,0.8211769
NC1C2OC3=COCC3C12,0.7689973
OC1C2OC3=COCC3C12,0.73959345
CC1C2OC3=CCNC3C12,0.73267066
NC1C2OC3=CCNC3C12,0.8503096
OC1C2OC3=CCNC3C12,0.8340868
CC1C2OC3=CCOC3C12,0.7913399
NC1C2OC3=CCOC3C12,0.8357414
OC1C2OC3=CCOC3C12,0.9426229
CN1C2CC3=CCCC3C12,0.53116727
CN1C2CC3=COCC3C12,0.76628697
CN1C2CC3=CCNC3C12,0.55426234
CN1C2CC3=CCOC3C12,0.8037744
CC1C2C3CCC=C3CN12,0.7645195
CC1C2C3COC=C3CN12,0.70190656
CC1C2C3NCC=C3CN12,0.7894849
CC1C2C3OCC=C3CN12,0.7256737
CC1C2CC3=CCCC3N12,0.7392657
CC1C2CC3=COCC3N12,0.9755131
CC1C2CC3=CC=CC3C12,0.98903257
NC1C2CC3=CC=CC3C12,0.9983134
OC1C2CC3=CC=CC3C12,1.0970023
CC1C2OC3=CC=CC3C12,1.1135783
NC1C2OC3=CC=CC3C12,1.1235988
OC1C2OC3=CC=CC3C12,1.0827943
CN1C2CC3=CC=CC3C12,0.8889091
CC1C2C3C=CC=C3CN12,1.0105779
CC1C2CC3=CC=CC3N12,1.0098968
CC1C2CC3CCC=C3C12,0.79652107
NC1C2CC3CCC=C3C12,0.9089684
OC1C2CC3CCC=C3C12,0.6800195
CC1C2CC3COC=C3C12,0.894856
NC1C2CC3COC=C3C12,0.8607458
OC1C2CC3COC=C3C12,0.6779187
CC1C2CC3NCC=C3C12,0.7559726
NC1C2CC3NCC=C3C12,0.8966981
OC1C2CC3NCC=C3C12,0.6216386
CC1C2CC3OCC=C3C12,0.9757706
NC1C2CC3OCC=C3C12,1.1969274
OC1C2CC3OCC=C3C12,1.0325657
CC1C2NC3CCC=C3C12,0.7912087
NC1C2NC3CCC=C3C12,0.73195994
OC1C2NC3CCC=C3C12,0.6176983
CC1C2NC3COC=C3C12,0.8714905
NC1C2NC3COC=C3C12,0.8200685
OC1C2NC3COC=C3C12,0.82628655
CC1C2OC3CCC=C3C12,0.83175516
NC1C2OC3CCC=C3C12,1.0433977
OC1C2OC3CCC=C3C12,0.9183017
CC1C2OC3COC=C3C12,0.82255006
NC1C2OC3COC=C3C12,0.85457355
OC1C2OC3COC=C3C12,0.9309521
CC1C2OC3OCC=C3C12,1.2786885
NC1C2OC3OCC=C3C12,1.404517
OC1C2OC3OCC=C3C12,1.18132
CN1C2CC3CCC=C3C12,0.77246964
CN1C2CC3COC=C3C12,0.70069236
CN1C2CC3NCC=C3C12,0.65740114
CN1C2CC3OCC=C3C12,0.9948759
CC1C2N1CC3CCC=C23,0.8098002
CC1C2N1CC3COC=C23,0.6518198
CC1C2N1CC3NCC=C23,0.7637828
CC1C2N1CC3OCC=C23,1.0580205
CC1C2CC3C=CC=C3C12,1.1296915
NC1C2CC3C=CC=C3C12,1.0553309
OC1C2CC3C=CC=C3C12,0.86186826
CC1C2NC3C=CC=C3C12,1.1146129
NC1C2NC3C=CC=C3C12,0.8747537
OC1C2NC3C=CC=C3C12,0.96726716
CC1C2OC3C=CC=C3C12,1.1715108
NC1C2OC3C=CC=C3C12,1.3739984
OC1C2OC3C=CC=C3C12,1.2308766
CN1C2CC3C=CC=C3C12,1.0222338
CC1C2N1CC3C=CC=C23,1.0471537
CC1C2CC3=CCC=C3C12,1.0131814
NC1C2CC3=CCC=C3C12,0.9228592
OC1C2CC3=CCC=C3C12,0.88031065
CC1C2N=C3NCC=C3C12,1.1993983
NC1C2N=C3NCC=C3C12,1.14026
OC1C2N=C3NCC=C3C12,1.2324839
CC1C2OC3=CCC=C3C12,1.1125216
NC1C2OC3=CCC=C3C12,1.1333743
OC1C2OC3=CCC=C3C12,1.1641401
CN1C2CC3=CCC=C3C12,0.9060972
CC1C2N1CC3=CCC=C23,0.97549355
CC1C2N1NC3=NCC=C23,1.3169566
CC1C2CC3=CCN=C3N12,1.2639844
CC1C2C=C3CCCC3C12,0.81142473
NC1C2C=C3CCCC3C12,0.9065684
OC1C2C=C3CCCC3C12,0.7394254
CC1C2C=C3CNCC3C12,0.75014544
NC1C2C=C3CNCC3C12,0.8245259
OC1C2C=C3CNCC3C12,0.9311774
CC1C2C=C3COCC3C12,1.0737823
NC1C2C=C3COCC3C12,1.2525874
OC1C2C=C3COCC3C12,0.98748356
CC1C2C=C3OCCC3C12,0.7564403
NC1C2C=C3OCCC3C12,0.8671578
OC1C2C=C3OCCC3C12,0.8346381
CC1C2C=C3CCNC3C12,0.7647172
NC1C2C=C3CCNC3C12,0.6624669
OC1C2C=C3CCNC3C12,0.7574398
CC1C2C=C3CCOC3C12,0.9530928
NC1C2C=C3CCOC3C12,1.1165342
OC1C2C=C3CCOC3C12,0.93612635
CC1C2C=C3OCOC3C12,0.9690348
NC1C2C=C3OCOC3C12,0.9907419
OC1C2C=C3OCOC3C12,1.1937371
CN1C2C=C3CCCC3C12,0.7009145
CN1C2C=C3CNCC3C12,0.61404264
CN1C2C=C3COCC3C12,0.9594816
CN1C2C=C3OCCC3C12,0.55633974
CN1C2C=C3CCNC3C12,0.54991424
CN1C2C=C3CCOC3C12,0.8359003
CN1C2C=C3OCOC3C12,0.79031914
CC1C2C=C3CCCC3N12,0.77454734
CC1C2C=C3CNCC3N12,0.97608316
CC1C2C=C3COCC3N12,1.1242125
CC1C2C=C3OCCC3N12,0.94890916
CC1C2C=C3C=CCC3C12,0.94631886
NC1C2C=C3C=CCC3C12,0.960551
OC1C2C=C3C=CCC3C12,1.0740554
CC1C2C=C3C=NNC3C12,1.2353264
NC1C2C=C3C=NNC3C12,1.3172683
OC1C2C=C3C=NNC3C12,1.3431238
CC1C2C=C3C=COC3C12,1.2437571
NC1C2C=C3C=COC3C12,1.3276473
OC1C2C=C3C=COC3C12,1.4426214
CC1C2C=C3C=NOC3C12,1.381776
NC1C2C=C3C=NOC3C12,1.58169
OC1C2C=C3C=NOC3C12,1.5305675
CC1C2N=C3C=CCN3C12,0.78264976
NC1C2N=C3C=CCN3C12,0.9507225
OC1C2N=C3C=CCN3C12,1.0896431
CC1C2N=c3cc[nH]n3C12,0.93078107
NC1C2N=c3cc[nH]n3C12,1.1019899
OC1C2N=c3cc[nH]n3C12,1.1605393
CC1C2N=c3ccon3C12,1.2407815
NC1C2N=c3ccon3C12,1.412952
OC1C2N=c3ccon3C12,1.2890595
CN1C2C=C3C=CCC3C12,0.89394546
CN1C2C=C3C=NNC3C12,1.1860183
CN1C2C=C3C=COC3C12,1.0960087
CN1C2C=C3C=NOC3C12,1.4787815
CC1C2C3NN=CC3=CN12,1.0312617
CC1C2C3ON=CC3=CN12,1.341618
CC1C2C3CC=CC3=NN12,1.1828715
CC1C2C3N=CC=C3NN12,1.1853837
CC1C2C3N=NC=C3NN12,1.4889175
CC1C2C3OC=CC3=NN12,0.9927143
CC1C2C=C3C=CCC3N12,1.060039
CC1C2C=C3CC=CC3C12,0.9867827
NC1C2C=C3CC=CC3C12,1.0267955
OC1C2C=C3CC=CC3C12,1.0863817
CC1C2C=C3OC=CC3C12,1.2169236
NC1C2C=C3OC=CC3C12,1.2467834
OC1C2C=C3OC=CC3C12,1.0929548
CC1C2C=C3N=CNC3C12,0.9797999
NC1C2C=C3N=CNC3C12,1.0927294
OC1C2C=C3N=CNC3C12,1.288412
CC1C2N=C3NC=CC3C12,0.96258414
NC1C2NC3=NC=CC3C12,1.2508429
OC1C2N=C3NC=CC3C12,0.9847137
CC1C2C=C3CN=CN3C12,0.92293763
NC1C2C=C3CN=CN3C12,0.8524296
OC1C2C=C3CN=CN3C12,1.0158054
CC1C2N=C3CC=CN3C12,0.74042255
NC1C2N=C3CC=CN3C12,0.94100463
OC1C2N=C3CC=CN3C12,1.0238497
CC1C2N=c3[nH]ccn3C12,0.5552914
NC1C2N=c3[nH]ccn3C12,0.6174222
OC1C2N=c3[nH]ccn3C12,0.609077
CC1C2N=c3occn3C12,0.9190345
NC1C2N=c3occn3C12,0.9603867
OC1C2N=c3occn3C12,0.74280876
CN1C2C=C3CC=CC3C12,0.89312184
CN1C2C=C3OC=CC3C12,0.9776478
CN1C2C=C3N=CNC3C12,1.0377625
CC1C2C3C=CCC3=NN12,0.92845416
CC1C2C3C=CN=C3NN12,1.1772786
CC1C2C3C=COC3=NN12,1.0320593
CC1C2C=C3CC=CC3N12,1.1246026
CC1C2C=C3OC=CC3N12,1.0377256
CC1C2C=C3CN=CN3N12,1.2446839
CC1C2C=C3CCC=C3C12,1.0622989
NC1C2C=C3CCC=C3C12,1.0712124
OC1C2C=C3CCC=C3C12,0.97776294
CC1C2C=C3COC=C3C12,1.0105006
NC1C2C=C3COC=C3C12,1.1983393
OC1C2C=C3COC=C3C12,1.1925789
CC1C2C=C3OCC=C3C12,1.1617017
NC1C2C=C3OCC=C3C12,1.20182
OC1C2C=C3OCC=C3C12,1.0805162
CC1C2C=C3CNN=C3C12,1.1762913
NC1C2C=C3CNN=C3C12,1.2547495
OC1C2C=C3CNN=C3C12,1.2670177
CC1C2C=C3CON=C3C12,1.3550297
NC1C2C=C3CON=C3C12,1.6072787
OC1C2C=C3CON=C3C12,1.5521489
CN1C2C=C3CCC=C3C12,0.81947774
CN1C2C=C3COC=C3C12,0.84426904
CN1C2C=C3OCC=C3C12,0.8787769
CN1C2C=C3CNN=C3C12,0.9345869
CN1C2C=C3CON=C3C12,1.350586
CC1C2N1C=C3CNN=C23,1.2667292
CC1C2N1C=C3CON=C23,1.5153918
CC1C2N1N=C3CCC=C23,1.2365648
CC1C2N1NC3=C2C=NC3,1.3759557
CC1C2N1N=C3COC=C23,1.3721625
CC1C2N1N=C3OCC=C23,1.4694153
CC1C2N1N=c3o[nH]cc23,1.1266221
CC1C2C=C3CCN=C3N12,1.3892704
CC1C2C=C3CNN=C3N12,1.0602309
CC1C2C=C3CON=C3N12,1.5947815
CC1C2C=C3C=CC=C3C12,1.3363937
NC1C2C=C3C=CC=C3C12,1.6152846
OC1C2C=C3C=CC=C3C12,1.4852761
CC1C2C=C3C=NN=C3C12,2.4849515
NC1C2C=C3C=NN=C3C12,2.560058
OC1C2C=C3C=NN=C3C12,2.6462002
CC1C2N=C3N=CC=C3C12,2.052411
NC1C2N=C3N=CC=C3C12,2.1481166
OC1C2N=C3N=CC=C3C12,2.1610336
CN1C2C=C3C=CC=C3C12,1.1562282
CN1C2C=C3C=NN=C3C12,2.207376
CC1C2N1C=C3C=NN=C23,2.6268773
CC1C2N1N=C3C=CC=C23,1.8989133
CC1C2N1N=C3C=NC=C23,2.3742049
CC1C2N1N=C3N=CC=C23,2.3618717
CC1C2N1N=C3C=CN=C23,2.3916035
CC1C2C=C3C=NN=C3N12,2.4142256
CC1C2CC3=C(CCC3)C12,0.76635057
NC1C2CC3=C(CCC3)C12,0.8252562
OC1C2CC3=C(CCC3)C12,0.8123132
CC1C2CC3=C(CNC3)C12,0.5505364
NC1C2CC3=C(CNC3)C12,0.616801
OC1C2CC3=C(CNC3)C12,0.68261015
CC1C2CC3=C(COC3)C12,0.75531125
NC1C2CC3=C(COC3)C12,1.020148
OC1C2CC3=C(COC3)C12,0.8968003
CC1C2CC3=C(CCO3)C12,0.6754289
NC1C2CC3=C(CCO3)C12,0.82641864
OC1C2CC3=C(CCO3)C12,0.88115406
CC1C2CC3=C(OCC3)C12,0.6745763
NC1C2CC3=C(OCC3)C12,0.7611071
OC1C2CC3=C(OCC3)C12,0.8432232
CC1C2CC3=C(OCO3)C12,0.67654955
NC1C2CC3=C(OCO3)C12,0.6907953
OC1C2CC3=C(OCO3)C12,0.8695321
CC1C2OC3=C(CCC3)C12,0.8455994
NC1C2OC3=C(CCC3)C12,0.9096709
OC1C2OC3=C(CCC3)C12,1.0876983
CC1C2OC3=C(CNC3)C12,0.6758751
NC1C2OC3=C(CNC3)C12,0.81137764
OC1C2OC3=C(CNC3)C12,0.7912937
CC1C2OC3=C(COC3)C12,0.8610061
NC1C2OC3=C(COC3)C12,0.8024012
OC1C2OC3=C(COC3)C12,1.0214444
CC1C2OC3=C(OCC3)C12,0.81217796
NC1C2OC3=C(OCC3)C12,0.771193
OC1C2OC3=C(OCC3)C12,0.939165
CN1C2CC3=C(CCC3)C12,0.6224213
CN1C2CC3=C(CNC3)C12,0.5830573
CN1C2CC3=C(COC3)C12,0.9215418
CN1C2CC3=C(CCO3)C12,0.67822903
CN1C2CC3=C(OCC3)C12,0.6912812
CN1C2CC3=C(OCO3)C12,0.6186805
CC1C2N1CC3=C2CCC3,0.83276033
CC1C2N1CC3=C2CNC3,0.7490234
CC1C2N1CC3=C2COC3,0.994962
CC1C2N1CC3=C2CCO3,0.95121133
CC1C2N1CC3=C2OCC3,0.75497335
CC1C2N1CC3=C2OCO3,0.832746
CC1C2CC3=C(CC=C3)C12,0.7627959
NC1C2CC3=C(CC=C3)C12,1.1808342
OC1C2CC3=C(CC=C3)C12,1.0461804
CC1C2OC3=C(CC=C3)C12,1.0729312
NC1C2OC3=C(CC=C3)C12,1.0150028
OC1C2OC3=C(CC=C3)C12,1.0734178
CN1C2CC3=C(CC=C3)C12,1.0510306
CC1C2N1CC3=C2CC=C3,1.1279206
CC1C2CC3=C(C=CC3)C12,0.8946754
NC1C2CC3=C(C=CC3)C12,1.1174331
OC1C2CC3=C(C=CC3)C12,1.1352148
CC1C2N=c3o[nH]cc3C12,1.0882989
NC1C2N=c3o[nH]cc3C12,1.0485542
OC1C2N=c3o[nH]cc3C12,1.1424452
CC1C2OC3=C(C=CC3)C12,0.9756913
NC1C2OC3=C(C=CC3)C12,0.9310535
OC1C2OC3=C(C=CC3)C12,1.0273932
CN1C2CC3=C(C=CC3)C12,1.0180222
CC1C2N1CC3=C2C=CC3,0.9987719
C=CC1C2C3CCC(C3)C12,0.8869427
C=CC1C2C3CNC(C3)C12,0.47835162
C=CC1C2C3COC(C3)C12,0.5615441
C=CC1C2C3CCC(N3)C12,0.5024784
C=CC1C2C3CCC(O3)C12,0.46040997
C=CC1C2C3COC(O3)C12,0.7077197
C=CC1C2C3CCN(C3)C12,0.65343225
C=CC1C2C3CCC(C3)N12,0.72916675
C=CC1C2C3CC(CN3)N12,0.8052659
C=CC1C2C3CC(CO3)N12,0.49488184
CCC1C2C3CC(C=C3)C12,0.8198752
NCC1C2C3CC(C=C3)C12,0.84863585
OCC1C2C3CC(C=C3)C12,0.5601928
CNC1C2C3CC(C=C3)C12,0.7930633
COC1C2C3CC(C=C3)C12,0.56346226
CCC1C2C3NC(C=C3)C12,0.6987396
NCC1C2C3NC(C=C3)C12,0.608523
OCC1C2C3NC(C=C3)C12,0.8939509
CNC1C2C3NC(C=C3)C12,0.6341668
COC1C2C3NC(C=C3)C12,0.7939321
CCC1C2C3OC(C=C3)C12,1.0533248
NCC1C2C3OC(C=C3)C12,1.169139
OCC1C2C3OC(C=C3)C12,1.201646
CNC1C2C3OC(C=C3)C12,1.2241493
COC1C2C3OC(C=C3)C12,1.0051309
CCN1C2C3CC(C=C3)C12,0.6995862
CCN1C2C3NC(C=C3)C12,0.6065896
CCN1C2C3OC(C=C3)C12,1.1151557
CCC1C2C3CC(C=C3)N12,0.7519252
NCC1C2C3CC(C=C3)N12,0.7229215
OCC1C2C3CC(C=C3)N12,0.87708783
C=CC1C2C3CC(C=C3)C12,0.578683
O=CC1C2C3CC(C=C3)C12,1.0048237
N#CC1C2C3CC(C=C3)C12,1.163193
C=CC1C2C3NC(C=C3)C12,0.8127775
O=CC1C2C3NC(C=C3)C12,0.96279013
N#CC1C2C3NC(C=C3)C12,1.0169483
C=CC1C2C3OC(C=C3)C12,1.1394613
O=CC1C2C3OC(C=C3)C12,1.3404461
N#CC1C2C3OC(C=C3)C12,1.7283981
N=CN1C2C3CC(C=C3)C12,0.98496675
O=CN1C2C3CC(C=C3)C12,1.1882612
C=NN1C2C3CC(C=C3)C12,1.2615156
N=CN1C2C3NC(C=C3)C12,1.0056959
O=CN1C2C3NC(C=C3)C12,0.99644446
C=NN1C2C3NC(C=C3)C12,1.2004718
N=CN1C2C3OC(C=C3)C12,1.2729208
O=CN1C2C3OC(C=C3)C12,1.5397702
C=NN1C2C3OC(C=C3)C12,1.4349777
C=CC1C2C3CC(C=C3)N12,0.7781352
O=CC1C2C3CC(C=C3)N12,0.9941237
N#CC1C2C3CC(C=C3)N12,1.5231931
C#CC1C2C3CC(C=C3)C12,1.088788
C#CC1C2C3NC(C=C3)C12,1.0240186
C#CC1C2C3OC(C=C3)C12,1.3885063
C#CC1C2C3CC(C=C3)N12,1.0777357
C=CC1CC2CCC3C2C13,0.6233147
C=CC1CC2NCC3C2C13,0.4157623
C=CC1CC2OCC3C2C13,0.62426615
C=CC1CC2CNC3C2C13,0.418123
C=CC1CC2COC3C2C13,0.6510228
C=CC1NC2CCC3C2C13,0.5155233
C=CC1NC2CNC3C2C13,0.50230753
C=CC1NC2COC3C2C13,0.7973999
C=CC1OC2CCC3C2C13,0.3595432
C=CC1OC2OCC3C2C13,0.77819824
C=CC1OC2CNC3C2C13,0.65441436
C=CC1OC2COC3C2C13,0.7927775
C=CC1CN2CCC3C1C23,0.4887567
C=CC1CC2CCN3C2C13,0.49575356
C=CC1NC2CCN3C2C13,0.54724985
C=CC1OC2CCN3C2C13,0.72237176
C=CC1CC2CCC3C2N13,0.53994715
C=CC1CC2NCC3C2N13,0.39147627
C=CC1CC2OCC3C2N13,0.5484411
C=CC1CC2CCC3C1N23,0.43249485
CC=C1CC2CCC3C2C13,0.6586992
CC=C1CC2NCC3C2C13,0.40708256
CC=C1CC2OCC3C2C13,0.5927288
CC=C1CC2CNC3C2C13,0.44638813
CC=C1CC2COC3C2C13,0.6868624
CC=C1OC2CCC3C2C13,0.1942698
CC=C1OC2OCC3C2C13,0.63730013
CC=C1OC2CNC3C2C13,0.403967
CC=C1OC2COC3C2C13,0.6643729
CC=C1CN2CCC3C2C13,0.51121783
CC=C1CC2CCN3C2C13,0.50942606
CC=C1OC2CCN3C2C13,0.62864107
CC=C1CC2CCC3C1N23,0.57162994
CCC1CC2C=CC3C1C23,0.8083093
NCC1CC2C=CC3C1C23,0.7110843
OCC1CC2C=CC3C1C23,0.7200529
CNC1CC2C=CC3C1C23,0.57012165
COC1CC2C=CC3C1C23,0.63239515
CCC1NC2C=CC3C1C23,0.5899774
NCC1NC2C=CC3C1C23,0.56308556
OCC1NC2C=CC3C1C23,0.5666691
CCC1OC2C=CC3C1C23,0.67633003
NCC1OC2C=CC3C1C23,0.6908318
OCC1OC2C=CC3C1C23,0.70398045
COC1OC2C=CC3C1C23,0.7314384
CCN1CC2C=CC3C2C13,0.57879317
CCC1CC2C=CC3C2N13,0.7183168
NCC1CC2C=CC3C2N13,0.68348145
OCC1CC2C=CC3C2N13,1.0084771
CCC1CC2C=CC3C1N23,0.6243633
NCC1CC2C=CC3C1N23,0.69164985
OCC1CC2C=CC3C1N23,0.689852
CNC1CC2C=CC3C1N23,0.5775284
COC1CC2C=CC3C1N23,0.6798035
C=CC1CC2C=CC3C1C23,0.70583284
O=CC1CC2C=CC3C1C23,0.51218593
N#CC1CC2C=CC3C2C13,0.79896057
C=CC1NC2C=CC3C1C23,0.6141677
O=CC1NC2C=CC3C1C23,0.5829698
N#CC1NC2C=CC3C2C13,0.8340368
C=CC1OC2C=CC3C1C23,0.75106263
O=CC1OC2C=CC3C1C23,0.7810799
N#CC1OC2C=CC3C2C13,1.1229959
N=CN1CC2C=CC3C2C13,0.73016095
O=CN1CC2C=CC3C2C13,0.69556725
C=NN1CC2C=CC3C2C13,0.90727377
N=CN1NC2C=CC3C2C13,0.78630227
O=CN1NC2C=CC3C2C13,0.7228221
N=CN1OC2C=CC3C2C13,0.800233
O=CN1OC2C=CC3C2C13,0.94145584
C=CC1CC2C=CC3C2N13,0.7117958
O=CC1CC2C=CC3C2N13,0.5617827
N#CC1CC2C=CC3C2N13,1.114388
C=CC1CC2C=CC3C1N23,0.7265701
O=CC1CC2C=CC3C1N23,0.5621599
N#CC1CC2C=CC3C1N23,1.1000178
C#CC1CC2C=CC3C2C13,0.7656131
C#CC1NC2C=CC3C2C13,0.8071182
C#CC1OC2C=CC3C2C13,0.9990666
C#CC1CC2C=CC3C2N13,0.8537501
C#CC1CC2C=CC3C1N23,0.6424349
CC=C1CC2C=CC3C2C13,0.7418948
NN=C1CC2C=CC3C2C13,0.86272895
ON=C1CC2C=CC3C2C13,0.9375917
CN=C1NC2C=CC3C2C13,0.54485345
NNC1=NC2C=CC3C2C13,0.8005779
ON=C1NC2C=CC3C2C13,0.92510384
CC=C1OC2C=CC3C2C13,0.68520784
NN=C1OC2C=CC3C2C13,0.8575865
ON=C1OC2C=CC3C2C13,1.1067702
CC=C1CC2C=CC3C1N23,0.85758704
NN=C1CC2C=CC3C1N23,0.9540312
ON=C1CC2C=CC3C1N23,1.129687
CCC1=CC2CCC3C2C13,0.7332581
NCC1=CC2CCC3C2C13,0.55418724
OCC1=CC2CCC3C2C13,0.3941938
COC1=CC2CCC3C2C13,0.2400154
CCC1=CC2NCC3C2C13,0.52598685
NCC1=CC2NCC3C2C13,0.39445427
OCC1=CC2NCC3C2C13,0.57202727
COC1=CC2NCC3C2C13,0.374895
CCC1=CC2OCC3C2C13,0.87481093
NCC1=CC2OCC3C2C13,0.90586853
OCC1=CC2OCC3C2C13,0.9646281
COC1=CC2OCC3C2C13,0.7306448
CCC1=CC2CNC3C2C13,0.60285825
NCC1=CC2CNC3C2C13,0.43761703
OCC1=CC2CNC3C2C13,0.58534485
COC1=CC2CNC3C2C13,0.41223672
CCC1=CC2COC3C2C13,0.8016498
NCC1=CC2COC3C2C13,0.79108083
OCC1=CC2COC3C2C13,0.77770436
COC1=CC2COC3C2C13,0.5578117
CCC1=CC2CCN3C2C13,0.7000657
NCC1=CC2CCN3C2C13,0.5806248
OCC1=CC2CCN3C2C13,0.7089547
COC1=CC2CCN3C2C13,0.59042406
CCC1=CC2CCC3C1N23,0.66805
NCC1=CC2CCC3C1N23,0.62617135
OCC1=CC2CCC3C1N23,0.7070585
COC1=CC2CCC3C1N23,0.47632918
C=CC1=CC2CCC3C2C13,0.5564009
O=CC1=CC2CCC3C2C13,1.0984129
N#CC1=CC2CCC3C2C13,1.1285383
C=CC1=CC2NCC3C2C13,0.620173
O=CC1=CC2NCC3C2C13,0.8165767
N#CC1=CC2NCC3C2C13,0.9221418
C=CC1=CC2OCC3C2C13,1.0202135
O=CC1=CC2OCC3C2C13,1.3018337
N#CC1=CC2OCC3C2C13,1.4763038
C=CC1=CC2CNC3C2C13,0.75326693
O=CC1=CC2CNC3C2C13,1.1181997
N#CC1=CC2CNC3C2C13,1.206741
C=CC1=CC2COC3C2C13,0.8831349
O=CC1=CC2COC3C2C13,1.3366109
N#CC1=CC2COC3C2C13,1.4676932
C=CC1=CC2CCN3C2C13,0.7962437
O=CC1=CC2CCN3C2C13,1.0931866
N#CC1=CC2CCN3C2C13,1.2311233
C=CC1=CC2CCC3C1N23,0.8537147
O=CC1=CC2CCC3C1N23,1.0385171
N#CC1=CC2CCC3C1N23,1.3706862
C#CC1=CC2CCC3C2C13,1.7960507
C#CC1=CC2NCC3C2C13,1.2734367
C#CC1=CC2OCC3C2C13,1.3720737
C#CC1=CC2CNC3C2C13,1.3603349
C#CC1=CC2COC3C2C13,1.370435
C#CC1=CC2CCN3C2C13,1.2121037
C#CC1=CC2CCC3C1N23,1.4421339
CCC1=CC2C=CC3C2C13,0.89289546
NCC1=CC2C=CC3C2C13,0.8224821
OCC1=CC2C=CC3C2C13,0.7664063
COC1=CC2C=CC3C2C13,0.62322176
CCC1=CC2C=CC3C1N23,0.94928265
NCC1=CC2C=CC3C1N23,0.9072801
OCC1=CC2C=CC3C1N23,0.90601814
COC1=CC2C=CC3C1N23,0.67385805
C=CC1=CC2C=CC3C2C13,0.9342092
O=CC1=CC2C=CC3C2C13,1.0159119
N#CC1=CC2C=CC3C2C13,1.4088701
C=CC1=CC2C=CC3C1N23,1.0141332
O=CC1=CC2C=CC3C1N23,1.2902635
N#CC1=CC2C=CC3C1N23,1.6033038
C#CC1=CC2C=CC3C2C13,1.1467417
C#CC1=CC2C=CC3C1N23,1.4476696
C=CC1CC2C3CCC2C13,0.6595178
C=CC1CC2C3CNC2C13,0.3907003
C=CC1CC2C3COC2C13,0.59506196
C=CC1NC2C3CCC2C13,0.5352608
C=CC1NC2C3CNC2C13,0.330496
C=CC1NC2C3COC2C13,0.73342115
C=CC1OC2C3CCC2C13,0.5826694
C=CC1OC2C3CNC2C13,0.6236854
C=CC1OC2C3COC2C13,0.8184222
C=CC1CC2C3CCN2C13,0.37492636
C=CC1CN2C3CCC2C13,0.43662584
C=CC1CC2C3CCC2N13,0.4396435
CC=C1CC2C3CCC2C13,0.6220064
CC=C1CC2C3CNC2C13,0.34154743
CC=C1CC2C3COC2C13,0.7266836
CC=C1OC2C3CCC2C13,0.46006063
CC=C1OC2C3CNC2C13,0.473448
CC=C1OC2C3COC2C13,0.77114385
CC=C1CC2C3CCN2C13,0.31134287
CC=C1CN2C3CCC2C13,0.5080462
CCC1CC2C3C=CC2C13,0.94278234
NCC1CC2C3C=CC2C13,0.7027241
OCC1CC2C3C=CC2C13,0.8140229
CNC1CC2C3C=CC2C13,0.7039311
COC1CC2C3C=CC2C13,0.79681045
CCC1NC2C3C=CC2C13,0.809853
NCC1NC2C3C=CC2C13,0.74991095
OCC1NC2C3C=CC2C13,0.81101567
CCC1OC2C3C=CC2C13,0.979818
NCC1OC2C3C=CC2C13,1.0039214
OCC1OC2C3C=CC2C13,1.0421461
COC1OC2C3C=CC2C13,1.0101502
CCN1CC2C3C=CC2C13,0.7738139
CCC1CN2C3C=CC2C13,0.8473588
NCC1CN2C3C=CC2C13,0.90269464
OCC1CN2C3C=CC2C13,0.8922585
CNC1CN2C3C=CC2C13,0.7445076
COC1CN2C3C=CC2C13,0.88152623
CCC1CC2C3C=CC2N13,0.9734746
NCC1CC2C3C=CC2N13,0.82481873
OCC1CC2C3C=CC2N13,0.97643137
C=CC1CC2C3C=CC2C13,0.8558174
O=CC1CC2C3C=CC2C13,0.74912214
N#CC1CC2C3C=CC2C13,1.01534
C=CC1NC2C3C=CC2C13,0.8424221
O=CC1NC2C3C=CC2C13,0.8931371
N#CC1NC2C3C=CC2C13,0.91699815
C=CC1OC2C3C=CC2C13,1.0459837
O=CC1OC2C3C=CC2C13,1.0853426
N#CC1OC2C3C=CC2C13,1.2555739
N=CN1CC2C3C=CC2C13,0.84094465
O=CN1CC2C3C=CC2C13,0.879528
C=NN1CC2C3C=CC2C13,1.0389315
N=CN1NC2C3C=CC2C13,0.8712949
O=CN1NC2C3C=CC2C13,0.90805465
N=CN1OC2C3C=CC2C13,1.1473058
O=CN1OC2C3C=CC2C13,1.2765685
C=CC1CN2C3C=CC2C13,0.9108601
O=CC1CN2C3C=CC2C13,1.0360403
N#CC1CN2C3C=CC2C13,1.2306294
C=CC1CC2C3C=CC2N13,0.9801552
O=CC1CC2C3C=CC2N13,0.8639747
N#CC1CC2C3C=CC2N13,1.377641
C#CC1CC2C3C=CC2C13,0.94038886
C#CC1NC2C3C=CC2C13,0.830913
C#CC1OC2C3C=CC2C13,1.3579413
C#CC1CN2C3C=CC2C13,1.5316201
C#CC1CC2C3C=CC2N13,1.2460223
CC=C1CC2C3C=CC2C13,0.9169098
NN=C1CC2C3C=CC2C13,1.104438
ON=C1CC2C3C=CC2C13,1.1010035
CN=C1NC2C3C=CC2C13,0.8604752
NNC1=NC2C3C=CC2C13,1.2735015
ON=C1NC2C3C=CC2C13,1.0544518
CC=C1OC2C3C=CC2C13,1.0182468
NN=C1OC2C3C=CC2C13,1.1982694
ON=C1OC2C3C=CC2C13,1.245207
CC=C1CN2C3C=CC2C13,1.031041
NN=C1CN2C3C=CC2C13,1.2799454
ON=C1CN2C3C=CC2C13,1.3467512
CCC1=CC2C3CCC2C13,0.7710697
NCC1=CC2C3CCC2C13,0.73833865
OCC1=CC2C3CCC2C13,0.65446496
COC1=CC2C3CCC2C13,0.51288146
CCC1=CC2C3CNC2C13,0.7634453
NCC1=CC2C3CNC2C13,0.5415807
OCC1=CC2C3CNC2C13,0.48119363
COC1=CC2C3CNC2C13,0.38971126
CCC1=CC2C3COC2C13,1.0310514
NCC1=CC2C3COC2C13,1.0552313
OCC1=CC2C3COC2C13,0.92831224
COC1=CC2C3COC2C13,0.8143331
CCC1=CC2C3CCN2C13,0.53910273
NCC1=CC2C3CCN2C13,0.45074335
OCC1=CC2C3CCN2C13,0.61912245
COC1=CC2C3CCN2C13,0.42847618
C=CC1=CC2C3CCC2C13,0.837672
O=CC1=CC2C3CCC2C13,1.3565185
N#CC1=CC2C3CCC2C13,1.3336427
C=CC1=CC2C3CNC2C13,0.6749141
O=CC1=CC2C3CNC2C13,1.0611964
N#CC1=CC2C3CNC2C13,1.2742618
C=CC1=CC2C3COC2C13,1.0661575
O=CC1=CC2C3COC2C13,1.5888104
N#CC1=CC2C3COC2C13,1.7540506
C=CC1=CC2C3CCN2C13,0.7250557
O=CC1=CC2C3CCN2C13,1.1738378
N#CC1=CC2C3CCN2C13,1.2716652
C#CC1=CC2C3CCC2C13,1.6756427
C#CC1=CC2C3CNC2C13,1.1474952
C#CC1=CC2C3COC2C13,1.5007328
C#CC1=CC2C3CCN2C13,1.383145
CCC1=CC2C3C=CC2C13,1.0883186
NCC1=CC2C3C=CC2C13,1.0636202
OCC1=CC2C3C=CC2C13,0.9590461
COC1=CC2C3C=CC2C13,0.8843196
C=CC1=CC2C3C=CC2C13,1.0977875
O=CC1=CC2C3C=CC2C13,1.2345582
N#CC1=CC2C3C=CC2C13,1.5071018
C#CC1=CC2C3C=CC2C13,1.6609727
C1CC2C1CC3CC2C=C3,0.6765716
C1CC2C1NC3CC2C=C3,0.5898293
C1CC2C1OC3CC2C=C3,0.72780067
C1CC2C1CC3NC2C=C3,0.564557
C1CC2C1CC3OC2C=C3,0.63043094
C1CC2C1OC3OC2C=C3,0.8561157
C1NC2CC3CC(C=C3)C12,0.70218456
C1NC2CC3NC(C=C3)C12,0.6258918
C1NC2CC3OC(C=C3)C12,1.1706364
C1OC2CC3CC(C=C3)C12,0.6580029
C1OC2CC3NC(C=C3)C12,0.9505788
C1OC2CC3OC(C=C3)C12,0.98381567
C1NC2C1CC3CC2C=C3,0.6392004
C1NC2C1NC3CC2C=C3,0.45272633
C1NC2C1OC3CC2C=C3,0.6521699
C1NC2C1CC3NC2C=C3,0.5539267
C1NC2C1CC3OC2C=C3,0.6979166
C1NC2C1OC3OC2C=C3,0.86357194
C1OC2C1CC3CC2C=C3,0.6568022
C1OC2C1NC3CC2C=C3,0.6557486
C1OC2C1OC3CC2C=C3,0.89292586
C1OC2C1CC3NC2C=C3,0.71670824
C1OC2C1CC3OC2C=C3,0.7090467
C1OC2C1OC3OC2C=C3,1.0532647
C1CN2CC3CC(C=C3)C12,0.7326372
C1CN2CC3NC(C=C3)C12,0.63175136
C1CN2CC3OC(C=C3)C12,1.1124048
C1CN2C1CC3CC2C=C3,0.51533526
C1CC2C1CC3C=CCC23,0.7938861
C1CC2C1CC3C=COC23,0.3666329
C1CC2C1NC3C=CCC23,0.58408445
C1CC2C1NC3C=COC23,0.43534568
C1CC2C1OC3C=CCC23,0.8492024
C1CC2C1OC3C=COC23,0.64420193
C1NC2CC3C=CCC3C12,0.781757
C1NC2CC3C=COC3C12,0.9065803
C1OC2CC3C=CCC3C12,0.7583927
C1OC2CC3C=COC3C12,0.8086406
C1NC2C1CC3C=CCC23,0.6090673
C1NC2C1CC3C=COC23,0.4820996
C1NC2C1NC3C=CCC23,0.64575064
C1NC2C1NC3C=COC23,0.49302924
C1NC2C1OC3C=CCC23,0.7614391
C1NC2C1OC3C=COC23,0.5917784
C1OC2C1CC3C=CCC23,0.68493557
C1OC2C1CC3C=COC23,0.6710867
C1OC2C1NC3C=CCC23,0.7586627
C1OC2C1NC3C=COC23,0.6199858
C1OC2C1OC3C=CCC23,0.9243052
C1OC2C1OC3C=COC23,0.824909
C1CC2C1CC3C=CCN23,0.53276306
C1NC2CC3C=CCN3C12,0.69617933
C1OC2CC3C=CCN3C12,0.7693406
C1CN2CC3C=CCC3C12,0.64022833
C1CN2CC3C=COC3C12,0.7180519
C1CN2C1CC3C=CCC23,0.45900077
C1CC2C1CC3CC=CC23,0.82684886
C1CC2C1CC3OC=CC23,0.6395926
C1CC2C1NC3CC=CC23,0.62146485
C1CC2C1OC3CC=CC23,0.80312556
C1CC2C1OC3OC=CC23,0.79350114
C1NC2CC3CC=CC3C12,0.81106114
C1NC2CC3OC=CC3C12,1.0728344
C1OC2CC3CC=CC3C12,0.757644
C1OC2CC3OC=CC3C12,1.0417701
C1NC2C1CC3CC=CC23,0.73584366
C1NC2C1CC3OC=CC23,0.7177382
C1NC2C1NC3CC=CC23,0.48486826
C1NC2C1OC3CC=CC23,0.75393337
C1NC2C1OC3OC=CC23,0.8392893
C1OC2C1CC3CC=CC23,0.6650354
C1OC2C1CC3OC=CC23,0.7749188
C1OC2C1NC3CC=CC23,0.66527224
C1OC2C1OC3CC=CC23,1.0260905
C1OC2C1OC3OC=CC23,1.1175061
C1CC2C1CN3CC=CC23,0.49925682
C1NC2CN3CC=CC3C12,0.7222082
C1OC2CN3CC=CC3C12,0.813264
C1NC2C1CN3CC=CC23,0.40354952
C1OC2C1CN3CC=CC23,0.61234033
C1CN2CC3CC=CC3C12,0.7825818
C1CN2CC3OC=CC3C12,0.85544413
C1CN2C1CC3CC=CC23,0.503168
C1CN2C1CC3OC=CC23,0.48810622
C1CC2C3CCC3CC2=C1,0.6490971
C1CC2C1CC3=COCC23,0.5419035
C1CC2C1CC3=CCNC23,0.5095731
C1CC2C1CC3=CCOC23,0.5389909
C1CC2C3CCC3OC2=C1,0.66776
C1CC2C1OC3=COCC23,0.78928983
C1NC2C3CCC3OC2=C1,0.7026931
C1CC2C1OC3=CCOC23,0.4413949
C1CC2C3CNC3CC2=C1,0.53607917
C1NC2CC3=COCC3C12,0.86401534
C1NC2C3CNC3CC2=C1,0.72059596
C1NC2CC3=CCOC3C12,0.88469446
C1CC2C3COC3CC2=C1,0.76464385
C1OC=C2CC3OCC3C12,0.800477
C1NC2C3COC3CC2=C1,0.7221017
C1OC2C3COC3CC2=C1,0.8236352
C1CC2C3NCC3CC2=C1,0.63809884
C1NC2C1CC3=COCC23,0.53957206
C1NC2C3NCC3CC2=C1,0.7670137
C1NC2C1CC3=CCOC23,0.60733217
C1CC2C3NCC3OC2=C1,0.7799163
C1NC2C1OC3=COCC23,0.9003281
C1NC2C3NCC3OC2=C1,0.58748823
C1NC2C1OC3=CCOC23,0.563235
C1CC2C3OCC3CC2=C1,0.88297373
C1OC2C1CC3=COCC23,0.71200836
C1NC2C3OCC3CC2=C1,0.8236778
C1OC2C3OCC3CC2=C1,1.0216271
C1CC2C3OCC3OC2=C1,0.6249716
C1OC=C2OC3COC3C12,1.1649851
C1NC2C3OCC3OC2=C1,0.7318305
C1OC2C3OCC3OC2=C1,1.196746
C1CC2C3CCN3CC2=C1,0.57613474
C1CN2CC3=COCC3C12,0.7815994
C1CN2CC3=CCNC3C12,0.41146746
C1CN2CC3=CCOC3C12,0.74564207
C1CC2N3CCC3CC2=C1,0.72013795
C1CN2C1CC3=COCC23,0.45246148
C1CC2C1CC3=CC=CC23,0.73753875
C1CC2C1OC3=CC=CC23,0.9315574
C1NC2CC3=CC=CC3C12,0.9730309
C1OC2CC3=CC=CC3C12,1.12572
C1NC2C1CC3=CC=CC23,0.69656587
C1NC2C1OC3=CC=CC23,0.91506267
C1OC2C1CC3=CC=CC23,0.8776442
C1OC2C1OC3=CC=CC23,0.8933679
C1CN2CC3=CC=CC3C12,0.8504077
C1CN2C1CC3=CC=CC23,0.72127646
C1CC2CC3CCC3C2=C1,0.66369486
C1CC2C1CC3COC=C23,0.37617862
C1CC2C1CC3NCC=C23,0.52735674
C1CC2C1CC3OCC=C23,0.72401106
C1CC2NC3CCC3C2=C1,0.70269334
C1CC2C1NC3COC=C23,0.5148796
C1CC2OC3CCC3C2=C1,0.8202368
C1CC2C1OC3COC=C23,0.7218479
C1CC2C1OC3OCC=C23,0.93838215
C1CC2CC3NCC3C2=C1,0.68899935
C1NC2CC3COC=C3C12,0.76559186
C1NC2CC3NCC3C2=C1,0.6818948
C1NC2CC3OCC=C3C12,1.1417494
C1CC2CC3OCC3C2=C1,0.7778778
C1OC=C2C1CC3OCC23,0.822694
C1NC2CC3OCC3C2=C1,0.68652856
C1OC2CC3OCC3C2=C1,0.89536774
C1CC2CC3CNC3C2=C1,0.56270725
C1NC2C1CC3COC=C23,0.45021403
C1NC2CC3CNC3C2=C1,0.6425067
C1NC2C1CC3OCC=C23,0.6986463
C1CC2NC3CNC3C2=C1,0.6364953
C1NC2C1NC3COC=C23,0.587724
C1CC2OC3CNC3C2=C1,0.78681564
C1NC2C1OC3COC=C23,0.6837836
C1NC2C1OC3OCC=C23,0.9434407
C1CC2CC3COC3C2=C1,0.75189406
C1OC=C2C1CC3COC23,0.53831035
C1NC2CC3COC3C2=C1,0.7643002
C1OC2CC3COC3C2=C1,0.7765551
C1CC2NC3COC3C2=C1,0.8312366
C1OC=C2C1NC3COC23,0.6548273
C1CC2OC3COC3C2=C1,0.90117383
C1OC=C2C1OC3COC23,0.7741059
C1OC2OC3COC3C2=C1,1.1762824
C1CC2CN3CCC3C2=C1,0.678869
C1CN2CC3COC=C3C12,0.6581942
C1CN2CC3NCC=C3C12,0.7019469
C1CN2CC3OCC=C3C12,1.0819784
C1CC2C1CC3C=CC=C23,0.9110467
C1CC2C1NC3C=CC=C23,1.2202326
C1CC2C1OC3C=CC=C23,1.1242994
C1NC2CC3C=CC=C3C12,0.9973309
C1OC2CC3C=CC=C3C12,0.9550449
C1NC2C1CC3C=CC=C23,0.8494367
C1NC2C1NC3C=CC=C23,0.7850133
C1NC2C1OC3C=CC=C23,1.0131041
C1OC2C1CC3C=CC=C23,0.8768058
C1OC2C1NC3C=CC=C23,0.92516965
C1OC2C1OC3C=CC=C23,1.2589427
C1CN2CC3C=CC=C3C12,0.9456242
C1C=C2CC3CCC3C2=C1,1.2934458
C1CC2C1NC3=NCC=C23,1.0143788
C1CC2C1OC3=CCC=C23,0.98594975
C1NC2CC3=CCC=C3C12,0.939222
C1OC2CC3=CCC=C3C12,1.1219742
C1NC2C1CC3=CCC=C23,0.7484603
C1NC2C1NC3=NCC=C23,0.9235637
C1NC2C1OC3=CCC=C23,0.99707067
C1OC2C1CC3=CCC=C23,0.99012625
C1NC2=NC3COC3C2=C1,1.329573
C1OC2C1OC3=CCC=C23,1.0331116
C1C=C2CN3CCC3C2=C1,1.0080795
C1CN2NC3=NCC=C3C12,1.377375
C1CN2C1CC3=CCN=C23,0.9977614
C1CC2C3CCC3C=C2C1,0.69476366
C1CC2C1C=C3CNCC23,0.605865
C1CC2C1C=C3COCC23,0.7572092
C1CC2C3CCC3C=C2O1,0.32866606
C1CC2=CC3CCC3C2N1,0.62099534
C1CC2=CC3CCC3C2O1,0.59567785
C1OC2C3CCC3C=C2O1,0.73143256
C1CC2C3CNC3C=C2C1,0.6924084
C1NC2C=C3CNCC3C12,0.6569516
C1NC2C=C3COCC3C12,1.0457002
C1CC2C3CNC3C=C2O1,0.5685589
C1CC2=CC3NCC3C2N1,0.72031385
C1CC2=CC3NCC3C2O1,0.9698552
C1OC2C3CNC3C=C2O1,0.81293994
C1CC2C3COC3C=C2C1,0.8479999
C1NCC2=CC3OCC3C12,0.91008365
C1OC2C=C3COCC3C12,1.1039296
C1CC2C3COC3C=C2O1,0.58002996
C1CC2=CC3OCC3C2N1,0.92350495
C1CC2=CC3OCC3C2O1,0.95318913
C1OC2C3COC3C=C2O1,0.91680914
C1CC2C3NCC3C=C2C1,0.86056787
C1NC2C1C=C3CNCC23,0.56001717
C1NC2C1C=C3COCC23,0.727734
C1CC2C3NCC3C=C2O1,0.6359935
C1CC2=CC3CNC3C2N1,0.5088945
C1CC2=CC3CNC3C2O1,0.7592105
C1OC2C3NCC3C=C2O1,0.90322053
C1CC2C3OCC3C=C2C1,0.9056003
C1NCC2=CC3COC3C12,0.76955587
C1OC2C1C=C3COCC23,1.0696968
C1CC2C3OCC3C=C2O1,0.582715
C1CC2=CC3COC3C2N1,0.548903
C1CC2=CC3COC3C2O1,0.5647956
C1OC2C3OCC3C=C2O1,0.91956484
C1CC2N3CCC3C=C2C1,0.76596165
C1CN2C1C=C3CNCC23,0.34277794
C1CN2C1C=C3COCC23,0.44624016
C1CC2N3CCC3C=C2O1,0.58089995
C1CC2C1C=C3C=CCC23,0.85213166
C1CC2C1C=C3C=NNC23,0.89953613
C1CC2C1C=C3C=COC23,0.8753753
C1CC2C1C=C3C=NOC23,1.4292828
C1NC2C=C3C=CCC3C12,0.925141
C1NC2C=C3C=NNC3C12,1.2066524
C1NC2C=C3C=COC3C12,1.1848851
C1NC2C=C3C=NOC3C12,1.5267612
C1OC2C=C3C=CCC3C12,1.2225163
C1OC2C=C3C=NNC3C12,1.4981049
C1OC2C=C3C=COC3C12,1.4860697
C1OC2C=C3C=NOC3C12,1.8226973
C1NC2C1C=C3C=CCC23,0.71961176
C1NC2C1C=C3C=NNC23,0.96574545
C1NC2C1C=C3C=COC23,0.8627611
C1NC2C1C=C3C=NOC23,1.4884343
C1OC2C1C=C3C=CCC23,1.0494771
C1OC2C1C=C3C=NNC23,1.6341964
C1OC2C1C=C3C=COC23,1.2023135
C1OC2C1C=C3C=NOC23,1.8456669
C1CC2C1N=C3C=CCN23,0.7151406
C1CC2C1N=c3cc[nH]n23,0.73586226
C1CC2C1N=c3ccon23,0.9820116
C1CN2C=C3C=NNC3C12,0.84911704
C1CN2C=C3C=NOC3C12,1.130916
C1CN2N=C3C=CCC3C12,1.0085535
C1CN2N=C3C=CNC3C12,1.1299417
C1CN2N=C3C=COC3C12,1.1926388
C1CN2C1C=C3C=CCC23,0.6640789
C1CC2C1C=C3CC=CC23,0.7884134
C1CC2C1C=C3OC=CC23,0.82583106
C1CC2C1C=C3N=CNC23,0.6779705
C1CC2C1N=C3NC=CC23,0.7679521
C1NC2C=C3CC=CC3C12,0.7998806
C1NC2C=C3OC=CC3C12,1.0352293
C1NC2C=C3N=CNC3C12,0.984982
C1OC2C=C3CC=CC3C12,1.0192949
C1OC2C=C3OC=CC3C12,1.141573
C1OC2C=C3N=CNC3C12,1.399891
C1NC2C1C=C3CC=CC23,0.70343304
C1NC2C1C=C3OC=CC23,0.7941854
C1NC2C1C=C3N=CNC23,0.7481502
C1NC2C1NC3=NC=CC23,0.91776663
C1OC2C1C=C3CC=CC23,1.0408422
C1OC2C1C=C3OC=CC23,1.0069488
C1OC2C1C=C3N=CNC23,1.0701259
C1OC2C1N=C3NC=CC23,1.0694731
C1CC2C1C=C3CN=CN23,0.8572645
C1CC2C1N=C3CC=CN23,0.6942909
C1CC2C1N=c3[nH]ccn23,0.70449543
C1CC2C1N=c3occn23,0.85791504
C1NC2C=C3CN=CN3C12,0.58930016
C1OC2C=C3CN=CN3C12,0.8826895
C1CN2N=C3CC=CC3C12,0.9771476
C1CN2NC3=NC=CC3C12,1.1848068
C1CN2N=C3OC=CC3C12,1.1969149
C1CN2C1C=C3CC=CC23,0.7090633
C1CN2C1C=C3OC=CC23,0.69689316
C1CN2C1C=C3CN=CN23,0.9057158
C1CC2=CC3CCC3C2=C1,1.0150656
C1CC2C1C=C3COC=C23,1.030477
C1CC2C1C=C3OCC=C23,0.9581622
C1CC2C1C=C3CNN=C23,0.9877913
C1CC2C1C=C3CON=C23,1.32844
C1CC2=CC3NCC3C2=C1,0.97526443
C1NC2C=C3COC=C3C12,1.1268139
C1NC2C=C3OCC=C3C12,1.2953985
C1NC2C=C3CNN=C3C12,1.1633106
C1NC2C=C3CON=C3C12,1.5497298
C1CC2=CC3OCC3C2=C1,0.91256285
C1OC2C=C3COC=C3C12,1.2903764
C1OC2=CC3OCC3C2=C1,1.318664
C1NN=C2C3COC3C=C12,1.4329535
C1OC2C=C3CON=C3C12,1.7179712
C1CC2=CC3CNC3C2=C1,0.79807025
C1NC2C1C=C3COC=C23,0.9503434
C1NC2C1C=C3OCC=C23,0.9092207
C1NC2C1C=C3CNN=C23,0.93838155
C1NC2C1C=C3CON=C23,1.3994507
C1CC2=CC3COC3C2=C1,0.8064509
C1OC2C1C=C3COC=C23,1.3013518
C1OC2=CC3COC3C2=C1,1.0695567
C1NN=C2C3OCC3C=C12,1.5741413
C1OC2C1C=C3CON=C23,1.8092482
C1CN2C=C3CNN=C3C12,0.7260736
C1CN2C=C3CON=C3C12,1.2384799
C1CC2=NN3CCC3C2=C1,1.005567
C1CN2NC3=C(C=NC3)C12,1.5378841
C1CN2N=C3COC=C3C12,1.0694361
C1OC2=NN3CCC3C2=C1,1.3332435
C1CN2N=c3o[nH]cc3C12,0.90832984
C1CC2=CC3CCN3C2=N1,0.49877164
C1CN2C1C=C3CNN=C23,0.7674553
C1CN2C1C=C3CON=C23,0.9653971
C1CC2C1C=C3C=CC=C23,1.1831166
C1CC2C1C=C3C=NN=C23,2.4834046
C1CC2C1N=C3N=CC=C23,2.129381
C1NC2C=C3C=CC=C3C12,1.3377143
C1NC2C=C3C=NN=C3C12,2.3787446
C1OC2C=C3C=CC=C3C12,1.5657896
C1OC2C=C3C=NN=C3C12,2.6462345
C1NC2C1C=C3C=CC=C23,0.9327016
C1NC2C1C=C3C=NN=C23,2.5068438
C1NC2C1N=C3N=CC=C23,2.0676265
C1OC2C1C=C3C=CC=C23,1.449177
C1OC2C1C=C3C=NN=C23,2.937355
C1OC2C1N=C3N=CC=C23,2.4966865
C1CN2C=C3C=NN=C3C12,2.1431308
C1CN2N=C3C=CC=C3C12,1.4438013
C1CN2N=C3C=NC=C3C12,1.8934426
C1CN2N=C3N=CC=C3C12,2.0738852
C1CN2N=C3C=CN=C3C12,2.010942
C1CN2C1C=C3C=NN=C23,2.0003335
C1Cn2n3CCc3cc2=N1,1.2371038
C1Cn2cc3CCn3c2=N1,0.39461467
C1CC2=C(C1)C3CCC3C2,0.50900817
C1CC2C1CC3=C2CNC3,0.4950997
C1CC2C1CC3=C2COC3,0.5961201
C1CC2=C(CC3CCC23)O1,0.7955531
C1CC2=C(O1)C3CCC3C2,0.69836825
C1OC2=C(O1)C3CCC3C2,0.5756867
C1CC2=C(C1)C3CCC3O2,0.74770564
C1CC2C1OC3=C2CNC3,0.6663907
C1CC2C1OC3=C2COC3,0.585748
C1CC2=C(O1)C3CCC3O2,0.94753313
C1CC2=C(C1)C3CNC3C2,0.51916313
C1NC2CC3=C(CNC3)C12,0.5829543
C1NC2CC3=C(COC3)C12,0.9053943
C1CC2=C(CC3NCC23)O1,0.40088493
C1CC2=C(O1)C3CNC3C2,0.66098
C1NC2CC3=C(OCO3)C12,0.5669879
C1CC2=C(C1)C3COC3C2,0.58216
C1NCC2=C1CC3OCC23,0.61859185
C1OC2CC3=C(COC3)C12,1.008978
C1CC2=C(CC3OCC23)O1,0.41908035
C1CC2=C(O1)C3COC3C2,0.5420278
C1OC2=C(O1)C3COC3C2,0.6491375
C1CC2=C(C1)C3NCC3C2,0.6073222
C1NC2C1CC3=C2CNC3,0.55580133
C1NC2C1CC3=C2COC3,0.63515216
C1CC2=C(CC3CNC23)O1,0.6892292
C1CC2=C(O1)C3NCC3C2,0.88345623
C1NC2C1CC3=C2OCO3,0.49942914
C1CC2=C(C1)C3NCC3O2,0.7699909
C1NC2C1OC3=C2CNC3,0.741224
C1NC2C1OC3=C2COC3,0.4609383
C1CC2=C(O1)C3NCC3O2,0.7222011
C1CC2=C(C1)C3OCC3C2,0.83877504
C1NCC2=C1CC3COC23,0.47799757
C1OC2C1CC3=C2COC3,0.8716609
C1CC2=C(CC3COC23)O1,0.6056789
C1CC2=C(O1)C3OCC3C2,0.9147389
C1OC2=C(O1)C3OCC3C2,1.007947
C1CC2=C(C1)C3OCC3O2,0.7381554
C1NCC2=C1OC3COC23,0.7600787
C1OC2C1OC3=C2COC3,0.76381534
C1CC2=C(O1)C3OCC3O2,0.9661313
C1CC2=C(C1)C3CCN3C2,0.6703522
C1CN2CC3=C(CNC3)C12,0.5601758
C1CN2CC3=C(COC3)C12,0.7973693
C1CC2=C(CN3CCC23)O1,0.6521749
C1CC2=C(O1)C3CCN3C2,0.65995616
C1OC2=C(O1)C3CCN3C2,0.6132935
C1CC2C1CC3=C2CC=C3,1.1012447
C1CC2C1OC3=C2CC=C3,1.156069
C1NC2CC3=C(CC=C3)C12,1.1575532
C1OC2CC3=C(CC=C3)C12,1.2966031
C1NC2C1CC3=C2CC=C3,1.0111445
C1NC2C1OC3=C2CC=C3,1.0991076
C1OC2C1CC3=C2CC=C3,1.0115591
C1OC2C1OC3=C2CC=C3,1.3084294
C1CN2CC3=C(CC=C3)C12,1.0398301
C1CC2C1CC3=C2C=CC3,0.9336828
C1CC2C1N=c3o[nH]cc23,0.8109889
C1CC2C1OC3=C2C=CC3,1.1648577
C1NC2CC3=C(C=CC3)C12,1.1251808
C1OC2CC3=C(C=CC3)C12,1.2723291
C1NC2C1CC3=C2C=CC3,0.8158828
C1NC2C1OC3=C2C=CC3,1.0354153
C1OC2C1CC3=C2C=CC3,0.9867145
C1OC2C1N=c3o[nH]cc23,1.0917593
C1OC2C1OC3=C2C=CC3,1.2256143
C1CN2CC3=C(C=CC3)C12,1.0145217
C1Cn2c1cc3C=CCc23,0.6280122
C1Cn2c1nc3C=CCc23,0.80153966
C1Cn2c1cc3CC=Cc23,0.6933371
C1Cn2c1nc3CC=Cc23,0.77121115
C1Cn2oc3=NNCc3c12,0.7827853
C1Cn2oc3=NOCc3c12,1.4856635
C1Cn2cc3C=CCc3c12,0.8111899
C1Cn2nc3C=CCc3c12,1.0489527
C1Cn2cc3CC=Cc3c12,1.0499767
C1Cn2nc3CC=Cc3c12,1.2957182
C1Cc2c1cn3C=CCc23,0.42675605
C1Cc2c1nn3C=CCc23,0.65899503
C1Nc2cn3C=CCc3c12,0.63497883
C1Nc2nn3C=CCc3c12,0.90391153
C1Oc2cn3C=CCc3c12,0.6748869
C1Oc2nn3C=CCc3c12,1.0179838
C1Nc2c1cn3C=CCc23,0.49737662
C1Nc2c1nn3C=CCc23,0.7483936
C1Oc2c1cn3C=CCc23,0.6314503
C1Oc2c1nn3C=CCc23,1.0381931
C1Cc2c1cn3CC=Cc23,0.35148278
C1Cc2c1nn3CC=Cc23,0.61446744
C1Nc2cn3CC=Cc3c12,0.7788715
C1Nc2nn3CC=Cc3c12,1.2306188
C1Oc2cn3CC=Cc3c12,0.81754434
C1Oc2nn3CC=Cc3c12,1.2805212
C1Nc2c1cn3CC=Cc23,0.46463498
C1Nc2c1nn3CC=Cc23,0.7802397
C1Oc2c1cn3CC=Cc23,0.6285231
C1Oc2c1nn3CC=Cc23,1.0735608
C=CC1CC2CC3C(C2)C13,0.71065545
C=CC1NC2CC3C(C2)C13,0.6800513
C=CC1OC2CC3C(C2)C13,0.59746486
C=CC1CC2CC3C(N2)C13,0.5649171
C=CC1CC2CC3C(O2)C13,0.6381801
C=CC1OC2CC3C(O2)C13,0.81922424
C=CC1CC2OC3C(O2)C13,0.91836077
C=CC1CN2CC3C(C2)C13,0.611666
C=CC1CC2CC3C(C2)N13,0.56364036
C=CC1CN2CC3C(C2)N13,0.5865047
C=CC1CC2CC3C1N3C2,0.5321016
C=CC1NC2CC3C1N3C2,0.7340907
C=CC1OC2CC3C1N3C2,0.7129895
CC=C1CC2CC3C(C2)C13,0.71345186
CC=C1OC2CC3C(C2)C13,0.6388856
CC=C1CC2CC3C(N2)C13,0.5404243
CC=C1CC2CC3C(O2)C13,0.6411398
CC=C1OC2CC3C(O2)C13,0.7002158
CC=C1CC2OC3C(O2)C13,0.9003349
CC=C1CN2CC3C(C2)C13,0.6521323
CC=C1CC2CC3C1N3C2,0.561718
CC=C1OC2CC3C1N3C2,0.6357879
CCC1=CC2CC3C(C2)C13,0.79615074
NCC1=CC2CC3C(C2)C13,0.6739289
OCC1=CC2CC3C(C2)C13,0.7475236
COC1=CC2CC3C(C2)C13,0.52258366
CCC1=CC2CC3C(N2)C13,0.6368444
NCC1=CC2CC3C(N2)C13,0.49504703
OCC1=CC2CC3C(N2)C13,0.65692586
COC1=CC2CC3C(N2)C13,0.53864175
CCC1=CC2CC3C(O2)C13,0.64308566
NCC1=CC2CC3C(O2)C13,0.700612
OCC1=CC2CC3C(O2)C13,0.95797884
COC1=CC2CC3C(O2)C13,0.7896502
CCC1=CC2OC3C(O2)C13,1.021033
NCC1=CC2OC3C(O2)C13,0.89215124
OCC1=CC2OC3C(O2)C13,0.93653387
COC1=CC2OC3C(O2)C13,0.7404653
CCC1=CC2CC3C1N3C2,0.6343163
NCC1=CC2CC3C1N3C2,0.73776793
OCC1=CC2CC3C1N3C2,0.8768738
COC1=CC2CC3C1N3C2,0.7471653
C=CC1=CC2CC3C(C2)C13,0.91382134
O=CC1=CC2CC3C(C2)C13,1.2987285
N#CC1=CC2CC3C(C2)C13,1.2880841
C=CC1=CC2CC3C(N2)C13,0.79652554
O=CC1=CC2CC3C(N2)C13,1.0312074
N#CC1=CC2CC3C(N2)C13,1.0735711
C=CC1=CC2CC3C(O2)C13,0.97269565
O=CC1=CC2CC3C(O2)C13,1.0657594
N#CC1=CC2CC3C(O2)C13,1.1674372
C=CC1=CC2OC3C(O2)C13,1.0339812
O=CC1=CC2OC3C(O2)C13,1.1987284
N#CC1=CC2OC3C(O2)C13,1.2938024
C=CC1=CC2CC3C1N3C2,0.9859072
O=CC1=CC2CC3C1N3C2,1.063518
N#CC1=CC2CC3C1N3C2,1.3174343
C#CC1=CC2CC3C(C2)C13,1.523616
C#CC1=CC2CC3C(N2)C13,1.1927181
C#CC1=CC2CC3C(O2)C13,1.241333
C#CC1=CC2OC3C(O2)C13,1.2982907
C#CC1=CC2CC3C1N3C2,1.1437303
C1C=CC2C3C4CC12CC34,0.8846944
C1C2C3CC14OC=CC4C23,0.96259916
C1C=CC2C3C4CC12NC34,0.6408991
C1C=CC2C3C4CC12OC34,0.50125074
C1C2C3OC14OC=CC4C23,1.2073694
C1C=CC2C3C4OC12OC34,0.6799505
C1C=CC2C3C4CC12CN34,0.66818875
C1C2C3C4C=COC14CN23,0.61755365
C1C=CC2N3C4CC12CC34,0.78611255
C1C2C3CC14OC=CC4N23,1.0435833
C1C=CC23CC4C(C2)C4C13,0.5592774
C1C2C3CC14C=COC4C23,0.85875857
C1C=CC23CC4C(N2)C4C13,0.5441714
C1C2C3NC14C=COC4C23,0.95915693
C1C=CC23CC4C(O2)C4C13,0.7235086
C1C2C3OC14C=COC4C23,1.0982035
C1C=CC23OC4C(O2)C4C13,1.1492261
O1C=CC23OC4C(O2)C4C13,1.1455188
C1C=CC23CC4C(C2)C4N13,0.8276535
C1C=CC23CC4C(C12)N4C3,0.82308066
C1C2C3C4OC=CC14CN23,0.7717731
C1C=CC23CC4C(C2)N4C13,0.7878736
C1CC23CC4C(C2)C4C3=C1,0.9950158
C1OC=C2C3C4CC12CC34,0.96112275
C1NC23CC4C(C2)C4C3=C1,0.8690522
C1OC23CC4C(C2)C4C3=C1,1.0557123
C1CC23CC4C(N2)C4C3=C1,0.7240325
C1OC=C2C3C4CC12NC34,0.941058
C1CC23CC4C(O2)C4C3=C1,0.83838207
C1OC=C2C3C4CC12OC34,0.9797543
C1OC23CC4C(O2)C4C3=C1,1.1204426
C1CC23OC4C(O2)C4C3=C1,1.1354951
C1OC=C2C3C4OC12OC34,0.7555665
C1CC23CC4C(N4C2)C3=C1,0.9545183
C1OC=C2C3C4CC12CN34,0.9878509
C1NC23CC4C(N4C2)C3=C1,0.81265295
C1OC23CC4C(N4C2)C3=C1,1.0131909
C1C2C3CC14C=CC=C4C23,1.0649083
C1C2C3NC14C=CC=C4C23,0.91142595
C1C2C3OC14C=CC=C4C23,1.3585587
O1C2C3OC14C=CC=C4C23,1.3540996
C1C2C3N2CC14C=CC=C34,0.912289
C=CC1C2CCCCC1C2,0.8264315
C=CC1C2CCNCC1C2,0.6074762
C=CC1C2CCOCC1C2,0.6546726
C=CC1C2CCCNC1C2,0.6881176
C=CC1C2CCCOC1C2,0.90382683
C=CC1C2COCOC1C2,1.0863491
C=CC1C2CC1NCCN2,0.66777253
C=CC1C2CC1OCCN2,0.57355684
C=CC1C2CC1OCCO2,0.8124414
C=CC1C2CCCCC1N2,0.5076622
C=CC1C2CCNCC1N2,0.6515211
C=CC1C2CCOCC1N2,0.6742349
C=CC1C2CCCCC1O2,0.618876
C=CC1C2CCNCC1O2,0.6439081
C=CC1C2CCOCC1O2,0.7222206
C=CC1C2CCCCN1C2,0.45123026
C=CC1C2CNCCN1C2,0.61594784
C=CC1C2COCCN1C2,0.58797705
C=CC1C2CN1CCCN2,0.3655522
C=CC1C2CN1CCCO2,0.41574177
CCC1C2CC=CCC1C2,0.6303528
NCC1C2CC=CCC1C2,0.63184667
OCC1C2CC=CCC1C2,0.5877438
CNC1C2CC=CCC1C2,0.52459633
COC1C2CC=CCC1C2,0.6350272
CCC1C2CC=COC1C2,0.7004985
NCC1C2CC=COC1C2,0.53456223
OCC1C2CC=COC1C2,0.7717819
CNC1C2CC=COC1C2,0.4809989
COC1C2CC=COC1C2,0.64334536
CCC1C2CC1OC=CO2,0.5873628
NCC1C2CC1OC=CO2,0.64412594
OCC1C2CC1OC=CO2,0.8451538
CNC1C2CC1OC=CO2,0.54450864
COC1C2CC1OC=CO2,0.757535
CCC1C2CC=CCC1N2,0.7133368
NCC1C2CC=CCC1N2,0.7253972
OCC1C2CC=CCC1N2,0.57974774
CNC1C2CC=CCC1N2,0.5902839
COC1C2CC=CCC1N2,0.56524587
CCC1C2CC=CCC1O2,0.65565383
NCC1C2CC=CCC1O2,0.7334186
OCC1C2CC=CCC1O2,0.843826
CNC1C2CC=CCC1O2,0.56778544
COC1C2CC=CCC1O2,0.76228404
CCN1C2CC=CCC1C2,0.51012236
CCC1C2CC=CCN1C2,0.63563234
NCC1C2CC=CCN1C2,0.58436257
OCC1C2CC=CCN1C2,0.49978134
CCC1C2CN1CC=CO2,0.6961163
NCC1C2CN1CC=CO2,0.70828986
OCC1C2CN1CC=CO2,0.9288727
C=CC1C2CC=CCC1C2,0.72055393
O=CC1C2CC=CCC1C2,0.6255493
N#CC1C2CC=CCC1C2,0.8517184
C=CC1C2CC=NNC1C2,0.64281833
C=CC1C2CN=CNC1C2,0.63098115
C=CC1C2CC=COC1C2,0.72522336
O=CC1C2CC=COC1C2,0.8377869
N#CC1C2CC=COC1C2,1.1509298
C=CC1C2CC=NOC1C2,0.9332325
C=CC1C2CC1N=CNN2,0.8365231
C=CC1C2CC1N=CNO2,0.95916283
C=CC1C2CC1OC=NN2,0.6754959
C=CC1C2CC1OC=CO2,0.70307076
O=CC1C2CC1OC=CO2,0.87052584
N#CC1C2CC1OC=CO2,1.0047542
C=CC1C2CC1ON=CO2,0.9438217
C=CC1C2CC=CCC1N2,0.6219497
O=CC1C2CC=CCC1N2,0.69797206
N#CC1C2CC=CCC1N2,1.0384814
C=CC1C2CC=CCC1O2,0.839929
O=CC1C2CC=CCC1O2,1.054236
N#CC1C2CC=CCC1O2,1.4664365
N=CN1C2CC=CCC1C2,0.38857308
O=CN1C2CC=CCC1C2,0.541615
C=NN1C2CC=CCC1C2,0.8190387
C=CC1C2CC=CCN1C2,0.57368565
O=CC1C2CC=CCN1C2,0.6644233
N#CC1C2CC=CCN1C2,0.90856683
C=CC1C2CN1CC=NN2,0.971341
C=CC1C2CN1CC=CO2,1.0686896
O=CC1C2CN1CC=CO2,0.8957133
N#CC1C2CN1CC=CO2,1.1545761
C=CC1C2CN1CC=NO2,1.1541489
C#CC1C2CC=CCC1C2,0.6836305
C#CC1C2CC=COC1C2,0.91480076
C#CC1C2CC1OC=CO2,0.8503911
C#CC1C2CC=CCC1N2,0.7885849
C#CC1C2CC=CCC1O2,1.1350001
C#CC1C2CC=CCN1C2,0.6634469
C#CC1C2CN1CC=CO2,1.02545
CCC1C2CCC=CC1C2,0.78545964
NCC1C2CCC=CC1C2,0.9176856
OCC1C2CCC=CC1C2,0.9617819
CNC1C2CCC=CC1C2,0.8623966
COC1C2CCC=CC1C2,1.0622119
CCC1C2COC=CC1C2,0.80003923
NCC1C2COC=CC1C2,0.71429753
OCC1C2COC=CC1C2,0.8160919
CNC1C2COC=CC1C2,0.69684964
COC1C2COC=CC1C2,0.8519552
CCC1C2CC1C=CCN2,0.75324106
NCC1C2CC1C=CCN2,0.80616534
OCC1C2CC1C=CCN2,0.5591057
CNC1C2CC1C=CCN2,0.52594316
COC1C2CC1C=CCN2,0.6583723
CCC1C2CC1C=CCO2,0.8308579
NCC1C2CC1C=CCO2,0.81750894
OCC1C2CC1C=CCO2,1.0629545
CNC1C2CC1C=CCO2,0.6343417
COC1C2CC1C=CCO2,1.0523595
CCC1C2CCC=CC1N2,0.6935777
NCC1C2CCC=CC1N2,0.6920257
OCC1C2CCC=CC1N2,0.7385791
CNC1C2CCC=CC1N2,0.6146997
COC1C2CCC=CC1N2,0.79863876
CCC1C2COC=CC1N2,0.66890454
NCC1C2COC=CC1N2,0.6301647
OCC1C2COC=CC1N2,0.8150097
CNC1C2COC=CC1N2,0.5298204
COC1C2COC=CC1N2,0.86836475
CCC1C2CCC=CC1O2,0.9482268
NCC1C2CCC=CC1O2,1.0099608
OCC1C2CCC=CC1O2,1.0092617
CNC1C2CCC=CC1O2,0.91925323
COC1C2CCC=CC1O2,1.0460998
CCC1C2COC=CC1O2,0.87138695
NCC1C2COC=CC1O2,0.9910389
OCC1C2COC=CC1O2,0.88426644
CNC1C2COC=CC1O2,0.8588355
COC1C2COC=CC1O2,0.8652036
CCN1C2CCC=CC1C2,0.8823137
CCN1C2COC=CC1C2,0.7305988
CCC1C2CN1CCC=C2,0.63204217
NCC1C2CN1CCC=C2,0.65231025
OCC1C2CN1CCC=C2,0.64658844
C=CC1C2CCC=CC1C2,1.0187172
O=CC1C2CCC=CC1C2,0.6369
N#CC1C2CCC=CC1C2,1.0188981
C=CC1C2CNN=CC1C2,1.1147679
C=CC1C2COC=CC1C2,0.7863376
O=CC1C2COC=CC1C2,1.0681944
N#CC1C2COC=CC1C2,1.0846597
C=CC1C2CON=CC1C2,1.2496694
C=CC1C2CC1C=CCN2,0.6109521
O=CC1C2CC1C=CCN2,0.6568111
N#CC1C2CC1C=CCN2,0.8312253
C=CC1C2CC1C=CCO2,1.0223331
O=CC1C2CC1C=CCO2,1.1715894
N#CC1C2CC1C=CCO2,1.4068751
C=CC1C2CCC=CC1N2,0.81212866
O=CC1C2CCC=CC1N2,0.8118736
N#CC1C2CCC=CC1N2,1.3217722
C=CC1C2CNN=CC1N2,1.1589766
C=CC1C2COC=CC1N2,0.8407631
O=CC1C2COC=CC1N2,1.1909474
N#CC1C2COC=CC1N2,1.4893081
C=CC1C2CON=CC1N2,1.2691597
C=CC1C2CCC=CC1O2,1.0744263
O=CC1C2CCC=CC1O2,1.2662463
N#CC1C2CCC=CC1O2,1.8030108
C=CC1C2CNN=CC1O2,1.0710872
C=CC1C2COC=CC1O2,0.90137637
O=CC1C2COC=CC1O2,1.0824227
N#CC1C2COC=CC1O2,1.5098587
C=CC1C2CON=CC1O2,1.1650306
N=CN1C2CCC=CC1C2,0.60313964
O=CN1C2CCC=CC1C2,0.97573155
C=NN1C2CCC=CC1C2,1.0974874
N=CN1C2COC=CC1C2,0.92263925
O=CN1C2COC=CC1C2,0.95532835
C=NN1C2COC=CC1C2,1.2201314
C=CC1C2CN1CCC=C2,0.70876044
O=CC1C2CN1CCC=C2,0.77538514
N#CC1C2CN1CCC=C2,0.88898146
C#CC1C2CCC=CC1C2,0.70483965
C#CC1C2COC=CC1C2,1.0523914
C#CC1C2CC1C=CCN2,0.74469715
C#CC1C2CC1C=CCO2,1.2238213
C#CC1C2CCC=CC1N2,0.920151
C#CC1C2COC=CC1N2,1.2174021
C#CC1C2CCC=CC1O2,1.3138565
C#CC1C2COC=CC1O2,1.0980898
C#CC1C2CN1CCC=C2,0.8513668
CCC1C2CC1C=CC=C2,0.9409872
NCC1C2CC1C=CC=C2,1.2777716
OCC1C2CC1C=CC=C2,1.197631
CNC1C2CC1C=CC=C2,1.046387
COC1C2CC1C=CC=C2,1.0248737
CCC1C2NC1C=CC=C2,1.1589315
NCC1C2NC1C=CC=C2,1.1083121
OCC1C2NC1C=CC=C2,0.9823784
CNC1C2NC1C=CC=C2,1.0171208
COC1C2NC1C=CC=C2,1.0019269
CCC1C2OC1C=CC=C2,1.1062958
NCC1C2OC1C=CC=C2,1.1032978
OCC1C2OC1C=CC=C2,0.9389494
CNC1C2OC1C=CC=C2,0.902209
COC1C2OC1C=CC=C2,0.9189901
CCN1C2CC1C=CC=C2,1.0688959
C=CC1C2CC1C=CC=C2,1.1270213
O=CC1C2CC1C=CC=C2,1.1735773
N#CC1C2CC1C=CC=C2,1.2441584
C=CC1C2CC1C=NN=C2,1.6664708
C=CC1C2NC1C=CC=C2,0.9724108
O=CC1C2NC1C=CC=C2,1.0373836
N#CC1C2NC1C=CC=C2,1.3885707
C=CC1C2NC1C=NN=C2,1.6656841
C=CC1C2OC1C=CC=C2,1.0646428
O=CC1C2OC1C=CC=C2,1.2284622
N#CC1C2OC1C=CC=C2,1.5532603
C=CC1C2OC1C=NN=C2,1.5492735
N=CN1C2CC1C=CC=C2,1.0475059
O=CN1C2CC1C=CC=C2,0.99540806
C=NN1C2CC1C=CC=C2,1.3548084
C#CC1C2CC1C=CC=C2,1.1937891
C#CC1C2NC1C=CC=C2,1.106572
C#CC1C2OC1C=CC=C2,1.3039509
C=CC1C2CCCC1CC2,0.69068617
C=CC1C2CCC1CNC2,0.4615855
C=CC1C2CCC1COC2,0.47595534
C=CC1C2CCNC1CC2,0.49954534
C=CC1C2CCOC1CC2,0.49568903
C=CC1C2CCC1OCO2,0.6876513
C=CC1C2CCCC1NC2,0.6068358
C=CC1C2CNCC1NC2,0.71256185
C=CC1C2CNC1COC2,0.47355604
C=CC1C2CCNC1CN2,0.49508947
C=CC1C2CCOC1CN2,0.5213121
C=CC1C2CCCC1OC2,0.7337587
C=CC1C2CNCC1OC2,0.8335892
C=CC1C2COCC1OC2,0.8015534
C=CC1C2CCOC1OC2,0.6038283
C=CC1C2COC1CCN2,0.49938244
C=CC1C2CCOC1CO2,0.5154213
C=CC1C2COC1OCO2,0.6696992
C=CC1C2CCCN1CC2,0.3759319
C=CC1C2CCN1CCN2,0.5381946
C=CC1C2CCN1CCO2,0.47226924
CC=C1C2CCCC1CC2,0.6283013
CC=C1C2CCC1CNC2,0.5193535
CC=C1C2CCC1COC2,0.6948081
CC=C1C2CCNC1CC2,0.5053449
CC=C1C2CCOC1CC2,0.62558025
CC=C1C2CCC1OCO2,0.722716
CC=C1C2CCCC1NC2,0.6194326
CC=C1C2CNCC1NC2,0.49500504
CC=C1C2CNC1COC2,0.53633463
CC=C1C2CCNC1CN2,0.49988672
CC=C1C2CCOC1CN2,0.46906808
CC=C1C2CCCC1OC2,0.6699467
CC=C1C2CNCC1OC2,0.8291068
CC=C1C2COCC1OC2,0.74702334
CC=C1C2CCOC1OC2,0.69204855
CC=C1C2COC1CCN2,0.43333808
CC=C1C2CCOC1CO2,0.5525926
CC=C1C2COC1OCO2,0.62441087
CCC1C2CCC1C=CC2,0.7020515
NCC1C2CCC1C=CC2,0.7376858
OCC1C2CCC1C=CC2,0.80572665
CNC1C2CCC1C=CC2,0.64919776
COC1C2CCC1C=CC2,0.8263002
CCC1C2CCC1C=CO2,0.6694062
NCC1C2CCC1C=CO2,0.6544227
OCC1C2CCC1C=CO2,0.67013663
CNC1C2CCC1C=CO2,0.4767492
COC1C2CCC1C=CO2,0.6257696
CCC1C2CNC1C=CC2,0.6461581
NCC1C2CNC1C=CC2,0.69333404
OCC1C2CNC1C=CC2,0.71760434
CNC1C2CNC1C=CC2,0.63481516
COC1C2CNC1C=CC2,0.6623535
CCC1C2CNC1C=CO2,0.5281422
NCC1C2CNC1C=CO2,0.53858006
OCC1C2CNC1C=CO2,0.642853
CNC1C2CNC1C=CO2,0.51709545
COC1C2CNC1C=CO2,0.5176025
CCC1C2COC1C=CC2,0.6439394
NCC1C2COC1C=CC2,0.69143593
OCC1C2COC1C=CC2,1.019433
CNC1C2COC1C=CC2,0.63750696
COC1C2COC1C=CC2,0.8860281
CCC1C2COC1C=CO2,0.72886324
NCC1C2COC1C=CO2,1.0268277
OCC1C2COC1C=CO2,0.88920665
CNC1C2COC1C=CO2,0.8931024
COC1C2COC1C=CO2,0.71459204
CCC1C2CC=CC1CN2,0.63385916
NCC1C2CC=CC1CN2,0.6696239
OCC1C2CC=CC1CN2,0.65568125
CNC1C2CC=CC1CN2,0.5669244
COC1C2CC=CC1CN2,0.5673422
CCC1C2CC=CC1CO2,0.6503433
NCC1C2CC=CC1CO2,0.5336916
OCC1C2CC=CC1CO2,0.9977489
CNC1C2CC=CC1CO2,0.51216984
COC1C2CC=CC1CO2,0.8705242
CCC1C2COC1OC=C2,0.8445063
NCC1C2COC1OC=C2,0.8354575
OCC1C2COC1OC=C2,0.84230703
CNC1C2COC1OC=C2,0.85030484
COC1C2COC1OC=C2,0.6726684
CCN1C2CCC1C=CC2,0.5846891
CCC1C2CCN1CC=C2,0.9228533
NCC1C2CCN1CC=C2,0.6284662
OCC1C2CCN1CC=C2,0.7459126
C=CC1C2CCC1C=CC2,0.91715163
O=CC1C2CCC1C=CC2,0.88938254
N#CC1C2CCC1C=CC2,1.1122661
C=CC1C2CCC1C=NN2,0.7852849
C=CC1C2CCC1N=CN2,0.7854503
C=CC1C2CCC1C=CO2,0.7287714
O=CC1C2CCC1C=CO2,0.8551253
N#CC1C2CCC1C=CO2,1.0807117
C=CC1C2CCC1C=NO2,0.8875464
C=CC1C2CNC1C=CC2,0.6450331
O=CC1C2CNC1C=CC2,0.77303505
N#CC1C2CNC1C=CC2,1.0243487
C=CC1C2CNC1C=NN2,0.73929197
C=CC1C2CNC1C=CO2,0.69049084
O=CC1C2CNC1C=CO2,0.7755361
N#CC1C2CNC1C=CO2,1.0210614
C=CC1C2CNC1C=NO2,0.84806395
C=CC1C2COC1C=CC2,0.9602907
O=CC1C2COC1C=CC2,1.0236033
N#CC1C2COC1C=CC2,1.0693408
C=CC1C2COC1C=NN2,0.92471504
C=CC1C2COC1C=CO2,0.7895915
O=CC1C2COC1C=CO2,0.9173863
N#CC1C2COC1C=CO2,1.2027963
C=CC1C2COC1C=NO2,1.0303581
C=CC1C2CC=CC1CN2,0.66922534
O=CC1C2CC=CC1CN2,0.8472085
N#CC1C2CC=CC1CN2,1.0805162
C=CC1C2CC=CC1CO2,1.0207956
O=CC1C2CC=CC1CO2,0.89129764
N#CC1C2CC=CC1CO2,1.2139668
C=CC1C2COC1OC=C2,1.0145577
O=CC1C2COC1OC=C2,1.2561483
N#CC1C2COC1OC=C2,1.6121311
C=CC1C2COC1ON=C2,1.0548064
N=CN1C2CCC1C=CC2,0.81595075
O=CN1C2CCC1C=CC2,0.88265485
C=NN1C2CCC1C=CC2,0.9129213
C=CC1C2CCN1CC=C2,0.796173
O=CC1C2CCN1CC=C2,0.88942397
N#CC1C2CCN1CC=C2,1.2246361
C#CC1C2CCC1C=CC2,0.89138067
C#CC1C2CCC1C=CO2,0.978124
C#CC1C2CNC1C=CC2,0.9493301
C#CC1C2CNC1C=CO2,0.9863287
C#CC1C2COC1C=CC2,1.2267712
C#CC1C2COC1C=CO2,0.9375613
C#CC1C2CC=CC1CN2,0.76499665
C#CC1C2CC=CC1CO2,1.1180309
C#CC1C2COC1OC=C2,1.163816
C#CC1C2CCN1CC=C2,1.0363637
CC=C1C2CCC1C=CC2,0.9551836
NN=C1C2CCC1C=CC2,1.0978769
ON=C1C2CCC1C=CC2,1.0437936
CC=C1C2CCC1C=NN2,0.8128201
CC=C1C2CCC1N=CN2,0.9053729
CC=C1C2CCC1C=CO2,0.63288677
NN=C1C2CCC1C=CO2,1.0066664
ON=C1C2CCC1C=CO2,1.0574523
CC=C1C2CCC1C=NO2,0.974341
CC=C1C2CNC1C=CC2,0.7383918
NN=C1C2CNC1C=CC2,0.962306
ON=C1C2CNC1C=CC2,1.0117301
CC=C1C2CNC1C=NN2,0.7058056
CC=C1C2CNC1C=CO2,0.6563444
NN=C1C2CNC1C=CO2,0.9550648
ON=C1C2CNC1C=CO2,1.0739266
CC=C1C2CNC1C=NO2,0.9649104
CC=C1C2COC1C=CC2,0.9368665
NN=C1C2COC1C=CC2,1.0098373
ON=C1C2COC1C=CC2,1.0520564
CC=C1C2COC1C=NN2,0.8974104
CC=C1C2COC1C=CO2,0.8009786
NN=C1C2COC1C=CO2,0.9825667
ON=C1C2COC1C=CO2,1.1500074
CC=C1C2COC1C=NO2,1.2283508
CC=C1C2CC=CC1CN2,0.702807
NN=C1C2CC=CC1CN2,1.1760005
ON=C1C2CC=CC1CN2,1.1546463
CC=C1C2CC=CC1CO2,0.8979436
NN=C1C2CC=CC1CO2,1.2426122
ON=C1C2CC=CC1CO2,1.3028864
CC=C1C2COC1OC=C2,0.9965323
NN=C1C2COC1OC=C2,1.1410371
ON=C1C2COC1OC=C2,1.2367022
CC=C1C2COC1ON=C2,1.0067897
CCC1C2CCCC1C=C2,0.76134217
NCC1C2CCCC1C=C2,0.74461854
OCC1C2CCCC1C=C2,0.80332434
CNC1C2CCCC1C=C2,0.65283483
COC1C2CCCC1C=C2,0.7455408
CCC1C2CNCC1C=C2,0.6592257
NCC1C2CNCC1C=C2,0.6424906
OCC1C2CNCC1C=C2,0.6617509
CNC1C2CNCC1C=C2,0.5712522
COC1C2CNCC1C=C2,0.7188165
CCC1C2COCC1C=C2,0.7128444
NCC1C2COCC1C=C2,0.68132174
OCC1C2COCC1C=C2,0.7562995
CNC1C2COCC1C=C2,0.6427691
COC1C2COCC1C=C2,0.71875507
CCC1C2CCNC1C=C2,0.7581882
NCC1C2CCNC1C=C2,0.6401072
OCC1C2CCNC1C=C2,0.7225193
CNC1C2CCNC1C=C2,0.63557625
COC1C2CCNC1C=C2,0.6920906
CCC1C2CCOC1C=C2,0.8209388
NCC1C2CCOC1C=C2,0.72483206
OCC1C2CCOC1C=C2,0.925643
CNC1C2CCOC1C=C2,0.7391517
COC1C2CCOC1C=C2,0.88533914
CCC1C2OCOC1C=C2,0.7890136
NCC1C2OCOC1C=C2,0.79702437
OCC1C2OCOC1C=C2,0.9293278
CNC1C2OCOC1C=C2,0.69797915
COC1C2OCOC1C=C2,0.9028232
CCN1C2CCCC1C=C2,0.6342408
CCN1C2CNCC1C=C2,0.60328966
CCN1C2COCC1C=C2,0.7725539
C=CC1C2CCCC1C=C2,0.8968241
O=CC1C2CCCC1C=C2,0.74278295
N#CC1C2CCCC1C=C2,0.87981033
C=CC1C2CNCC1C=C2,0.6300422
O=CC1C2CNCC1C=C2,0.8320162
N#CC1C2CNCC1C=C2,0.8885893
C=CC1C2COCC1C=C2,0.70914394
O=CC1C2COCC1C=C2,0.9387441
N#CC1C2COCC1C=C2,0.9470349
C=CC1C2CCNC1C=C2,0.70824087
O=CC1C2CCNC1C=C2,0.8662798
N#CC1C2CCNC1C=C2,1.0543455
C=CC1C2CCOC1C=C2,0.88322806
O=CC1C2CCOC1C=C2,0.9965497
N#CC1C2CCOC1C=C2,1.1683682
C=CC1C2OCOC1C=C2,0.9108465
O=CC1C2OCOC1C=C2,1.1836027
N#CC1C2OCOC1C=C2,1.346615
N=CN1C2CCCC1C=C2,0.6245569
O=CN1C2CCCC1C=C2,1.0407637
C=NN1C2CCCC1C=C2,1.0335958
N=CN1C2CNCC1C=C2,0.8391846
O=CN1C2CNCC1C=C2,1.0567839
C=NN1C2CNCC1C=C2,1.0606171
N=CN1C2COCC1C=C2,0.8317873
O=CN1C2COCC1C=C2,0.97590923
C=NN1C2COCC1C=C2,0.97803223
C#CC1C2CCCC1C=C2,0.7480247
C#CC1C2CNCC1C=C2,0.80242395
C#CC1C2COCC1C=C2,1.1036049
C#CC1C2CCNC1C=C2,0.8396162
C#CC1C2CCOC1C=C2,0.88104403
C#CC1C2OCOC1C=C2,1.2003499
CC=C1C2CCCC1C=C2,0.9290031
NN=C1C2CCCC1C=C2,0.9571039
ON=C1C2CCCC1C=C2,0.9790937
CC=C1C2CNCC1C=C2,0.71493727
NN=C1C2CNCC1C=C2,1.0275053
ON=C1C2CNCC1C=C2,1.0851501
CC=C1C2COCC1C=C2,0.80494857
NN=C1C2COCC1C=C2,0.96323335
ON=C1C2COCC1C=C2,1.1164693
CC=C1C2CCNC1C=C2,0.7734678
NN=C1C2CCNC1C=C2,0.9133796
ON=C1C2CCNC1C=C2,1.011921
CC=C1C2CCOC1C=C2,0.9501311
NN=C1C2CCOC1C=C2,1.0217345
ON=C1C2CCOC1C=C2,1.1431642
CC=C1C2OCOC1C=C2,0.94517463
NN=C1C2OCOC1C=C2,1.1284733
ON=C1C2OCOC1C=C2,1.1878496
CCC1C2CC=CC1C=C2,0.8413799
NCC1C2CC=CC1C=C2,1.0080724
OCC1C2CC=CC1C=C2,0.8697801
CNC1C2CC=CC1C=C2,0.83696324
COC1C2CC=CC1C=C2,0.9086957
CCC1C2NN=CC1C=C2,0.8625406
NCC1C2NN=CC1C=C2,0.9318219
OCC1C2NN=CC1C=C2,0.9153325
CNC1C2NN=CC1C=C2,0.8577377
COC1C2NN=CC1C=C2,0.8426763
CCC1C2NC=NC1C=C2,0.8898035
NCC1C2NC=NC1C=C2,1.1062343
OCC1C2NC=NC1C=C2,0.90740514
CNC1C2NC=NC1C=C2,0.9351735
COC1C2NC=NC1C=C2,0.81050485
CCC1C2OC=CC1C=C2,0.94436616
NCC1C2OC=CC1C=C2,0.85956275
OCC1C2OC=CC1C=C2,0.9630325
CNC1C2OC=CC1C=C2,0.85826635
COC1C2OC=CC1C=C2,0.8624988
CCC1C2ON=CC1C=C2,1.2650491
NCC1C2ON=CC1C=C2,1.433439
OCC1C2ON=CC1C=C2,1.5108544
CNC1C2ON=CC1C=C2,1.3576583
COC1C2ON=CC1C=C2,1.5206652
CCN1C2CC=CC1C=C2,0.88084733
C=CC1C2CC=CC1C=C2,0.9257916
O=CC1C2CC=CC1C=C2,1.0142486
N#CC1C2CC=CC1C=C2,1.0572128
C=CC1C2NN=CC1C=C2,0.94623625
O=CC1C2NN=CC1C=C2,1.2142943
N#CC1C2NN=CC1C=C2,1.4153036
C=CC1C2NC=NC1C=C2,0.8507314
O=CC1C2NC=NC1C=C2,1.3816069
N#CC1C2NC=NC1C=C2,1.6238176
C=CC1C2OC=CC1C=C2,1.0410134
O=CC1C2OC=CC1C=C2,1.0955898
N#CC1C2OC=CC1C=C2,1.3321899
C=CC1C2ON=CC1C=C2,1.5099366
O=CC1C2ON=CC1C=C2,1.5891544
N#CC1C2ON=CC1C=C2,1.597326
N=CN1C2CC=CC1C=C2,1.099247
O=CN1C2CC=CC1C=C2,0.88940424
C=NN1C2CC=CC1C=C2,1.1402202
C#CC1C2CC=CC1C=C2,0.99911284
C#CC1C2NN=CC1C=C2,1.2055056
C#CC1C2NC=NC1C=C2,1.4664108
C#CC1C2OC=CC1C=C2,1.1327362
C#CC1C2ON=CC1C=C2,1.4864057
CC=C1C2CC=CC1C=C2,0.90430063
NN=C1C2CC=CC1C=C2,1.1254128
ON=C1C2CC=CC1C=C2,0.96873987
CC=C1C2NN=CC1C=C2,0.9411665
NN=C1C2NN=CC1C=C2,1.2972792
ON=C1C2NN=CC1C=C2,1.3713106
CC=C1C2NC=NC1C=C2,0.7661133
NN=C1C2NC=NC1C=C2,1.4158384
ON=C1C2NC=NC1C=C2,1.5370384
CC=C1C2OC=CC1C=C2,0.8986459
NN=C1C2OC=CC1C=C2,1.3367516
ON=C1C2OC=CC1C=C2,1.1056371
CC=C1C2ON=CC1C=C2,1.519766
NN=C1C2ON=CC1C=C2,1.6787658
ON=C1C2ON=CC1C=C2,1.4798435
C1CC2C=CCC1C23CC3,0.61397076
C1CC2C=COC1C23CC3,0.62208694
C1NC2C=CCC1C23CC3,0.6175347
C1CC12C3CNC2C=CO3,0.48797852
C1OC2C=CCC1C23CC3,0.99582887
C1OC2C=COC1C23CC3,0.8767636
C1NC2CC=CC1C23CC3,0.6056564
C1OC2CC=CC1C23CC3,0.9543326
C1OC2OC=CC1C23CC3,0.997012
C1CN2CC=CC1C23CC3,0.5173102
C1CC2C=CCC1C23CN3,0.6979864
C1CC2C=COC1C23CN3,0.47586706
C1NC2C=CCC1C23CN3,0.64241743
C1NC2C=COC1C23CN3,0.5350685
C1NC12C3COC2C=CC3,0.7941725
C1NC12C3COC2C=CO3,0.7489621
C1NC2CC=CC1C23CN3,0.60187644
C1NC12C3CC=CC2CO3,0.87679225
C1NC12C3COC2OC=C3,0.80519646
C1CC2C=CCC1C23CO3,0.8143267
C1CC2C=COC1C23CO3,0.5400956
C1NC2C=CCC1C23CO3,0.69021124
C1NC2C=COC1C23CO3,0.5136727
C1OC2C=CCC1C23CO3,0.89106894
C1OC2C=COC1C23CO3,0.83545387
C1NC2CC=CC1C23CO3,0.71003664
C1OC2CC=CC1C23CO3,0.88403434
C1OC2OC=CC1C23CO3,0.7585803
C=CC12C3CCC1C2CC3,0.61077046
C=CC12C3CCC1C2CN3,0.47564584
C=CC12C3CCC1C2CO3,0.76223266
C=CC12C3OCC1C2CO3,0.68969166
C=CC12C3CCC1C2NC3,0.49091172
C=CC12C3CNC1C2CN3,0.59205616
C=CC12C3CNC1C2CO3,0.6805027
C=CC12C3CCC1C2OC3,0.6576983
C=CC12C3COC1C2CN3,0.72825086
C=CC12C3COC1C2CO3,0.76408595
C=CC12C3CNC1C2NC3,0.61839426
C=CC12C3CNC1C2OC3,0.74762386
C=CC12C3COC1C2OC3,0.61345875
C=CC12C3CCN1CCC23,0.46261033
C=CC12C3CCC1N2CC3,0.48680848
C=CC12C3CCN1C2CN3,0.5055789
C=CC12C3CCN1C2CO3,0.5617873
CCC12C3CCC1C2C=C3,0.8221482
NCC12C3CCC1C2C=C3,0.7615728
OCC12C3CCC1C2C=C3,0.84573746
CNC12C3CCC1C2C=C3,0.70830584
COC12C3CCC1C2C=C3,0.84053457
CCC12C3CNC1C=CC23,0.64670956
NCC12C3CNC1C=CC23,0.56078833
OCC12C3CNC1C=CC23,0.71671677
CNC12C3CNC1C=CC23,0.5261402
COC12C3CNC1C=CC23,0.9188391
CCC12C3COC1C=CC23,1.0157824
NCC12C3COC1C=CC23,1.1491381
OCC12C3COC1C=CC23,1.0943108
CNC12C3COC1C=CC23,0.9228029
COC12C3COC1C=CC23,0.80362856
CCC12C3CNC1C2C=C3,0.6972715
NCC12C3CNC1C2C=C3,0.70151347
OCC12C3CNC1C2C=C3,0.89780724
CNC12C3CNC1C2C=C3,0.6812423
COC12C3CNC1C2C=C3,0.90359527
CCC12C3COC1C2C=C3,0.9616746
NCC12C3COC1C2C=C3,0.90872324
OCC12C3COC1C2C=C3,0.8248434
CNC12C3COC1C2C=C3,0.8110361
COC12C3COC1C2C=C3,0.80426466
CCC12C3CCN1C2C=C3,0.83004475
NCC12C3CCN1C2C=C3,0.8988072
OCC12C3CCN1C2C=C3,0.98309016
C=CC12C3CCC1C2C=C3,0.82468396
O=CC12C3CCC1C2C=C3,0.921028
N#CC12C3CCC1C2C=C3,1.0497236
C=CC12C3CNC1C=CC23,0.7080937
O=CC12C3CNC1C=CC23,0.84088117
N#CC12C3NCC1C2C=C3,1.1372524
C=CC12C3COC1C=CC23,1.0075213
O=CC12C3COC1C=CC23,1.15159
N#CC12C3OCC1C2C=C3,1.0574565
C=CC12C3CNC1C2C=C3,0.8445958
O=CC12C3CNC1C2C=C3,0.92060125
N#CC12C3CNC1C2C=C3,1.2091757
C=CC12C3COC1C2C=C3,0.82268363
O=CC12C3COC1C2C=C3,1.0627005
N#CC12C3COC1C2C=C3,1.2407562
C=CC12C3CCN1C2C=C3,0.7730303
O=CC12C3CCN1C2C=C3,0.8613145
N#CC12C3CCN1C2C=C3,1.1856313
C#CC12C3CCC1C2C=C3,0.9846092
C#CC12C3NCC1C2C=C3,0.8901887
C#CC12C3OCC1C2C=C3,0.960726
C#CC12C3CNC1C2C=C3,0.9378246
C#CC12C3COC1C2C=C3,1.058652
C#CC12C3CCN1C2C=C3,0.9176303
CC1C2C3CCC1C(=C)C23,0.77813286
NC1C2C3CCC1C(=C)C23,0.85388863
OC1C2C3CCC1C(=C)C23,0.7686976
CC1C2NCC3C1C3C2=C,0.5645638
NC1C2NCC3C1C3C2=C,0.65643644
OC1C2NCC3C1C3C2=C,0.62722665
CC1C2OCC3C1C3C2=C,0.7681561
NC1C2OCC3C1C3C2=C,0.7560804
OC1C2OCC3C1C3C2=C,0.8185807
CC1C2CNC3C1C3C2=C,0.64813966
NC1C2CNC3C1C3C2=C,0.69067
OC1C2CNC3C1C3C2=C,0.6217767
CC1C2COC3C1C3C2=C,0.8584099
NC1C2COC3C1C3C2=C,0.73437285
OC1C2COC3C1C3C2=C,0.82098156
CN1C2C3CCC1C(=C)C23,0.71229947
CN1C2CNC3C1C3C2=C,0.67284656
CN1C2COC3C1C3C2=C,0.65279996
CC1C2CCN3C1C3C2=C,0.5674417
NC1C2CCN3C1C3C2=C,0.77260244
OC1C2CCN3C1C3C2=C,0.6822452
CC1C2CCC3C(N13)C2=C,0.5003901
CC1C2NCC3C(N13)C2=C,0.59127676
CC1C2OCC3C(N13)C2=C,0.7656777
C=C1C2CCC3C1C3C2=C,0.7714952
C=C1C2C3CCC1C(=O)C23,1.3707827
C=C1C2C3CNC1C(=C)C23,0.8082683
C=C1C2NCC3C1C3C2=O,0.9719152
C=C1C2C3COC1C(=C)C23,1.0096123
C=C1C2OCC3C1C3C2=O,1.1961423
C=C1C2CNC3C1C3C2=C,0.6192044
C=C1C2CNC3C1C3C2=O,1.2099785
C=C1C2COC3C1C3C2=C,0.9416915
C=C1C2COC3C1C3C2=O,1.3408436
C=C1C2CCN3C1C3C2=C,0.6956502
C=C1C2CCN3C1C3C2=O,1.197829
CC1C2C=CC3C1C3C2C,0.66338557
CC1C2C=CC3C1C3C2N,0.5744109
CC1C2C=CC3C1C3C2O,0.67527467
NC1C2C=CC3C1C3C2N,0.8527695
NC1C2C=CC3C1C3C2O,0.8381684
OC1C2C=CC3C1C3C2O,0.8277237
CC1C2C=CC3C1C3N2C,0.6538248
CN1C2C=CC3C(C2N)C13,0.57751554
CN1C2C=CC3C(C2O)C13,1.0465463
CC1C2C=CC3C1N3C2C,0.6437563
CC1C2C=CC3C(C2N)N13,0.54086816
CC1C2C=CC3C(C2O)N13,0.7780866
CC1C2C3C=CC1C(=C)C23,0.96811354
CC1C2C3C=CC1C(=O)C23,1.2837607
NC1C2C3C=CC1C(=C)C23,0.9374771
OC1C2C3C=CC1C(=C)C23,0.925496
OC1C2C3C=CC1C(=O)C23,1.4196583
CN1C2C3C=CC1C(=C)C23,0.8123393
CN1C2C3C=CC1C(=O)C23,1.2404535
CC1C2C=CC3C(N13)C2=C,0.93822944
CC1C2C=CC3C(N13)C2=O,1.3181514
C=C1C2C=CC3C1C3C2=C,0.8753999
C=C1C2C3C=CC1C(=O)C23,1.6269593
O=C1C2C=CC3C1C3C2=O,1.6384
C=C1C2CCC3C2CCC13,0.7743425
C=C1C2CCC3C2CNC13,0.59149617
C=C1C2CCC3C2COC13,0.5485742
C=C1C2NCC3C2CNC13,0.46600804
C=C1C2NCC3C2COC13,0.56596273
C=C1C2OCC3C2COC13,0.7321378
C=C1C2CCC3C1CNC23,0.55149597
C=C1C2CNC3C2CNC13,0.46054667
C=C1C2CNC3C2COC13,0.55150616
C=C1C2CCC3C1COC23,0.51253736
C=C1C2COC3C2CNC13,0.47223568
C=C1C2COC3C2COC13,0.48795983
C=C1C2CNC3C1CNC23,0.49074885
C=C1C2CNC3C1COC23,0.5647111
C=C1C2COC3C1COC23,0.60259354
C=C1C2CCN3C2CCC13,0.59600896
CC1C2CCC3C1C=CC23,0.8296449
NC1C2CCC3C1C=CC23,0.93824744
OC1C2CCC3C1C=CC23,0.6609742
CC1C2NCC3C1C=CC23,0.6405544
NC1C2NCC3C1C=CC23,0.72733897
OC1C2NCC3C1C=CC23,0.6861105
CC1C2OCC3C1C=CC23,0.78992605
NC1C2OCC3C1C=CC23,0.87081826
OC1C2OCC3C1C=CC23,0.7674527
CC1C2CNC3C1C=CC23,0.5918603
NC1C2CNC3C1C=CC23,0.5841892
OC1C2CNC3C1C=CC23,0.58296734
CC1C2COC3C1C=CC23,0.8055383
NC1C2COC3C1C=CC23,0.8309367
OC1C2COC3C1C=CC23,0.84362257
CN1C2CCC3C2C=CC13,0.5833746
CN1C2CNC3C2C=CC13,0.5229036
CN1C2COC3C2C=CC13,0.68910575
CC1C2C=CC3C2CCN13,0.6134986
CC1C2CCN3C1C=CC23,0.5630997
NC1C2CCN3C1C=CC23,0.7471388
OC1C2CCN3C1C=CC23,0.6914713
C=C1C2CCC3C2C=CC13,0.7939833
O=C1C2CCC3C2C=CC13,0.8627202
C=C1C2NCC3C2C=CC13,0.7405131
O=C1C2NCC3C2C=CC13,0.9776607
C=C1C2OCC3C2C=CC13,0.97025573
O=C1C2OCC3C2C=CC13,1.0983151
C=C1C2CNC3C2C=CC13,0.6812838
O=C1C2CNC3C2C=CC13,0.8897589
C=C1C2COC3C2C=CC13,0.9762204
O=C1C2COC3C2C=CC13,1.1404353
C=C1C2CCN3C2C=CC13,0.6382936
O=C1C2CCN3C2C=CC13,0.96688575
CC1C2C=CC3C1C=CC23,0.755953
NC1C2C=CC3C1C=CC23,0.8083886
OC1C2C=CC3C1C=CC23,0.68515563
CN1C2C=CC3C2C=CC13,0.67620957
C=C1C2C=CC3C2C=CC13,0.9565735
O=C1C2C=CC3C2C=CC13,1.3158067
CC1C2C3CC1C(=C)CC23,0.8530469
NC1C2C3CC1C(=C)CC23,0.7889979
OC1C2C3CC1C(=C)CC23,0.59790564
CC1C2CC3C(OC2=C)C13,0.738541
NC1C2CC3C(OC2=C)C13,0.902385
OC1C2CC3C(OC2=C)C13,0.8885652
CC1C2NC3C(CC2=C)C13,0.6820842
NC1C2NC3C(CC2=C)C13,0.74332577
OC1C2NC3C(CC2=C)C13,0.856999
CC1C2NC3C(OC2=C)C13,0.93038154
NC1C2NC3C(OC2=C)C13,1.0047876
OC1C2NC3C(OC2=C)C13,1.08415
CC1C2OC3C(CC2=C)C13,0.7652943
NC1C2OC3C(CC2=C)C13,1.0344839
OC1C2OC3C(CC2=C)C13,1.2309592
CC1C2C3OC1C(=C)OC23,0.8644557
NC1C2C3OC1C(=C)OC23,0.7804529
OC1C2C3OC1C(=C)OC23,0.6999954
CN1C2C3CC1C(=C)CC23,0.633154
CN1C2CC3C(OC2=C)C13,0.81981
CC1C2CC3C1N3CC2=C,0.6239402
NC1C2CC3C1N3CC2=C,0.71209013
OC1C2CC3C1N3CC2=C,0.73868775
CC1C2CN3C(CC2=C)C13,0.7874216
NC1C2CN3C(CC2=C)C13,0.70969635
OC1C2CN3C(CC2=C)C13,0.9312207
CC1C2CC3C(CC2=C)N13,0.7270177
CC1CC2C3CC1C(=C)C23,0.7760102
NC1CC2C3CC1C(=C)C23,0.7483062
OC1CC2C3CC1C(=C)C23,0.64293534
CC1NC2C3CC1C(=C)C23,0.7597044
CC1OC2C3CC1C(=C)C23,0.8050399
CC1CC2C3NC1C(=C)C23,0.7321701
NC1CC2C3NC1C(=C)C23,0.7169382
OC1CC2C3NC1C(=C)C23,0.7570267
CC1NC2C3NC1C(=C)C23,0.84587437
CC1OC2C3NC1C(=C)C23,0.8684393
CC1CC2C3OC1C(=C)C23,1.0350527
NC1CC2C3OC1C(=C)C23,1.0781475
OC1CC2C3OC1C(=C)C23,0.8527571
CC1NC2C3OC1C(=C)C23,1.0654104
CC1OC2C3OC1C(=C)C23,0.89282584
CN1CC2C3CC1C(=C)C23,0.6607374
CC1CN2C3CC1C(=C)C23,0.7000308
NC1CN2C3CC1C(=C)C23,0.626907
OC1CN2C3CC1C(=C)C23,0.82913035
CC1CC2C3N2CC1C3=C,0.777411
NC1CC2C3N2CC1C3=C,0.8264963
OC1CC2C3N2CC1C3=C,0.7826396
CN1CC2C3N2CC1C3=C,0.71559775
C=C1CC2C3CC1C(=C)C23,0.75474757
C=C1C2C3CC1C(=O)CC23,0.99705553
C=C1CC2C3CC1C(=O)C23,1.1100574
C=C1C2CC3C(NC2=N)C13,0.68307984
C=C1C2CC3C(NC2=O)C13,1.152465
C=C1OC2C3CC1C(=C)C23,1.0106145
C=C1C2CC3C(OC2=O)C13,1.2774347
C=C1OC2C3CC1C(=O)C23,1.2491475
C=C1CC2C3NC1C(=C)C23,0.82012236
C=C1C2NC3C(CC2=O)C13,1.3045866
C=C1CC2C3NC1C(=O)C23,1.1963252
C=C1C2C3NC1C(=N)NC23,0.96799767
C=C1C2C3NC1C(=O)NC23,1.0698774
C=C1OC2C3NC1C(=C)C23,1.0109097
C=C1C2NC3C(OC2=O)C13,1.2422872
C=C1OC2C3NC1C(=O)C23,1.1733639
C=C1CC2C3OC1C(=C)C23,0.9651463
C=C1C2OC3C(CC2=O)C13,1.63757
C=C1CC2C3OC1C(=O)C23,1.3696667
C=C1C2OC3C(NC2=N)C13,1.163338
C=C1C2OC3C(NC2=O)C13,1.1073146
C=C1OC2C3OC1C(=C)C23,1.1388315
C=C1C2C3OC1C(=O)OC23,1.7272631
C=C1OC2C3OC1C(=O)C23,1.2823594
C=C1CN2C3CC1C(=C)C23,0.8402126
C=C1C2CC3C1N3CC2=O,1.3090682
C=C1CN2C3CC1C(=O)C23,1.1625544
C=C1CC2C3N2CC1C3=C,0.9194435
C=C1C2CN3C(CC2=O)C13,1.537064
C=C1CC2C3N2CC1C3=O,1.40747
CC1C2CC3C(C=C2C)C13,0.77819026
CC1=CC2C3CC1C(N)C23,0.5606584
CC1=CC2C3CC1C(O)C23,0.4979262
CC1C2NC3C(C=C2C)C13,0.77192235
CC1=CC2C3NC1C(N)C23,0.5423879
CC1=CC2C3NC1C(O)C23,0.5655828
CC1C2OC3C(C=C2C)C13,0.88121825
CC1=CC2C3OC1C(N)C23,0.70548046
CC1=CC2C3OC1C(O)C23,0.6976009
CN1C2CC3C(C=C2C)C13,0.73665273
CC1C2CN3C(C=C2C)C13,0.8044436
CC1=CC2C3C(N)C1CN23,0.59034574
CC1=CC2C3C(O)C1CN23,0.7637207
CC1C2CC3C(C=C2C)N13,0.6686945
CC1=CC2C3CC1C(=C)C23,0.6992016
CC1=CC2C3CC1C(=O)C23,1.0772637
CC1=CC2C3NC1C(=C)C23,0.9412734
CC1=CC2C3NC1C(=O)C23,1.2114974
CC1=CC2C3OC1C(=C)C23,0.9658425
CC1=CC2C3OC1C(=O)C23,1.3736277
CC1=CC2C3N2CC1C3=C,0.8053268
CC1=CC2C3N2CC1C3=O,1.3544992
C=C1C2CC3CCC2CC13,0.8450181
C=C1C2CC3NCC2CC13,0.48718962
C=C1C2CC3OCC2CC13,0.54899967
C=C1C2CC3CCC2NC13,0.7378312
C=C1C2CC3NCC2NC13,0.6346413
C=C1C2CC3OCC2NC13,0.55950403
C=C1C2CC3CCC2OC13,0.5826059
C=C1C2CC3COC2OC13,0.5303453
C=C1C2CC3NCC2OC13,0.52135074
C=C1C2CC3OCC2OC13,0.48667225
C=C1C2NC3CCC2NC13,0.5616557
C=C1C2NC3CCC2OC13,0.5279942
C=C1C2NC3COC2OC13,0.68957394
C=C1C2OC3CCC2OC13,0.73083055
C=C1C2OC3OCC2OC13,0.7798209
C=C1C2CN3CCC2CC13,0.74241185
C=C1C2CN3CCN2CC13,0.7345231
CC1C2CC3C=CC2CC13,0.79722315
NC1C2CC3C=CC2CC13,0.8438213
OC1C2CC3C=CC2CC13,0.77220863
CC1C2CC3C=CC2NC13,0.83456266
NC1C2CC3C=CC2NC13,0.7797746
OC1C2CC3C=CC2NC13,0.7513619
CC1C2CC3C=CC2OC13,0.6656694
NC1C2CC3C=CC2OC13,0.7534694
OC1C2CC3C=CC2OC13,0.7313994
CC1C2NC3C=CC2NC13,0.7466352
NC1C2NC3C=CC2NC13,0.73627305
OC1C2NC3C=CC2NC13,0.69191086
CC1C2NC3C=CC2OC13,0.7144708
NC1C2NC3C=CC2OC13,0.65436053
OC1C2NC3C=CC2OC13,0.69864607
CC1C2OC3C=CC2OC13,0.80157375
NC1C2OC3C=CC2OC13,0.9046947
OC1C2OC3C=CC2OC13,0.9625708
CN1C2CC3C=CC2CC13,0.6729428
CC1C2CC3C=CC2CN13,0.4809267
C=C1C2CC3C=CC2CC13,0.83705556
O=C1C2CC3C=CC2CC13,0.94468826
C=C1C2CC3C=CC2NC13,0.83078384
O=C1C2CC3C=CC2NC13,0.7730913
C=C1C2CC3C=CC2OC13,0.89094186
O=C1C2CC3C=CC2OC13,0.9573276
C=C1C2NC3C=CC2NC13,0.8548246
O=C1C2NC3C=CC2NC13,1.1595422
C=C1C2NC3C=CC2OC13,0.91818786
O=C1C2NC3C=CC2OC13,1.0796349
C=C1C2OC3C=CC2OC13,1.1953534
O=C1C2OC3C=CC2OC13,1.3002232
C=CC1CC2C3CC1CC23,0.74857557
C=CC1NC2C3CC1CC23,0.49837407
C=CC1OC2C3CC1CC23,0.6943179
C=CC1CC2C3CC1NC23,0.5692316
C=CC1NC2C3CC1NC23,0.48591563
C=CC1OC2C3CC1NC23,0.66364396
C=CC1CC2C3CC1OC23,0.475227
C=CC1NC2C3CC1OC23,0.4599672
C=CC1OC2C3CC1OC23,0.6394403
C=CC1CC2C3OC1OC23,0.6703191
C=CC1NC2C3OC1OC23,0.8272198
C=CC1OC2C3OC1OC23,0.879997
C=CC1CC2C3CN1CC23,0.48150912
C=CC1CN2C3CC1CC23,0.5276329
C=CC1CN2C3CN1CC23,0.54495215
C=CC1CC2C3CC1CN23,0.6628766
CC=C1CC2C3CC1CC23,0.7561121
CC=C1OC2C3CC1CC23,0.55574054
CC=C1CC2C3CC1NC23,0.4653365
CC=C1OC2C3CC1NC23,0.50712353
CC=C1CC2C3CC1OC23,0.52941734
CC=C1OC2C3CC1OC23,0.5989187
CC=C1CC2C3OC1OC23,0.78031194
CC=C1OC2C3OC1OC23,0.7394355
CC=C1CN2C3CC1CC23,0.596463
CC=C1CC2C3CC1CN23,0.64083445
CCC1=CC2C3CC1CC23,0.76879495
NCC1=CC2C3CC1CC23,0.657796
OCC1=CC2C3CC1CC23,0.6756613
COC1=CC2C3CC1CC23,0.5184208
CCC1=CC2C3CC1NC23,0.60903084
NCC1=CC2C3CC1NC23,0.5487596
OCC1=CC2C3CC1NC23,0.71254086
COC1=CC2C3CC1NC23,0.6340794
CCC1=CC2C3CC1OC23,0.6403244
NCC1=CC2C3CC1OC23,0.7200948
OCC1=CC2C3CC1OC23,0.8486619
COC1=CC2C3CC1OC23,0.61941075
CCC1=CC2C3OC1OC23,0.91021895
NCC1=CC2C3OC1OC23,0.8089393
OCC1=CC2C3OC1OC23,0.98729235
COC1=CC2C3OC1OC23,0.68309563
CCC1=CC2C3CC1CN23,0.7108665
NCC1=CC2C3CC1CN23,0.67800236
OCC1=CC2C3CC1CN23,0.70612854
COC1=CC2C3CC1CN23,0.59970015
C=CC1=CC2C3CC1CC23,0.8182055
O=CC1=CC2C3CC1CC23,1.1171604
N#CC1=CC2C3CC1CC23,1.0872935
C=CC1=CC2C3CC1NC23,0.8162186
O=CC1=CC2C3CC1NC23,0.96828866
N#CC1=CC2C3CC1NC23,1.1267644
C=CC1=CC2C3CC1OC23,0.92518544
O=CC1=CC2C3CC1OC23,1.210541
N#CC1=CC2C3CC1OC23,1.3141332
C=CC1=CC2C3OC1OC23,1.0916817
O=CC1=CC2C3OC1OC23,1.227302
N#CC1=CC2C3OC1OC23,1.4601976
C=CC1=CC2C3CC1CN23,0.82933724
O=CC1=CC2C3CC1CN23,1.0173185
N#CC1=CC2C3CC1CN23,1.1367997
C#CC1=CC2C3CC1CC23,1.2129414
C#CC1=CC2C3CC1NC23,1.0261372
C#CC1=CC2C3CC1OC23,1.3151731
C#CC1=CC2C3OC1OC23,1.259491
C#CC1=CC2C3CC1CN23,1.1267161
C=C1CC2C3CCC1CC23,0.6835848
C=C1CC2C3CNC1CC23,0.4857579
C=C1CC2C3COC1CC23,0.759361
C=C1CC2C3CC1CNC23,0.6062822
C=C1CC2C3CC1COC23,0.5781855
C=C1OC2C3CCC1CC23,0.5820267
C=C1OC2C3CNC1CC23,0.76828593
C=C1OC2C3COC1CC23,0.8996062
C=C1OC2C3CC1CNC23,0.58038324
C=C1OC2C3CC1COC23,0.7770873
C=C1CC2C3CCC1NC23,0.628662
C=C1CC2C3NCC1NC23,0.6114541
C=C1CC2C3NC1COC23,0.50245744
C=C1OC2C3CCC1NC23,0.6157573
C=C1OC2C3NCC1NC23,0.8136977
C=C1OC2C3NC1COC23,0.56449914
C=C1CC2C3CCC1OC23,0.5983284
C=C1CC2C3COC1OC23,0.75372565
C=C1CC2C3NCC1OC23,0.56574976
C=C1CC2C3OCC1OC23,0.602343
C=C1OC2C3CCC1OC23,0.7311299
C=C1OC2C3COC1OC23,0.7261709
C=C1OC2C3NCC1OC23,0.66590583
C=C1OC2C3OCC1OC23,0.70258105
C=C1CC2C3CC1CCN23,0.52427703
C=C1CN2C3CCC1CC23,0.44126314
C=C1CN2C3CNC1CC23,0.43317586
C=C1CN2C3COC1CC23,0.79297924
C=C1CC2C3CCC1CN23,0.511191
C=C1CC2C3CNC1CN23,0.519321
C=C1CC2C3COC1CN23,0.6219858
CC1CC2C3CC1C=CC23,0.86122257
NC1CC2C3CC1C=CC23,0.8252135
OC1CC2C3CC1C=CC23,0.6251305
CC1NC2C3CC1C=CC23,0.7807665
CC1OC2C3CC1C=CC23,0.73023194
CC1CC2C3NC1C=CC23,0.70228046
NC1CC2C3NC1C=CC23,0.65986055
OC1CC2C3NC1C=CC23,0.6223425
CC1NC2C3NC1C=CC23,0.7093065
CC1OC2C3NC1C=CC23,0.7024053
CC1CC2C3OC1C=CC23,1.0566144
NC1CC2C3OC1C=CC23,0.97780466
OC1CC2C3OC1C=CC23,0.8019546
CC1NC2C3OC1C=CC23,1.0488975
CC1OC2C3OC1C=CC23,0.8207233
CN1CC2C3CC1C=CC23,0.69437444
CC1CN2C3CC1C=CC23,0.6770796
NC1CN2C3CC1C=CC23,0.63786495
OC1CN2C3CC1C=CC23,0.74392116
CC1CC2C3C=CC1CN23,0.5507333
NC1CC2C3C=CC1CN23,0.5538851
OC1CC2C3C=CC1CN23,0.48561165
CN1CC2C3C=CC1CN23,0.4988101
C=C1CC2C3CC1C=CC23,0.78736967
O=C1CC2C3CC1C=CC23,0.7693008
N=C1NC2C3CC1C=CC23,0.7651324
O=C1NC2C3CC1C=CC23,1.0138959
C=C1OC2C3CC1C=CC23,1.002782
O=C1OC2C3CC1C=CC23,0.8984854
C=C1CC2C3NC1C=CC23,0.6961305
O=C1CC2C3NC1C=CC23,0.7680398
N=C1NC2C3NC1C=CC23,0.79766774
O=C1NC2C3NC1C=CC23,0.96501744
C=C1OC2C3NC1C=CC23,0.8654556
O=C1OC2C3NC1C=CC23,1.1132971
C=C1CC2C3OC1C=CC23,0.9169973
O=C1CC2C3OC1C=CC23,1.0927877
N=C1NC2C3OC1C=CC23,1.0986476
O=C1NC2C3OC1C=CC23,1.2582225
C=C1OC2C3OC1C=CC23,1.0690088
O=C1OC2C3OC1C=CC23,1.1248932
C=C1CN2C3CC1C=CC23,0.8397872
O=C1CN2C3CC1C=CC23,0.931744
C=C1CC2C3C=CC1CN23,0.58949226
O=C1CC2C3C=CC1CN23,0.8094121
CC1=CC2C3CCC1CC23,0.75199306
CC1=CC2C3CNC1CC23,0.5192845
CC1=CC2C3COC1CC23,0.8050767
CC1=CC2C3CC1CNC23,0.60273397
CC1=CC2C3CC1COC23,0.6505692
CC1=CC2C3CCC1NC23,0.7202321
CC1=CC2C3NCC1NC23,0.6207486
CC1=CC2C3NC1COC23,0.5873507
CC1=CC2C3CCC1OC23,0.6761204
CC1=CC2C3COC1OC23,0.752076
CC1=CC2C3NCC1OC23,0.5331595
CC1=CC2C3OCC1OC23,0.6247677
CC1=CC2C3CC1CCN23,0.52636147
CC1=CC2C3CCC1CN23,0.73870724
CC1=CC2C3CNC1CN23,0.6957895
CC1=CC2C3COC1CN23,0.8795166
CC1=CC2C3CC1C=CC23,1.1389235
CC1=CC2C3NC1C=CC23,0.9971051
CC1=CC2C3OC1C=CC23,0.8284406
CC1=CC2C3C=CC1CN23,0.6946577
C1CC2CC3C=CC2CC13,0.9890147
C1NC2CC3C=CC2CC13,0.9249508
C1OC2CC3C=CC2CC13,0.9172333
C1CC2NC3C=CC2CC13,0.73917675
C1NC2CC3C=CC2NC13,0.75193524
C1OC2CC3C=CC2NC13,0.94770473
C1CC2OC3C=CC2CC13,1.0398908
C1NC2CC3C=CC2OC13,0.7452594
C1OC2CC3C=CC2OC13,0.8170345
C1OC2OC3C=CC2CC13,1.0968308
C1CC2NC3C=CC2NC13,0.61696357
C1CC2OC3C=CC2NC13,0.58524066
C1OC2OC3C=CC2NC13,0.903579
C1CC2OC3C=CC2OC13,0.81443995
C1OC2OC3C=CC2OC13,0.8926399
C1CN2CC3C=CC2CC13,0.80408764
C1CN2CC3C=CC2CN13,0.558424
C1C2C=CC3CC2C=CC13,1.0672308
C1C2C=CC3NC2C=CC13,1.0822371
C1C2C=CC3OC2C=CC13,1.0467179
N1C2C=CC3NC2C=CC13,0.8669343
N1C2C=CC3OC2C=CC13,0.9531635
O1C2C=CC3OC2C=CC13,1.1892062
CC1C2C3CC1C(=C)C2C3,0.8003684
NC1C2C3CC1C(=C)C2C3,0.8451383
OC1C2C3CC1C(=C)C2C3,0.7479565
CC1C2NC3CC(C13)C2=C,0.4476887
NC1C2NC3CC(C13)C2=C,0.61302745
OC1C2NC3CC(C13)C2=C,0.6658737
CC1C2OC3CC(C13)C2=C,0.73173535
NC1C2OC3CC(C13)C2=C,0.9454366
OC1C2OC3CC(C13)C2=C,0.8259293
CC1C2CC3NC(C13)C2=C,0.54500735
NC1C2CC3NC(C13)C2=C,0.79149985
OC1C2CC3NC(C13)C2=C,0.7449944
CC1C2CC3OC(C13)C2=C,0.84893286
NC1C2CC3OC(C13)C2=C,0.94525516
OC1C2CC3OC(C13)C2=C,0.989108
CN1C2C3CC2C(=C)C1C3,0.7055756
CN1C2CC3NC(C13)C2=C,0.60929215
CN1C2CC3OC(C13)C2=C,0.78705716
CC1C2CN3CC(C13)C2=C,0.6977195
NC1C2CN3CC(C13)C2=C,0.8176261
OC1C2CN3CC(C13)C2=C,0.7113873
CC1C2CC3CC(N13)C2=C,0.4718506
CC1C2CC3CC1C(=C)C23,0.7993001
NC1C2CC3CC1C(=C)C23,0.6946859
OC1C2CC3CC1C(=C)C23,0.5998382
CC1C2CC3NC1C(=C)C23,0.54193866
NC1C2CC3NC1C(=C)C23,0.42261136
OC1C2CC3NC1C(=C)C23,0.73606265
CC1C2CC3OC1C(=C)C23,0.8897494
NC1C2CC3OC1C(=C)C23,0.8054982
OC1C2CC3OC1C(=C)C23,0.91501653
CC1C2CC3NC1C3C2=C,0.6916587
NC1C2CC3NC1C3C2=C,0.7751069
OC1C2CC3NC1C3C2=C,0.8448435
CC1C2CC3OC1C3C2=C,0.78952634
NC1C2CC3OC1C3C2=C,0.8611176
OC1C2CC3OC1C3C2=C,0.8605566
CN1C2CC3CC1C(=C)C23,0.582169
CC1C2CN3CC1C(=C)C23,0.6850648
NC1C2CN3CC1C(=C)C23,0.6761803
OC1C2CN3CC1C(=C)C23,0.81518424
CN1C2CN3CC1C(=C)C23,0.6853493
CC1C2CC3CN1C3C2=C,0.78317404
CC1C2NC3CN1C3C2=C,0.38360053
CC1C2OC3CN1C3C2=C,0.94118655
C=C1C2CC3CC1C(=C)C23,0.66303957
C=C1C2C3CC2C(=O)C1C3,1.1753639
C=C1C2CC3CC1C(=O)C23,1.1279622
C=C1C2CC3NC1C(=C)C23,0.81862617
C=C1C2NC3CC(C13)C2=O,1.0137545
C=C1C2CC3NC1C(=O)C23,1.1979913
C=C1C2CC3OC1C(=C)C23,0.9900262
C=C1C2OC3CC(C13)C2=O,1.3836315
C=C1C2CC3OC1C(=O)C23,1.3459334
C=C1C2CC3NC1C3C2=C,0.72987604
C=C1C2CC3NC(C13)C2=O,1.1259781
C=C1C2CC3NC1C3C2=O,1.1327503
C=C1C2CC3OC1C3C2=C,0.9571668
C=C1C2CC3OC(C13)C2=O,1.5304846
C=C1C2CC3OC1C3C2=O,1.5402856
C=C1C2CN3CC1C(=C)C23,0.88801676
C=C1C2CN3CC(C13)C2=O,1.2444614
C=C1C2CN3CC1C(=O)C23,1.4146147
C=C1C2CCC3C(C2)CC13,0.84421635
C=C1C2CC3CC1C3CN2,0.5138598
C=C1C2CC3CC1C3CO2,0.70352775
C=C1C2CNC3C(C2)CC13,0.6716882
C=C1C2COC3C(C2)CC13,0.74433255
C=C1C2CCC3C(CC13)N2,0.50737166
C=C1C2CNC3C(CC13)N2,0.3983985
C=C1C2COC3C(CC13)N2,0.6637578
C=C1C2CCC3C(CC13)O2,0.55830336
C=C1C2CC3OC1OCC23,0.8544522
C=C1C2CNC3C(CC13)O2,0.6045623
C=C1C2COC3C(CC13)O2,0.575529
C=C1C2CCC3C(C2)NC13,0.697662
C=C1C2CC3NC1C3CN2,0.51992404
C=C1C2CC3NC1C3CO2,0.63853
C=C1C2CNC3C(C2)NC13,0.80758584
C=C1C2COC3C(C2)NC13,0.7528138
C=C1C2CCC3C(C2)OC13,0.6353175
C=C1C2CC3OC1C3CN2,0.65691733
C=C1C2CC3OC1C3CO2,0.69597447
C=C1C2CNC3C(C2)OC13,0.631553
C=C1C2COC3C(C2)OC13,0.54964864
C=C1C2CCC3C1CN3C2,0.5999543
C=C1C2CN3CC1C3CN2,0.5985973
C=C1C2CN3CC1C3CO2,0.64524233
C=C1C2CCN3C(C2)CC13,0.6512408
CC1C2CC3CC1C3C=C2,0.81594056
NC1C2CC3CC1C3C=C2,0.7830301
OC1C2CC3CC1C3C=C2,0.7990638
CC1C2CC3NC1C=CC23,0.54530764
NC1C2CC3NC1C=CC23,0.6367526
OC1C2CC3NC1C=CC23,0.633191
CC1C2CC3OC1C=CC23,0.8283241
NC1C2CC3OC1C=CC23,0.8714346
OC1C2CC3OC1C=CC23,0.80596256
CC1C2CC3NC1C3C=C2,0.79800963
NC1C2CC3NC1C3C=C2,0.70561534
OC1C2CC3NC1C3C=C2,0.8845828
CC1C2CC3OC1C3C=C2,0.7943851
NC1C2CC3OC1C3C=C2,1.0027012
OC1C2CC3OC1C3C=C2,0.8158181
CN1C2CC3CC1C3C=C2,0.83222926
CC1C2CN3CC1C3C=C2,0.7839556
NC1C2CN3CC1C3C=C2,0.6534497
OC1C2CN3CC1C3C=C2,0.8320731
CN1C2CN3CC1C3C=C2,0.66358876
CC1C2CC3CN1C3C=C2,0.8543015
CC1C2NC3CN1C3C=C2,0.8067292
CC1C2OC3CN1C3C=C2,0.89643264
C=C1C2CC3CC1C3C=C2,0.8922851
O=C1C2CC3CC1C3C=C2,0.8487183
C=C1C2CC3NC1C=CC23,0.6411478
O=C1C2CC3NC1C=CC23,0.7385907
C=C1C2CC3OC1C=CC23,0.863312
O=C1C2CC3OC1C=CC23,0.90611756
C=C1C2CC3NC1C3C=C2,0.8641318
O=C1C2CC3NC1C3C=C2,1.0389366
C=C1C2CC3OC1C3C=C2,1.0143431
O=C1C2CC3OC1C3C=C2,1.0637122
C=C1C2CN3CC1C3C=C2,0.89555645
O=C1C2CN3CC1C3C=C2,0.9186108
C=C1CC2CC3C2CCC13,0.84971553
C=C1OC2CC3C2CCC13,0.75638205
C=C1CC2CC3C2CNC13,0.68843687
C=C1OC2CC3C2CNC13,0.5482969
C=C1CC2CC3C2COC13,0.6466099
C=C1OC2CC3C2COC13,0.79457664
C=C1CC2CC3C1CNC23,0.5325635
C=C1OC2CC3C1CNC23,0.53346145
C=C1CC2CC3C1COC23,0.5142789
C=C1OC2CC3C1COC23,0.6628311
C=C1CC2NC3C2CCC13,0.5245874
C=C1CC2NC3C2CNC13,0.5467358
C=C1CC2NC3C2COC13,0.6573247
C=C1CC2NC3C1CNC23,0.51748604
C=C1CC2NC3C1COC23,0.5756304
C=C1CC2OC3C2CCC13,0.72756356
C=C1CC2OC3C2CNC13,0.58527744
C=C1CC2OC3C2COC13,0.62714005
C=C1CC2OC3C1CNC23,0.6873815
C=C1CC2OC3C1COC23,0.6770421
C=C1CN2CC3C2CCC13,0.70573443
C=C1CN2CC3C2CNC13,0.61267036
C=C1CN2CC3C2COC13,0.8972258
C=C1CC2CC3C1CCN23,0.4746441
C=C1CC2CN3C2CCC13,0.5753294
C=C1OC2CN3C2CCC13,0.844066
CC1=CC2CC3C2CCC13,0.98336273
CC1=CC2CC3C2CNC13,0.792868
CC1=CC2CC3C2COC13,0.6770729
CC1=CC2CC3C1CNC23,0.571227
CC1=CC2CC3C1COC23,0.6441922
CC1=CC2NC3C2CCC13,0.85939693
CC1=CC2NC3C2CNC13,0.81924254
CC1=CC2NC3C2COC13,0.72283816
CC1=CC2NC3C1CNC23,0.56204
CC1=CC2NC3C1COC23,0.6189289
CC1=CC2OC3C2CCC13,0.76107085
CC1=CC2OC3C2CNC13,0.45943335
CC1=CC2OC3C2COC13,0.54030126
CC1=CC2OC3C1CNC23,0.7026776
CC1=CC2OC3C1COC23,0.676697
CC1=CC2CC3C1CCN23,0.48866194
CC1=CC2CN3C2CCC13,0.51059836
CC1CC2CC3C1C=CC23,0.8394712
NC1CC2CC3C1C=CC23,0.6700107
OC1CC2CC3C1C=CC23,0.68179554
CC1NC2CC3C1C=CC23,0.68543243
CC1OC2CC3C1C=CC23,0.73444426
CC1CC2NC3C1C=CC23,0.656405
NC1CC2NC3C1C=CC23,0.58210546
OC1CC2NC3C1C=CC23,0.62212956
CC1CC2OC3C1C=CC23,1.0224499
NC1CC2OC3C1C=CC23,1.0233029
OC1CC2OC3C1C=CC23,0.87898564
CN1CC2CC3C2C=CC13,0.6949583
CN1CC2NC3C2C=CC13,0.7010662
CN1CC2OC3C2C=CC13,0.60562074
CC1CN2CC3C1C=CC23,0.65143734
NC1CN2CC3C1C=CC23,0.58753777
OC1CN2CC3C1C=CC23,0.66442204
CC1CC2CN3C1C=CC23,0.60256207
NC1CC2CN3C1C=CC23,0.68624794
OC1CC2CN3C1C=CC23,0.5736693
CC1NC2CN3C1C=CC23,0.7018633
CC1OC2CN3C1C=CC23,0.715073
C=C1CC2CC3C2C=CC13,0.86725247
O=C1CC2CC3C2C=CC13,0.83204234
N=C1NC2CC3C2C=CC13,0.8796077
O=C1NC2CC3C2C=CC13,1.142371
C=C1OC2CC3C2C=CC13,0.90260637
O=C1OC2CC3C2C=CC13,1.2555242
C=C1CC2NC3C2C=CC13,0.7654773
O=C1CC2NC3C2C=CC13,0.9104912
C=C1CC2OC3C2C=CC13,0.8205856
O=C1CC2OC3C2C=CC13,1.1301585
C=C1CN2CC3C2C=CC13,0.88828844
O=C1CN2CC3C2C=CC13,0.95701444
C=C1CC2CN3C2C=CC13,0.6828468
O=C1CC2CN3C2C=CC13,0.61829644
N=C1NC2CN3C2C=CC13,0.9029725
O=C1NC2CN3C2C=CC13,1.4528773
C=C1OC2CN3C2C=CC13,1.0605724
O=C1OC2CN3C2C=CC13,1.3801357
CC1=CC2CC3C2C=CC13,1.2904294
CC1=CC2NC3C2C=CC13,1.0482453
CC1=CC2OC3C2C=CC13,1.1643299
CC1=CC2CN3C2C=CC13,0.5566685
CC1C2C3CCC3C(=C)C12,0.869461
NC1C2C3CCC3C(=C)C12,0.8371692
OC1C2C3CCC3C(=C)C12,0.81137675
CC1C2C3CNC3C(=C)C12,0.6824697
NC1C2C3CNC3C(=C)C12,0.8568777
OC1C2C3CNC3C(=C)C12,0.89998406
CC1C2C3COC3C(=C)C12,0.8859688
NC1C2C3COC3C(=C)C12,1.0461932
OC1C2C3COC3C(=C)C12,0.8855771
CC1C2C3NCC3C(=C)C12,0.68099874
NC1C2C3NCC3C(=C)C12,0.7454446
OC1C2C3NCC3C(=C)C12,0.876813
CC1C2C3OCC3C(=C)C12,0.76038194
NC1C2C3OCC3C(=C)C12,0.8950871
OC1C2C3OCC3C(=C)C12,0.99005854
CC1C2C1C(=C)C3CCN23,0.6590347
NC1C2C1C(=C)C3CCN23,0.6949532
OC1C2C1C(=C)C3CCN23,0.7992119
CN1C2C3CCC3C(=C)C12,0.68223244
CN1C2C3CNC3C(=C)C12,0.66022503
CN1C2C3COC3C(=C)C12,0.81371474
CN1C2C3NCC3C(=C)C12,0.6436067
CN1C2C3OCC3C(=C)C12,0.66139096
CC1C2N1C3CCC3C2=C,0.7645233
CC1C2N1C3CNC3C2=C,0.8513005
CC1C2N1C3COC3C2=C,0.9153886
CC1C2C3CC(C3C=C)C12,0.8334081
NC1C2C3CC(C3C=C)C12,0.8620938
OC1C2C3CC(C3C=C)C12,0.84578866
CC1C2C3NC(C3C=C)C12,0.8087296
NC1C2C3NC(C3C=C)C12,0.72729194
OC1C2C3NC(C3C=C)C12,0.9415735
CC1C2C3OC(C3C=C)C12,0.69962317
NC1C2C3OC(C3C=C)C12,0.8460114
OC1C2C3OC(C3C=C)C12,0.8888136
CC1C2C3CN(C3C=C)C12,0.9852465
NC1C2C3CN(C3C=C)C12,0.9384435
OC1C2C3CN(C3C=C)C12,1.1684941
CN1C2C3CC(C3C=C)C12,0.7748511
CN1C2C3NC(C3C=C)C12,0.6715925
CN1C2C3OC(C3C=C)C12,0.7272338
CC1C2C3CC(C3C=C)N12,0.6921848
CC1C2CC3C2CC(=C)C13,0.73891246
NC1C2CC3C2CC(=C)C13,0.69208694
OC1C2CC3C2CC(=C)C13,0.5369041
CC1C2CC3C2OC(=C)C13,0.76420075
NC1C2CC3C2OC(=C)C13,0.7186756
OC1C2CC3C2OC(=C)C13,0.770457
CC1C2NC3C2CC(=C)C13,0.6615123
NC1C2NC3C2CC(=C)C13,0.7628517
OC1C2NC3C2CC(=C)C13,0.89644724
CC1C2NC3C2OC(=C)C13,0.7371758
NC1C2NC3C2OC(=C)C13,0.9203503
OC1C2NC3C2OC(=C)C13,0.924009
CC1C2OC3C2CC(=C)C13,0.70184004
NC1C2OC3C2CC(=C)C13,0.893924
OC1C2OC3C2CC(=C)C13,0.82854235
CC1C2OC3C2OC(=C)C13,0.7463558
NC1C2OC3C2OC(=C)C13,0.7994485
OC1C2OC3C2OC(=C)C13,0.8363018
CN1C2CC3C2CC(=C)C13,0.52696556
CN1C2CC3C2OC(=C)C13,0.6669763
CC1C2C3CN1C3CC2=C,0.73068345
CC1C2CC3C1C(=C)CN23,0.6364604
NC1C2CC3C1C(=C)CN23,0.5832524
OC1C2CC3C1C(=C)CN23,0.52716696
CC1C2CN3C2CC(=C)C13,0.7164234
NC1C2CN3C2CC(=C)C13,0.75741416
OC1C2CN3C2CC(=C)C13,0.86262125
CC1CC2C3CC2C(=C)C13,0.73681086
NC1CC2C3CC2C(=C)C13,0.72965705
OC1CC2C3CC2C(=C)C13,0.67463636
CC1NC2C3CC2C(=C)C13,0.67557526
CC1OC2C3CC2C(=C)C13,0.7318347
CC1CC2C3NC2C(=C)C13,0.5922306
NC1CC2C3NC2C(=C)C13,0.81088626
OC1CC2C3NC2C(=C)C13,0.75070953
CC1NC2C3NC2C(=C)C13,0.7918185
CC1OC2C3NC2C(=C)C13,0.7607219
CC1CC2C3OC2C(=C)C13,0.8599309
NC1CC2C3OC2C(=C)C13,0.99266547
OC1CC2C3OC2C(=C)C13,0.88572586
CC1NC2C3OC2C(=C)C13,0.86815894
CC1OC2C3OC2C(=C)C13,0.8946262
CN1CC2C3CC2C(=C)C13,0.5347189
CN1CC2C3NC2C(=C)C13,0.60909915
CN1CC2C3OC2C(=C)C13,0.75669676
CC1CN2C3CC2C(=C)C13,0.6351132
NC1CN2C3CC2C(=C)C13,0.7561972
OC1CN2C3CC2C(=C)C13,0.8809241
CC1CC2C3CN2C1C3=C,0.5791265
NC1CC2C3CN2C1C3=C,0.6566067
OC1CC2C3CN2C1C3=C,0.77248186
C=C1CC2C3CC2C(=C)C13,0.74265885
C=C1C2CC3C2CC(=O)C13,1.1175377
C=C1CC2C3CC2C(=O)C13,1.1008861
C=C1C2CC3C2NC(=N)C13,0.6667305
C=C1C2CC3C2NC(=O)C13,0.85621166
C=C1OC2C3CC2C(=C)C13,1.0510387
C=C1C2CC3C2OC(=O)C13,1.2143898
C=C1OC2C3CC2C(=O)C13,1.5247635
C=C1CC2C3NC2C(=C)C13,0.7389036
C=C1C2NC3C2CC(=O)C13,0.98108006
C=C1CC2C3NC2C(=O)C13,1.2065345
C=C1C2NC3C2NC(=N)C13,0.9239408
C=C1C2NC3C2NC(=O)C13,1.1816162
C=C1OC2C3NC2C(=C)C13,1.0100243
C=C1C2NC3C2OC(=O)C13,1.0665833
C=C1OC2C3NC2C(=O)C13,1.3701297
C=C1CC2C3OC2C(=C)C13,0.91028947
C=C1C2OC3C2CC(=O)C13,1.4275901
C=C1CC2C3OC2C(=O)C13,1.3635515
C=C1C2OC3C2NC(=N)C13,1.0889995
C=C1C2OC3C2NC(=O)C13,1.0995058
C=C1OC2C3OC2C(=C)C13,1.0728223
C=C1C2OC3C2OC(=O)C13,1.379918
C=C1OC2C3OC2C(=O)C13,1.5203735
C=C1CN2C3CC2C(=C)C13,0.84212214
C=C1C2CC3C1C(=O)CN23,1.4022348
C=C1CN2C3CC2C(=O)C13,1.3023835
C=C1CC2C3CN2C1C3=C,0.8180062
C=C1C2CN3C2CC(=O)C13,1.4499427
C=C1CC2C3CN2C1C3=O,1.2162867
CC1C2CC3C2C=C(C)C13,0.6765208
CC1=CC2C3CC2C1C3N,0.6175986
CC1=CC2C3CC2C1C3O,0.5587325
CC1C2NC3C2C=C(C)C13,0.7273677
CC1=CC2C3NC2C1C3N,0.53893226
CC1=CC2C3NC2C1C3O,0.43359655
CC1C2OC3C2C=C(C)C13,0.77672917
CC1=CC2C3OC2C1C3N,0.52633685
CC1=CC2C3OC2C1C3O,0.5413928
CN1C2CC3C2C=C(C)C13,0.54831
CC1C2C3CN1C3C=C2C,0.64840347
CC1C2CN3C2C=C(C)C13,0.7703648
CC1=CC2C3CN2C1C3N,0.61725765
CC1=CC2C3CN2C1C3O,0.4825385
CC1=CC2C3CC2C(=C)C13,0.6868819
CC1=CC2C3CC2C(=O)C13,0.9342363
CC1=CC2C3NC2C(=C)C13,0.77179456
CC1=CC2C3NC2C(=O)C13,1.1747296
CC1=CC2C3OC2C(=C)C13,0.8945241
CC1=CC2C3OC2C(=O)C13,1.3861655
CC1=CC2C3CN2C1C3=C,0.76085943
CC1=CC2C3CN2C1C3=O,1.254439
C=C1C2CCCC3C2CC13,0.99517524
C=C1C2CNCC3C2CC13,0.9531989
C=C1C2COCC3C2CC13,1.1719289
C=C1C2CC3C2CCNC13,0.6576994
C=C1C2CC3C2CCOC13,0.59500915
C=C1C2CCNC3C2CC13,0.7397611
C=C1C2CCOC3C2CC13,0.822381
C=C1C2CC3C2OCOC13,0.87431514
C=C1C2CCCC3C2NC13,1.0684503
C=C1C2CNCC3C2NC13,0.90302277
C=C1C2COCC3C2NC13,1.0873322
C=C1C2NCCC3C2NC13,0.7858006
C=C1C2NC3C2CCOC13,0.7939594
C=C1C2CCNC3C2NC13,0.7257489
C=C1C2CCOC3C2NC13,0.8635075
C=C1C2NC3C2OCOC13,0.99168515
C=C1C2CCCC3C2OC13,0.86893356
C=C1C2CNCC3C2OC13,0.8596712
C=C1C2COCC3C2OC13,0.8462489
C=C1C2NCCC3C2OC13,0.6662314
C=C1C2OCCC3C2OC13,0.74175954
C=C1C2CCNC3C2OC13,0.7025576
C=C1C2CCOC3C2OC13,0.73372555
C=C1C2OCOC3C2OC13,0.5839809
C=C1C2CCCN3C2CC13,0.8201217
C=C1C2CC3C1NCCN23,0.6148925
C=C1C2CC3C1OCCN23,0.7098673
C=C1C2CN3C2CCCC13,0.6963414
C=C1C2CN3C2CNCC13,0.68884236
C=C1C2CN3C2COCC13,0.8147704
CC1C2CC3C2CC=CC13,0.7728055
NC1C2CC3C2CC=CC13,0.8391214
OC1C2CC3C2CC=CC13,0.5934329
CC1C2CC3C2OC=CC13,0.7148522
NC1C2CC3C2OC=CC13,0.7978965
OC1C2CC3C2OC=CC13,0.72749054
CC1C2NC3C2CC=CC13,0.67313164
NC1C2NC3C2CC=CC13,0.7930692
OC1C2NC3C2CC=CC13,0.8859002
CC1C2NC3C2OC=CC13,0.7991698
NC1C2NC3C2OC=CC13,0.8293892
OC1C2NC3C2OC=CC13,0.9522413
CC1C2OC3C2CC=CC13,0.72872317
NC1C2OC3C2CC=CC13,0.8267894
OC1C2OC3C2CC=CC13,0.87457347
CC1C2OC3C2OC=CC13,0.75211036
NC1C2OC3C2OC=CC13,0.9120021
OC1C2OC3C2OC=CC13,1.1734899
CN1C2CC3C2CC=CC13,0.7860383
CN1C2CC3C2OC=CC13,0.6566037
CC1C2CC3C1C=CCN23,0.5311496
NC1C2CC3C1C=CCN23,0.5164959
OC1C2CC3C1C=CCN23,0.4888046
CC1C2C=CCC3C2CN13,0.65928626
CC1C2CN3C2CC=CC13,0.72907585
NC1C2CN3C2CC=CC13,0.7676565
OC1C2CN3C2CC=CC13,0.7399807
C=C1C2CC3C2CC=CC13,0.70409846
O=C1C2CC3C2CC=CC13,1.0652032
C=C1C2CC3C2NN=CC13,0.73644924
C=C1C2CC3C1NC=NC23,0.6223217
C=C1C2CC3C2OC=CC13,0.804513
O=C1C2CC3C2OC=CC13,1.1960436
C=C1C2CC3C2ON=CC13,1.0780476
C=C1C2NC3C2CC=CC13,0.91506153
O=C1C2NC3C2CC=CC13,1.1577841
C=C1C2NC3C2NN=CC13,0.9426574
C=C1C2NC3C2NC=NC13,0.9791033
C=C1C2NC3C2OC=CC13,1.0160981
O=C1C2NC3C2OC=CC13,1.305317
C=C1C2NC3C2ON=CC13,1.2534612
C=C1C2OC3C2CC=CC13,1.1402203
O=C1C2OC3C2CC=CC13,1.1706647
C=C1C2OC3C2NN=CC13,0.9627018
C=C1C2NC=NC3C2OC13,1.0533056
C=C1C2OC3C2OC=CC13,1.206814
O=C1C2OC3C2OC=CC13,1.454059
C=C1C2OC3C2ON=CC13,1.3967342
C=C1C2CC3C1C=CCN23,0.6525025
O=C1C2CC3C1C=CCN23,0.67601806
C=C1C2CN3C2CC=CC13,0.8138565
O=C1C2CN3C2CC=CC13,1.1312975
CC1C2CC=CC3C1CC23,0.8599908
NC1C2CC=CC3C1CC23,0.775138
OC1C2CC=CC3C1CC23,0.6843508
CC1C2CC3C1OC=CC23,0.70290405
NC1C2CC3C1OC=CC23,0.7231523
OC1C2CC3C1OC=CC23,0.6814445
CC1C2CC=CC3C1NC23,0.7333202
NC1C2CC=CC3C1NC23,0.59328717
OC1C2CC=CC3C1NC23,0.66838616
CC1C2NC3C1OC=CC23,0.719445
NC1C2NC3C1OC=CC23,0.801556
OC1C2NC3C1OC=CC23,0.88061905
CC1C2CC=CC3C1OC23,0.61413276
NC1C2CC=CC3C1OC23,0.6369028
OC1C2CC=CC3C1OC23,0.63429374
CC1C2OC=CC3C1OC23,0.45353022
NC1C2OC=CC3C1OC23,0.6121052
OC1C2OC=CC3C1OC23,0.76471996
CN1C2CC=CC3C2CC13,0.6748091
CC1C2CC3C2C=CCN13,0.53517485
CC1C2CC=CC3C2CN13,0.5444368
CC1C2OC=CC3C2CN13,0.6171145
CC1C2CN3C1CC=CC23,0.63829064
NC1C2CN3C1CC=CC23,0.51335996
OC1C2CN3C1CC=CC23,0.64049435
C=C1C2CC=CC3C2CC13,0.93651015
O=C1C2CC=CC3C2CC13,1.1152682
C=C1C2CC3C1NN=CC23,0.7811816
C=C1C2CC3C1OC=CC23,0.7515518
O=C1C2CC3C1OC=CC23,1.0648881
C=C1C2CC3C1ON=CC23,0.99554473
C=C1C2CC=CC3C2NC13,0.96794826
O=C1C2CC=CC3C2NC13,0.98370874
C=C1C2NN=CC3C2NC13,1.1525725
C=C1C2NC3C1OC=CC23,1.0076567
O=C1C2NC3C1OC=CC23,1.21135
C=C1C2NC3C1ON=CC23,1.2301008
C=C1C2CC=CC3C2OC13,0.88474786
O=C1C2CC=CC3C2OC13,1.1699288
C=C1C2NN=CC3C2OC13,1.143438
C=C1C2OC=CC3C2OC13,0.86639833
O=C1C2OC=CC3C2OC13,1.0715894
C=C1C2ON=CC3C2OC13,1.2584647
C=C1C2CN3C2C=CCC13,0.88210374
O=C1C2CN3C2C=CCC13,1.2342367
C=C1CC2C3CCC1C2C3,0.7047393
C=C1CC2C3CNC1C2C3,0.4859841
C=C1CC2C3COC1C2C3,0.86526227
C=C1CC2C3CC2C1CN3,0.5971331
C=C1CC2C3CC2C1CO3,0.7423802
C=C1OC2C3CCC1C2C3,0.7657319
C=C1OC2C3CNC1C2C3,0.73627114
C=C1OC2C3COC1C2C3,0.90233386
C=C1OC2C3CC2C1CN3,0.77222043
C=C1OC2C3CC2C1CO3,0.896294
C=C1CC2C3CCC1C2N3,0.47942677
C=C1CC2C3CNC1C2N3,0.517032
C=C1CC2C3COC1C2N3,0.7777034
C=C1OC2C3CCC1C2N3,0.6620502
C=C1OC2C3CNC1C2N3,0.6590555
C=C1OC2C3COC1C2N3,0.83787966
C=C1CC2C3CCC1C2O3,0.60693103
C=C1CC2C3CNC1C2O3,0.76764905
C=C1CC2C3COC1C2O3,0.8565806
C=C1OC2C3CCC1C2O3,0.84902453
C=C1OC2C3CNC1C2O3,0.973708
C=C1OC2C3COC1C2O3,0.9910251
C=C1CC2C3CN2CCC13,0.5929193
C=C1CN2C3CCC1C2C3,0.5204497
C=C1CN2C3CNC1C2C3,0.7711018
C=C1CN2C3COC1C2C3,0.9469854
C=C1CC2C3CCC1N2C3,0.6583705
C=C1CC2C3CN2C1CN3,0.4568332
C=C1CC2C3CN2C1CO3,0.7535332
CC1CC2C3CC2C1C=C3,0.7233282
NC1CC2C3CC2C1C=C3,0.8603523
OC1CC2C3CC2C1C=C3,0.77508664
CC1NC2C3CC2C1C=C3,0.77164704
CC1OC2C3CC2C1C=C3,0.8105197
CC1CC2C3NC2C1C=C3,0.61084914
NC1CC2C3NC2C1C=C3,0.6368304
OC1CC2C3NC2C1C=C3,0.77669436
CC1NC2C3NC2C1C=C3,0.75930786
CC1OC2C3NC2C1C=C3,0.84306204
CC1CC2C3OC2C1C=C3,0.94712937
NC1CC2C3OC2C1C=C3,0.85643363
OC1CC2C3OC2C1C=C3,0.8711896
CC1NC2C3OC2C1C=C3,0.8536498
CC1OC2C3OC2C1C=C3,0.8201808
CN1CC2C3CC2C1C=C3,0.7148905
CN1CC2C3NC2C1C=C3,0.56977904
CN1CC2C3OC2C1C=C3,0.6890545
CC1CN2C3CC2C1C=C3,0.8787468
NC1CN2C3CC2C1C=C3,0.8036121
OC1CN2C3CC2C1C=C3,0.9151145
CC1CC2C3CN2C1C=C3,0.6016885
NC1CC2C3CN2C1C=C3,0.69153494
OC1CC2C3CN2C1C=C3,0.85840523
C=C1CC2C3CC2C1C=C3,0.8769726
O=C1CC2C3CC2C1C=C3,0.8756393
N=C1NC2C3CC2C1C=C3,0.9157431
O=C1NC2C3CC2C1C=C3,1.1249973
C=C1OC2C3CC2C1C=C3,1.0685844
O=C1OC2C3CC2C1C=C3,1.043407
C=C1CC2C3NC2C1C=C3,0.84452814
O=C1CC2C3NC2C1C=C3,0.8994125
N=C1NC2C3NC2C1C=C3,1.0023279
O=C1NC2C3NC2C1C=C3,1.1894197
C=C1OC2C3NC2C1C=C3,0.98396933
O=C1OC2C3NC2C1C=C3,1.2959899
C=C1CC2C3OC2C1C=C3,0.93108654
O=C1CC2C3OC2C1C=C3,1.2240599
N=C1NC2C3OC2C1C=C3,1.3124918
O=C1NC2C3OC2C1C=C3,1.453861
C=C1OC2C3OC2C1C=C3,1.1659716
O=C1OC2C3OC2C1C=C3,1.1926335
C=C1CN2C3CC2C1C=C3,0.97284096
O=C1CN2C3CC2C1C=C3,0.98335314
C=C1CC2C3CN2C1C=C3,0.8858295
O=C1CC2C3CN2C1C=C3,0.84893215
CC1=CC2C3CCC1C2C3,0.7321415
CC1=CC2C3CNC1C2C3,0.57708555
CC1=CC2C3COC1C2C3,0.85435045
CC1=CC2C3CC2C1CN3,0.6963624
CC1=CC2C3CC2C1CO3,0.94896305
CC1=CC2C3CCC1C2N3,0.48991913
CC1=CC2C3CNC1C2N3,0.6069812
CC1=CC2C3COC1C2N3,0.7549175
CC1=CC2C3CCC1C2O3,0.7208684
CC1=CC2C3CNC1C2O3,0.80552167
CC1=CC2C3COC1C2O3,0.8434406
CC1=CC2C3CN2CCC13,0.6712231
CC1=CC2C3CCC1N2C3,0.6604161
CC1=CC2C3CN2C1CN3,0.4672359
CC1=CC2C3CN2C1CO3,1.0041311
CC1=CC2C3CC2C1C=C3,0.8700769
CC1=CC2C3NC2C1C=C3,0.8166848
CC1=CC2C3OC2C1C=C3,0.87025905
CC1=CC2C3CN2C1C=C3,0.9041278
C=C1C2CCC2CC3CC13,0.8700069
C=C1C2CCC2NC3CC13,0.6857834
C=C1C2CCC2OC3CC13,0.8789226
C=C1C2CNC2CC3CC13,0.68992496
C=C1C2COC2CC3CC13,0.8270831
C=C1C2CC2CC3CNC13,0.6160042
C=C1C2CC2NC3CNC13,0.4570641
C=C1C2CC2OC3CNC13,0.4095768
C=C1C2CC2CC3COC13,0.53177035
C=C1C2CC2NC3COC13,0.42609644
C=C1C2CC2OC3COC13,0.6808779
C=C1C2CC2CN3CCC13,0.5221411
C=C1C2CCC2CC3NC13,0.8438464
C=C1C2CNC2CC3NC13,0.629732
C=C1C2COC2CC3NC13,0.62546194
C=C1C2NCC2CC3NC13,0.73833084
C=C1C2NC2CC3COC13,0.52092725
C=C1C2CCN2CC3NC13,0.6004759
C=C1C2CCC2CC3OC13,0.6951857
C=C1C2CNC2CC3OC13,0.86862063
C=C1C2COC2CC3OC13,0.78670764
C=C1C2NCC2CC3OC13,1.0488803
C=C1C2OCC2CC3OC13,0.8649125
C=C1C2CCN2CC3OC13,0.7367929
C=C1C2CCC2CN3CC13,0.78728545
C=C1C2CNC2CN3CC13,0.714168
C=C1C2COC2CN3CC13,0.80686927
C=C1C2CN2CC3CNC13,0.6144534
C=C1C2CN2CC3COC13,0.56838256
C1CC2C=CC3CC3CC12,0.7116058
C1CC2C=CC3CC3NC12,0.8388723
C1CC2C=CC3CC3OC12,0.77771854
C1NC2C=CC3CC3CC12,0.7131766
C1NC2C=CC3CC3NC12,0.7073808
C1NC2C=CC3CC3OC12,0.7405803
C1OC2C=CC3CC3CC12,0.8595396
C1OC2C=CC3CC3NC12,0.93932456
C1OC2C=CC3CC3OC12,0.86200315
C1NC2CC3CC3C=CC12,0.9283988
C1OC2CC3CC3C=CC12,0.9082
C1CN2CC3CC3C=CC12,0.75816524
C1CC2C=CC3NC3CC12,0.57819283
C1NC2C=CC3NC3CC12,0.69908065
C1OC2C=CC3NC3CC12,0.95246303
C1NC2CC3NC3C=CC12,0.87996185
C1OC2CC3NC3C=CC12,0.9971236
C1CN2CC3NC3C=CC12,0.7107471
C1CC2C=CC3OC3CC12,1.0756778
C1NC2C=CC3OC3CC12,1.0592941
C1OC2C=CC3OC3CC12,1.0983659
C1NC2CC3OC3C=CC12,1.1650456
C1OC2CC3OC3C=CC12,1.1235535
C1CN2CC3OC3C=CC12,1.0258411
C1CC2C=CC3CN3CC12,0.688704
C1NC2C=CC3CN3CC12,0.7582501
C1OC2C=CC3CN3CC12,0.9712686
C1NC2CN3CC3C=CC12,0.79218024
C1OC2CN3CC3C=CC12,1.0725545
CC1C2CC3CC3C(=C)C12,0.8578453
NC1C2CC3CC3C(=C)C12,0.7692567
OC1C2CC3CC3C(=C)C12,0.6617694
CC1C2NC3CC3C(=C)C12,0.6954732
NC1C2NC3CC3C(=C)C12,0.8038951
OC1C2NC3CC3C(=C)C12,0.9260773
CC1C2OC3CC3C(=C)C12,0.739009
NC1C2OC3CC3C(=C)C12,0.88575166
OC1C2OC3CC3C(=C)C12,1.0594386
CC1C2CC3NC3C(=C)C12,0.6071764
NC1C2CC3NC3C(=C)C12,0.7906996
OC1C2CC3NC3C(=C)C12,0.78339076
CC1C2CC3OC3C(=C)C12,0.9287684
NC1C2CC3OC3C(=C)C12,1.0591074
OC1C2CC3OC3C(=C)C12,0.8928679
CN1C2CC3CC3C(=C)C12,0.59325427
CN1C2CC3NC3C(=C)C12,0.65081465
CN1C2CC3OC3C(=C)C12,0.84325457
CC1C2CN3CC3C(=C)C12,0.64612037
NC1C2CN3CC3C(=C)C12,0.70386803
OC1C2CN3CC3C(=C)C12,0.7198688
CN1C2CN3CC3C(=C)C12,0.65651315
CC1C2N1CC3CC3C2=C,0.7315564
CC1C2N1CC3NC3C2=C,0.7084354
CC1C2N1CC3OC3C2=C,1.0295049
C=C1C2CC2CCC3CC13,0.6494942
C=C1C2CC2CNC3CC13,0.6292737
C=C1C2CC2COC3CC13,0.8786016
C=C1C2CC2CCC3NC13,0.7083728
C=C1C2CC2NCC3NC13,0.53805035
C=C1C2CC2OCC3NC13,0.51450515
C=C1C2CC2CCC3OC13,0.66381115
C=C1C2CC2NCC3OC13,0.74427575
C=C1C2CC2OCC3OC13,0.8680762
C=C1C2NC2CCC3NC13,0.6320143
C=C1C2NC2CCC3OC13,0.8229771
C=C1C2OC2CCC3OC13,0.92885184
C=C1C2CC2CCN3CC13,0.5881918
C=C1C2CN2CCC3NC13,0.5840168
C=C1C2CN2CCC3OC13,0.8446023
C=C1C2CN2CCN3CC13,0.74201995
CC1C2CC2C=CC3CC13,0.703733
NC1C2CC2C=CC3CC13,0.64150596
OC1C2CC2C=CC3CC13,0.50373405
CN1C2CC2C=CC3CC13,0.53852826
CC1C2CC2C=CC3NC13,0.7954675
NC1C2CC2C=CC3NC13,0.7119502
OC1C2CC2C=CC3NC13,0.79390424
CC1C2CC2C=CC3OC13,0.9170011
NC1C2CC2C=CC3OC13,0.8804604
OC1C2CC2C=CC3OC13,0.8773594
CC1C2NC2C=CC3NC13,0.6339555
NC1C2NC2C=CC3NC13,0.7559366
OC1C2NC2C=CC3NC13,0.7069708
CC1C2NC2C=CC3OC13,0.76077354
NC1C2NC2C=CC3OC13,0.77337956
OC1C2NC2C=CC3OC13,0.888647
CC1C2OC2C=CC3OC13,0.8766968
NC1C2OC2C=CC3OC13,1.0763255
OC1C2OC2C=CC3OC13,1.0453957
CC1C2CC2C=CC3CN13,0.6519089
CC1C2NC2C=CC3CN13,0.61491686
CC1C2OC2C=CC3CN13,0.79530686
C=C1C2CC2C=CC3CC13,0.63747823
O=C1C2CC2C=CC3CC13,0.9102669
C=C1C2CC2C=CC3NC13,0.89860827
O=C1C2CC2C=CC3NC13,1.073852
C=C1C2CC2C=CC3OC13,1.1249001
O=C1C2CC2C=CC3OC13,1.1768786
C=C1C2NC2C=CC3NC13,0.8892247
O=C1C2NC2C=CC3NC13,1.1937876
C=C1C2NC2C=CC3OC13,1.1193933
O=C1C2NC2C=CC3OC13,1.1847337
C=C1C2OC2C=CC3OC13,1.4066972
O=C1C2OC2C=CC3OC13,1.2359067
C=C1C2CC2C=NN3CC13,1.0418396
C=C1C2CC2N=CN3CC13,0.95862424
C=C1C2CN2N=CC3NC13,0.9297538
C=C1C2CN2N=CC3OC13,1.1708127
C=C1C2CN2C=NN3CC13,1.1046989
N=C1C2CC2C=CC3CN13,0.70635504
O=C1C2CC2C=CC3CN13,0.77597564
N=C1C2NC2C=CC3CN13,0.5660158
O=C1C2NC2C=CC3CN13,0.99115187
N=C1C2OC2C=CC3CN13,1.1967801
O=C1C2OC2C=CC3CN13,1.0609462
N=C1N2CC2C=CC3CN13,0.7759894
O=C1N2CC2C=CC3CN13,1.043959
CC1C2CC3C(C=C)C3C12,0.98380536
NC1C2CC3C(C=C)C3C12,0.9382746
OC1C2CC3C(C=C)C3C12,0.7624062
CC1C2NC3C(C=C)C3C12,0.87676793
NC1C2NC3C(C=C)C3C12,0.8747788
OC1C2NC3C(C=C)C3C12,0.8469902
CC1C2OC3C(C=C)C3C12,0.9971205
NC1C2OC3C(C=C)C3C12,1.1249408
OC1C2OC3C(C=C)C3C12,1.2071475
CN1C2CC3C(C=C)C3C12,0.81208366
CC1C2C3C(CN12)C3C=C,0.7631223
CC1C2CN3C(C=C)C3C12,0.58747995
NC1C2CN3C(C=C)C3C12,0.46421218
OC1C2CN3C(C=C)C3C12,0.54344714
CN1C2CN3C(C=C)C3C12,0.27009475
CC1C2CC3C(C=C)C3N12,0.77772343
CC1C2CC3C(C=C)N3C12,0.72206306
NC1C2CC3C(C=C)N3C12,0.80482674
OC1C2CC3C(C=C)N3C12,0.887674
CC1C2CC3CC3C=CC12,0.8829717
NC1C2CC3CC3C=CC12,0.79969007
OC1C2CC3CC3C=CC12,0.6521249
CC1C2NC3CC3C=CC12,0.7556603
NC1C2NC3CC3C=CC12,0.80425096
OC1C2NC3CC3C=CC12,0.9358262
CC1C2OC3CC3C=CC12,0.81513834
NC1C2OC3CC3C=CC12,1.0488456
OC1C2OC3CC3C=CC12,0.9930402
CC1C2CC3NC3C=CC12,0.56557316
NC1C2CC3NC3C=CC12,0.644338
OC1C2CC3NC3C=CC12,0.6866764
CC1C2CC3OC3C=CC12,1.0064214
NC1C2CC3OC3C=CC12,1.0278546
OC1C2CC3OC3C=CC12,0.9226767
CN1C2CC3CC3C=CC12,0.73058844
CN1C2CC3NC3C=CC12,0.58614874
CN1C2CC3OC3C=CC12,0.93924093
CC1C2CN3CC3C=CC12,0.54978573
NC1C2CN3CC3C=CC12,0.6352368
OC1C2CN3CC3C=CC12,0.6204658
CN1C2CN3CC3C=CC12,0.5878952
CC1C2C=CC3CC3CN12,0.6262613
CC1C2C=CC3NC3CN12,0.8478581
CC1C2C=CC3OC3CN12,1.1176234
C1CC2CC2C=CC3CC13,0.82506573
C1NC2CC2C=CC3CC13,0.7064791
C1OC2CC2C=CC3CC13,0.93389803
C1CC2NC2C=CC3CC13,0.6453578
C1NC2CC2C=CC3NC13,0.7643426
C1OC2CC2C=CC3NC13,0.9562642
C1CC2OC2C=CC3CC13,0.9710308
C1NC2CC2C=CC3OC13,0.9571363
C1OC2CC2C=CC3OC13,0.9916351
C1CC2NC2C=CC3NC13,0.698065
C1CC2OC2C=CC3NC13,0.9316941
C1CC2OC2C=CC3OC13,0.9527851
C1CN2CC2C=CC3CC13,0.7416068
C1CN2CC2C=CC3NC13,0.77570635
C1CN2CC2C=CC3OC13,1.0533934
C1CN2CC2C=CC3CN13,0.8569018
C1C2C=CC3CC3C=CC12,0.6731885
C1C2C=CC3NC3C=CC12,0.86424446
C1C2C=CC3OC3C=CC12,1.0485748
N1C2C=CC3NC3C=CC12,0.8155957
N1C2C=CC3OC3C=CC12,1.0611107
O1C2C=CC3OC3C=CC12,1.333036
C1C2C=CC3CN3N=CC12,0.82658744
C1C2C=CC3CN3C=NC12,0.78814024
C1C2C=CC3NC3C=NN12,0.92266124
C1C2C=CC3OC3C=NN12,1.1386236
C1C2C=CC3CN3N=CN12,1.0976342
CC1CC2C3CC3C(=C)C12,0.87891203
NC1CC2C3CC3C(=C)C12,0.8507313
OC1CC2C3CC3C(=C)C12,0.7015023
CC1NC2C3CC3C(=C)C12,0.75649446
CC1OC2C3CC3C(=C)C12,0.82435274
CN1CC2C3CC3C(=C)C12,0.71502584
CC1CN2C3CC3C(=C)C12,0.6564628
NC1CN2C3CC3C(=C)C12,0.7211781
OC1CN2C3CC3C(=C)C12,0.8089199
CC1CC2C3NC3C(=C)C12,0.6699135
NC1CC2C3NC3C(=C)C12,0.7167355
OC1CC2C3NC3C(=C)C12,0.72226095
CC1NC2C3NC3C(=C)C12,0.763568
CC1OC2C3NC3C(=C)C12,0.81932384
CN1CC2C3NC3C(=C)C12,0.668673
CC1CC2C3OC3C(=C)C12,1.0363929
NC1CC2C3OC3C(=C)C12,1.1910436
OC1CC2C3OC3C(=C)C12,1.1509069
CC1NC2C3OC3C(=C)C12,1.0981765
CC1OC2C3OC3C(=C)C12,1.1311661
CN1CC2C3OC3C(=C)C12,1.0005288
CC1CC2C1C(=C)C3CN23,0.76304734
NC1CC2C1C(=C)C3CN23,0.6842206
OC1CC2C1C(=C)C3CN23,0.7697142
CN1CC2C1C(=C)C3CN23,0.483053
C=C1C2CC2C3CC(=O)C13,1.0578912
C=C1C2CC2C3NC(=O)C13,0.9273048
C=C1C2CC2C3OC(=O)C13,1.2624997
C=C1C2CC2C3CC(=O)N13,0.9356396
C=C1C2CC2N3CC(=O)C13,1.1823523
C=C1C2NC2C3CC(=O)C13,0.7993619
C=C1C2NC2C3NC(=O)C13,1.0878428
C=C1C2NC2C3OC(=O)C13,1.1024853
C=C1C2NC2C3CC(=O)N13,0.80376506
C=C1C2OC2C3CC(=O)C13,1.1997163
C=C1C2OC2C3NC(=O)C13,1.2041613
C=C1C2OC2C3OC(=O)C13,1.5418624
C=C1C2OC2C3CC(=O)N13,1.0662292
C=C1C2CN2C3CC(=O)C13,1.181197
CC1CC2C3CC3C=CC12,0.9046647
NC1CC2C3CC3C=CC12,0.8661304
OC1CC2C3CC3C=CC12,0.68323684
CC1NC2C3CC3C=CC12,0.85378116
CC1OC2C3CC3C=CC12,0.97608787
CN1CC2C3CC3C=CC12,0.8424421
CC1CN2C3CC3C=CC12,0.6786311
NC1CN2C3CC3C=CC12,0.58324504
OC1CN2C3CC3C=CC12,0.8535178
CC1CC2C3NC3C=CC12,0.6714387
NC1CC2C3NC3C=CC12,0.69319785
OC1CC2C3NC3C=CC12,0.703069
CC1NC2C3NC3C=CC12,0.7416922
CC1OC2C3NC3C=CC12,0.90895593
CN1CC2C3NC3C=CC12,0.59858596
CC1CC2C3OC3C=CC12,0.9665949
NC1CC2C3OC3C=CC12,1.0233784
OC1CC2C3OC3C=CC12,1.0223681
CC1NC2C3OC3C=CC12,0.97525513
CC1OC2C3OC3C=CC12,1.0860267
CN1CC2C3OC3C=CC12,0.9746926
CC1CC2C1C=CC3CN23,0.6917232
NC1CC2C1C=CC3CN23,0.52084374
OC1CC2C1C=CC3CN23,0.62367517
CN1CC2C1C=CC3CN23,0.43054244
O=C1CC2C3CC3C=CC12,0.9779636
O=C1NC2C3CC3C=CC12,1.2298648
O=C1OC2C3CC3C=CC12,1.0618339
O=C1CC2C3CC3C=CN12,0.7938163
O=C1CN2C3CC3C=CC12,0.9918083
O=C1CC2C3NC3C=CC12,0.7997541
O=C1NC2C3NC3C=CC12,0.9318327
O=C1OC2C3NC3C=CC12,1.3754764
O=C1CC2C3NC3C=CN12,0.6331577
O=C1CC2C3OC3C=CC12,1.1359797
O=C1NC2C3OC3C=CC12,1.4488825
O=C1OC2C3OC3C=CC12,1.4639245
O=C1CC2C3OC3C=CN12,0.84524274
O=C1CC2C1C=CC3CN23,0.77043307
C1C=CC2C3CC3C4CC124,0.5330015
C1C2C1C3C=COC34CC24,0.8828691
C1C=CC2C3NC3C4CC124,0.63540024
C1C2C3NC3C4C=COC124,0.65846944
C1C=CC2C3OC3C4CC124,0.7524886
C1C2C3OC3C4C=COC124,0.8422699
C1C2C1C3C=CCC34NC24,0.7423466
C1C=CC2C3NC3C4NC124,0.6024131
C1C=CC2C3OC3C4NC124,0.75904524
C1C2C1C3C=CCC34OC24,0.678648
C1C=CC2C3NC3C4OC124,0.7373313
C1C=CC2C3OC3C4OC124,0.8446677
C1C=CC2N3CC3C4CC124,0.28904396
C1C2C3CC34OC=CC4N12,0.9822429
C1C=CC2N3CC3C4NC124,0.49284056
C1C=CC2N3CC3C4OC124,0.5860414
C1C=CC2C3CN3C4CC124,0.4686318
C1C2C3C=COC34CC4N12,0.61763954
C1C2C1N3CC34CC=CC24,0.81173813
C1C=CC23CC2C4CC4C13,0.42938104
C1C2C1C3OC=CC34CC24,0.87977517
C1C=CC23CC2C4CC4N13,0.57025206
C1C=CC23CC2C4NC4C13,0.4477863
C1C2C3NC3C4OC=CC124,0.9151578
C1C=CC23CC2C4OC4C13,0.5747518
C1C2C3OC3C4OC=CC124,1.0440785
C1C=CC23NC2C4CC4C13,0.5191666
C1C2C1C3OC=CC34NC24,0.74903685
C1C=CC23NC2C4NC4C13,0.4548073
N1C2C1C3OC=CC34NC24,1.1035445
C1C=CC23NC2C4OC4C13,0.75366104
N1C2C3OC3C4OC=CC124,1.099285
C1C=CC23OC2C4CC4C13,0.6747032
C1C2C1C3OC34C=COC24,0.72599214
C1C=CC23OC2C4NC4C13,0.679427
N1C2C1C3OC34C=COC24,0.7825528
C1C=CC23OC2C4OC4C13,0.96271044
O1C=CC23OC2C4OC4C13,1.0102386
C1C=CC23CC2C4CN4C13,0.5297338
C1C=CC23NC2C4CN4C13,0.501942
C1C=CC23OC2C4CN4C13,0.7128563
C1C=CC23CC2N4CC4C13,0.45875666
C1C2C3OC=CC34CC4N12,0.6871131
C1C=CC23CN2C4CC4C13,0.45247224
C1C2C1N3CC34C=COC24,0.80558556
C1CC23CC2C4CC4C3=C1,0.6827708
C1OC=C2C3CC3C4CC124,0.71080637
C1NC23CC2C4CC4C3=C1,0.3918189
C1OC23CC2C4CC4C3=C1,0.58668226
C1CC23CC2C4NC4C3=C1,0.57898355
C1OC=C2C3NC3C4CC124,0.5777377
C1NC23CC2C4NC4C3=C1,0.4050646
C1OC23CC2C4NC4C3=C1,0.68224955
C1CC23CC2C4OC4C3=C1,0.7558139
C1OC=C2C3OC3C4CC124,0.85420823
C1NC23CC2C4OC4C3=C1,0.66960615
C1OC23CC2C4OC4C3=C1,1.0541477
C1CC23NC2C4CC4C3=C1,0.4704179
C1OC=C2C3CC3C4NC124,0.8687608
C1CC23NC2C4NC4C3=C1,0.47036192
C1OC=C2C3NC3C4NC124,0.88810354
C1CC23NC2C4OC4C3=C1,0.6969191
C1OC=C2C3OC3C4NC124,1.0702554
C1CC23OC2C4CC4C3=C1,0.8261155
C1OC=C2C3CC3C4OC124,0.7687691
C1CC23OC2C4NC4C3=C1,0.78033507
C1OC=C2C3NC3C4OC124,0.7948731
C1CC23OC2C4OC4C3=C1,1.176709
C1OC=C2C3OC3C4OC124,0.97920454
C1CC23CC2N4CC4C3=C1,0.55931836
C1OC=C2C3CN3C4CC124,0.5281561
C1NC23CC2N4CC4C3=C1,0.44844916
C1OC23CC2N4CC4C3=C1,0.71776116
C1CC23CN2C4CC4C3=C1,0.47586203
C1C2C1C3=COCC34CN24,0.38907787
C1C2C1C3=CC=CC34CC24,1.2237332
C1C2C3NC3C4=CC=CC124,0.84494907
C1C2C3OC3C4=CC=CC124,1.26935
C1C2C1C3=CC=CC34NC24,1.0292357
N1C2C1C3=CC=CC34NC24,1.33637
N1C2C3OC3C4=CC=CC124,1.207374
C1C2C1C3=CC=CC34OC24,1.4038454
N1C2C1C3=CC=CC34OC24,1.349657
O1C2C1C3=CC=CC34OC24,1.3307699
C1C2N1C3CC34C=CC=C24,1.0221492
C1C2C1C3=CC=CC34CN24,0.9238078
C=C1C2CCC3CC2CC13,0.86216027
C=C1C2CNC3CC2CC13,0.659159
C=C1C2COC3CC2CC13,0.7980342
C=C1C2CC3CC2CNC13,0.64692533
C=C1C2CC3CC2COC13,0.48642525
C=C1C2CCC3NC2CC13,0.5797814
C=C1C2CC3NC2CNC13,0.5092529
C=C1C2CC3NC2COC13,0.44177696
C=C1C2CCC3OC2CC13,0.90526044
C=C1C2COC3OC2CC13,1.0299047
C=C1C2CC3OC2CNC13,0.38654342
C=C1C2CC3OC2COC13,0.50365967
C=C1C2CCC3CC2NC13,0.7772964
C=C1C2CNC3CC2NC13,0.6182362
C=C1C2COC3CC2NC13,0.6609216
C=C1C2NCC3CC2NC13,0.5902097
C=C1C2NC3CC2COC13,0.48285353
C=C1C2CCC3CC2OC13,0.70456123
C=C1C2CNC3CC2OC13,0.51277286
C=C1C2COC3CC2OC13,0.5582045
C=C1C2NCC3CC2OC13,0.56360775
C=C1C2OCC3CC2OC13,0.6361961
C=C1C2CCC3OC2OC13,0.6904023
C=C1C2COC3OC2OC13,0.7013258
C=C1C2NCC3OC2OC13,0.73759174
C=C1C2OCC3OC2OC13,0.76829755
C=C1C2CCN3CC2CC13,0.5257542
C=C1C2CN3CC2CCC13,0.7008279
C=C1C2CN3CC2NCC13,0.6444819
C=C1C2CN3CC2OCC13,0.6901417
CC1C2CC3CC2C=CC13,0.8451761
NC1C2CC3CC2C=CC13,0.865694
OC1C2CC3CC2C=CC13,0.7183682
CC1C2CC3NC2C=CC13,0.6072646
NC1C2CC3NC2C=CC13,0.7259365
OC1C2CC3NC2C=CC13,0.7117019
CC1C2CC3OC2C=CC13,0.9499638
NC1C2CC3OC2C=CC13,0.85593903
OC1C2CC3OC2C=CC13,0.8791524
CC1C2NC3CC2C=CC13,0.8328833
NC1C2NC3CC2C=CC13,0.8607825
OC1C2NC3CC2C=CC13,0.88842875
CC1C2OC3CC2C=CC13,0.8668468
NC1C2OC3CC2C=CC13,1.1164186
OC1C2OC3CC2C=CC13,1.0667235
CC1C2OC3OC2C=CC13,0.85642993
NC1C2OC3OC2C=CC13,0.9985287
OC1C2OC3OC2C=CC13,1.1257648
CN1C2CC3CC2C=CC13,0.82977957
CN1C2CC3NC2C=CC13,0.615292
CN1C2CC3OC2C=CC13,0.7500161
CC1C2CN3CC2C=CC13,0.78930783
NC1C2CN3CC2C=CC13,0.7930503
OC1C2CN3CC2C=CC13,0.82480687
CC1C2C=CC3CC2CN13,0.6528967
C=C1C2CC3CC2C=CC13,0.8522653
O=C1C2CC3CC2C=CC13,1.0350972
C=C1C2CC3NC2C=CC13,0.7130768
O=C1C2CC3NC2C=CC13,0.90188086
C=C1C2CC3OC2C=CC13,0.9300959
O=C1C2CC3OC2C=CC13,1.3060364
C=C1C2NC3CC2C=CC13,0.9154898
O=C1C2NC3CC2C=CC13,1.139525
C=C1C2OC3CC2C=CC13,1.1288549
O=C1C2OC3CC2C=CC13,1.1317278
C=C1C2OC3OC2C=CC13,1.0657243
O=C1C2OC3OC2C=CC13,1.2804848
C=C1C2CN3CC2C=CC13,0.8980114
O=C1C2CN3CC2C=CC13,1.0858153
C1CC2C=CC3CC2CC13,0.84443253
C1NC2C=CC3CC2CC13,0.73260367
C1OC2C=CC3CC2CC13,0.9105909
C1NC2CC3CC2C=CC13,0.85443455
C1OC2CC3CC2C=CC13,0.8515429
C1CC2C=CC3NC2CC13,0.63509524
C1NC2C=CC3NC2CC13,0.7121513
C1OC2C=CC3NC2CC13,0.90110296
C1NC2CC3NC2C=CC13,0.7083405
C1OC2CC3NC2C=CC13,0.7276475
C1CC2C=CC3OC2CC13,0.8592213
C1NC2C=CC3OC2CC13,0.8606777
C1OC2C=CC3OC2CC13,0.9935607
C1NC2CC3OC2C=CC13,0.8282516
C1OC2CC3OC2C=CC13,0.9105685
C1CC2C=CC3CC2NC13,0.7268187
C1NC2C=CC3CC2NC13,0.6214283
C1OC2C=CC3CC2NC13,0.8644883
C1CC2C=CC3CC2OC13,0.5952511
C1NC2C=CC3CC2OC13,0.6421128
C1OC2C=CC3CC2OC13,0.63277805
C1OC2OC3CC2C=CC13,1.2068053
C1CC2C=CC3OC2OC13,0.83124775
C1NC2C=CC3OC2OC13,0.7895324
C1OC2C=CC3OC2OC13,0.7923781
C1OC2OC3OC2C=CC13,1.1509436
C1CN2CC3CC2C=CC13,0.7573556
C1CC2C=CC3CN2CC13,0.64646804
C1NC2CN3CC2C=CC13,0.6516603
C1OC2CN3CC2C=CC13,0.9344766
C1C2CC3C=CC2C=CC13,0.8933438
C1C2NC3C=CC2C=CC13,0.8927491
C1C2OC3C=CC2C=CC13,1.0363737
O1C2OC3C=CC2C=CC13,1.2662601
C1C2C=CC3C=CC2CN13,0.6343814
CC1C2CC3C1C3C2C=C,0.5849726
NC1C2CC3C1C3C2C=C,0.70849586
OC1C2CC3C1C3C2C=C,0.7755547
CC1C2NC3C1C3C2C=C,0.6247764
NC1C2NC3C1C3C2C=C,0.88956547
OC1C2NC3C1C3C2C=C,0.90473044
CC1C2OC3C1C3C2C=C,0.85345364
NC1C2OC3C1C3C2C=C,0.99319404
OC1C2OC3C1C3C2C=C,1.2106534
CN1C2CC3C(C2C=C)C13,0.6559255
CC1C2C3CN1C(C=C)C23,0.9024951
CC1C2CN3C1C3C2C=C,0.6088474
NC1C2CN3C1C3C2C=C,0.8122668
OC1C2CN3C1C3C2C=C,0.87815684
CC1C2CC3C(C2C=C)N13,0.6972307
CC1C2CC3C1N3C2C=C,0.6590446
NC1C2CC3C1N3C2C=C,0.77608156
OC1C2CC3C1N3C2C=C,0.84018266
CCC1C2C3CC1C(=C)C23,0.73773426
NCC1C2C3CC1C(=C)C23,0.6476871
OCC1C2C3CC1C(=C)C23,0.7168104
CNC1C2CC3C1C3C2=C,0.54703933
COC1C2CC3C1C3C2=C,0.69106454
CCC1C2NC3C1C3C2=C,0.5813887
NCC1C2NC3C1C3C2=C,0.709108
OCC1C2NC3C1C3C2=C,0.62643087
CNC1C2C3NC1C(=C)C23,0.6582912
COC1C2NC3C1C3C2=C,0.57694185
CCC1C2OC3C1C3C2=C,0.861854
NCC1C2OC3C1C3C2=C,0.66830945
OCC1C2OC3C1C3C2=C,0.77294576
CNC1C2OC3C1C3C2=C,0.6235199
COC1C2C3OC1C(=C)C23,0.99173963
CCN1C2C3CC1C(=C)C23,0.6605326
CCC1C2CN3C1C3C2=C,0.60841966
NCC1C2CN3C1C3C2=C,0.75223434
OCC1C2CN3C1C3C2=C,0.6907927
CNC1C2CN3C1C3C2=C,0.6812363
COC1C2CN3C1C3C2=C,0.6587008
CCC1C2CC3C(N13)C2=C,0.67023593
NCC1C2CC3C(N13)C2=C,0.66639596
OCC1C2CC3C(N13)C2=C,0.72259843
C=CC1C2CC3C1C3C2=C,0.67612946
C=C1C2CC3C(C2C=O)C13,1.3347378
C=C1C2CC3C(C2C#N)C13,1.5336212
C=CC1C2CC3C1C3C2=O,0.7625368
C=CC1C2NC3C1C3C2=C,0.6081094
C=C1C2NC3C(C2C=O)C13,1.1732897
C=C1C2NC3C(C2C#N)C13,1.5852945
C=CC1C2NC3C1C3C2=O,0.99357915
C=CC1C2OC3C1C3C2=C,0.86374176
C=C1C2OC3C(C2C=O)C13,1.7955494
C=C1C2OC3C(C2C#N)C13,2.026138
C=CC1C2OC3C1C3C2=O,1.3576168
C=C1C2CC3C(C13)N2C=N,0.8759512
C=C1C2CC3C(C13)N2C=O,0.9713831
C=NN1C2CC3C1C3C2=C,0.9434149
C=CC1C2CN3C1C3C2=C,0.67667097
C=C1C2CN3C(C2C=O)C13,1.1964903
C=C1C2CN3C(C2C#N)C13,1.1480794
C=CC1C2CN3C1C3C2=O,1.0667297
C=CC1C2CC3C(N13)C2=C,0.74789757
C=C1C2CC3C1N3C2C=O,1.476761
C=C1C2CC3C1N3C2C#N,1.2928754
C=CC1C2CC3C(N13)C2=O,1.0448471
C=C1C2CC3C(C2C#C)C13,1.0535111
C=C1C2NC3C(C2C#C)C13,1.0329354
C=C1C2OC3C(C2C#C)C13,1.4204863
C=C1C2CN3C(C2C#C)C13,1.0538679
C=C1C2CC3C1N3C2C#C,1.0450114
CC=C1C2CC3C(C2C)C13,0.67846787
CC=C1C2CC3C(C2N)C13,0.34055734
CC=C1C2CC3C(C2O)C13,0.582644
CC=C1C2NC3C(C2C)C13,0.6671797
CC=C1C2NC3C(C2N)C13,0.46501678
CC=C1C2NC3C(C2O)C13,0.78269094
CC=C1C2OC3C(C2C)C13,0.6679095
CC=C1C2OC3C(C2N)C13,0.7102276
CC=C1C2OC3C(C2O)C13,0.8231666
CC=C1C2CC3C(C13)N2C,0.3958316
CC=C1C2CN3C(C2C)C13,0.62125576
CC=C1C2CN3C(C2N)C13,0.5205457
CC=C1C2CN3C(C2O)C13,0.7816769
CC=C1C2CC3C1N3C2C,0.40411547
CC=C1C2CC3C(C13)C2=C,0.6827398
CC=C1C2CC3C(C13)C2=O,0.9358801
NN=C1C2CC3C(C13)C2=C,0.8455099
ON=C1C2CC3C(C13)C2=C,0.93806434
CC=C1C2NC3C(C13)C2=C,0.7262207
CC=C1C2NC3C(C13)C2=O,1.0366074
NN=C1C2NC3C(C13)C2=C,0.9842092
ON=C1C2NC3C(C13)C2=C,1.1097044
CC=C1C2OC3C(C13)C2=C,0.85369605
CC=C1C2OC3C(C13)C2=O,1.2632536
NN=C1C2OC3C(C13)C2=C,1.0460347
ON=C1C2OC3C(C13)C2=C,1.0822774
CC=C1C2CN3C(C13)C2=C,0.69650495
CC=C1C2CN3C(C13)C2=O,1.2481776
NN=C1C2CN3C(C13)C2=C,1.0259672
ON=C1C2CN3C(C13)C2=C,1.1349152
C=CC1C2CCC3C2CC13,0.67923725
C=CC1C2CC3C2CNC13,0.48785168
C=CC1C2CC3C2COC13,0.47103673
C=CC1C2CNC3C2CC13,0.3243015
C=CC1C2COC3C2CC13,0.5247936
C=CC1C2CCC3C2NC13,0.6300257
C=CC1C2NCC3C2NC13,0.42204574
C=CC1C2NC3C2COC13,0.5074624
C=CC1C2CNC3C2NC13,0.4180534
C=CC1C2COC3C2NC13,0.559411
C=CC1C2CCC3C2OC13,0.42027795
C=CC1C2NCC3C2OC13,0.38439146
C=CC1C2OCC3C2OC13,0.36657205
C=CC1C2CNC3C2OC13,0.4088607
C=CC1C2COC3C2OC13,0.50111604
C=CC1C2CC3C2CCN13,0.40204486
C=CC1C2CCC3C2CN13,0.4236859
C=CC1C2NCC3C2CN13,0.45738623
C=CC1C2OCC3C2CN13,0.39308113
C=CC1C2CCN3C2CC13,0.4582768
C=CC1C2CN3C2CCC13,0.43499687
CC=C1C2CCC3C2CC13,0.7186585
CC=C1C2CC3C2CNC13,0.40666062
CC=C1C2CC3C2COC13,0.37503213
CC=C1C2CNC3C2CC13,0.41386533
CC=C1C2COC3C2CC13,0.57102734
CC=C1C2CCC3C2NC13,0.51693016
CC=C1C2NCC3C2NC13,0.32535437
CC=C1C2NC3C2COC13,0.463485
CC=C1C2CNC3C2NC13,0.35236168
CC=C1C2COC3C2NC13,0.5439598
CC=C1C2CCC3C2OC13,0.43116292
CC=C1C2NCC3C2OC13,0.33103335
CC=C1C2OCC3C2OC13,0.36391428
CC=C1C2CNC3C2OC13,0.37293047
CC=C1C2COC3C2OC13,0.54443777
CC=C1C2CCN3C2CC13,0.5505264
CC=C1C2CN3C2CCC13,0.4709009
CCC1C2CC3C1C=CC23,0.8738158
NCC1C2CC3C1C=CC23,0.7074465
OCC1C2CC3C1C=CC23,0.7633311
CNC1C2CC3C2C=CC13,0.67294115
COC1C2CC3C2C=CC13,0.69376755
CCC1C2NC3C1C=CC23,0.7378015
NCC1C2NC3C1C=CC23,0.78453803
OCC1C2NC3C1C=CC23,0.7797844
CNC1C2NC3C1C=CC23,0.58572614
COC1C2NC3C2C=CC13,0.5234253
CCC1C2OC3C1C=CC23,0.9308354
NCC1C2OC3C1C=CC23,0.9841738
OCC1C2OC3C1C=CC23,0.9644138
CNC1C2OC3C1C=CC23,0.75632125
COC1C2OC3C1C=CC23,0.8932269
CCN1C2CC3C2C=CC13,0.64816976
CCC1C2C=CC3C2CN13,0.65728396
NCC1C2C=CC3C2CN13,0.62918776
OCC1C2C=CC3C2CN13,0.6754477
CCC1C2CN3C1C=CC23,0.92307305
NCC1C2CN3C1C=CC23,0.9788525
OCC1C2CN3C1C=CC23,0.90948075
CNC1C2CN3C2C=CC13,0.67145264
COC1C2CN3C2C=CC13,0.6213258
C=CC1C2CC3C2C=CC13,0.6660865
O=CC1C2CC3C2C=CC13,0.8329682
N#CC1C2CC3C2C=CC13,0.96860504
C=CC1C2NC3C2C=CC13,0.67605734
O=CC1C2NC3C2C=CC13,0.8276775
N#CC1C2NC3C2C=CC13,1.014878
C=CC1C2OC3C2C=CC13,0.9602252
O=CC1C2OC3C2C=CC13,1.006441
N#CC1C2OC3C2C=CC13,1.2580898
N=CN1C2CC3C2C=CC13,0.77205604
O=CN1C2CC3C2C=CC13,0.9592389
C=NN1C2CC3C2C=CC13,0.9080411
C=CC1C2C=CC3C2CN13,0.7035305
O=CC1C2C=CC3C2CN13,1.0110289
N#CC1C2C=CC3C2CN13,1.5136327
C=CC1C2CN3C2C=CC13,0.63615006
O=CC1C2CN3C2C=CC13,0.853207
N#CC1C2CN3C2C=CC13,1.0411853
C#CC1C2CC3C2C=CC13,0.9788004
C#CC1C2NC3C2C=CC13,0.8883501
C#CC1C2OC3C2C=CC13,1.0685318
C#CC1C2C=CC3C2CN13,1.0582901
C#CC1C2CN3C2C=CC13,0.94871163
CC=C1C2CC3C2C=CC13,0.7044778
NN=C1C2CC3C2C=CC13,1.0078815
ON=C1C2CC3C2C=CC13,1.1431562
CC=C1C2NC3C2C=CC13,0.5685413
NN=C1C2NC3C2C=CC13,1.1007438
ON=C1C2NC3C2C=CC13,1.2355584
CC=C1C2OC3C2C=CC13,0.8148732
NN=C1C2OC3C2C=CC13,1.2259785
ON=C1C2OC3C2C=CC13,1.4031187
CC=C1C2CN3C2C=CC13,0.6630323
NN=C1C2CN3C2C=CC13,1.0629668
ON=C1C2CN3C2C=CC13,1.2044382
CC1C2CC3CC2C(=C)C13,0.6881714
NC1C2CC3CC2C(=C)C13,0.7271792
OC1C2CC3CC2C(=C)C13,0.58914614
CC1C2CC3NC2C(=C)C13,0.48042065
NC1C2CC3NC2C(=C)C13,0.71647644
OC1C2CC3NC2C(=C)C13,0.7081036
CC1C2CC3OC2C(=C)C13,0.8112916
NC1C2CC3OC2C(=C)C13,1.0337969
OC1C2CC3OC2C(=C)C13,0.89781296
CC1C2NC3CC2C(=C)C13,0.5931826
NC1C2NC3CC2C(=C)C13,0.7707496
OC1C2NC3CC2C(=C)C13,0.8380012
CC1C2OC3CC2C(=C)C13,0.6859014
NC1C2OC3CC2C(=C)C13,0.96456635
OC1C2OC3CC2C(=C)C13,0.92722166
CC1C2OC3OC2C(=C)C13,0.9042803
NC1C2OC3OC2C(=C)C13,0.9303591
OC1C2OC3OC2C(=C)C13,1.0320282
CN1C2CC3CC2C(=C)C13,0.51346207
CN1C2CC3NC2C(=C)C13,0.6212822
CN1C2CC3OC2C(=C)C13,0.7302746
CC1C2CN3CC2C(=C)C13,0.6577765
NC1C2CN3CC2C(=C)C13,0.66182256
OC1C2CN3CC2C(=C)C13,0.823539
CC1C2C3CC(N1C3)C2=C,0.64667636
C=C1C2CC3CC2C(=C)C13,0.683249
C=C1C2CC3CC2C(=O)C13,1.0973591
C=C1C2CC3NC2C(=C)C13,0.7280733
C=C1C2CC3NC2C(=O)C13,1.0017716
C=C1C2NC3CC2C(=O)C13,0.9476314
C=C1C2CC3OC2C(=C)C13,0.9580153
C=C1C2CC3OC2C(=O)C13,1.2351902
C=C1C2OC3CC2C(=O)C13,1.2976555
C=C1C2OC3OC2C(=C)C13,1.0943516
C=C1C2OC3OC2C(=O)C13,1.2983997
C=C1C2CN3CC2C(=C)C13,0.89415145
C=C1C2CN3CC2C(=O)C13,1.2418318
CC1C2C3CCC2C(=C)C13,0.7905212
NC1C2C3CCC2C(=C)C13,0.8056533
OC1C2C3CCC2C(=C)C13,0.78014374
CC1C2C3CNC2C(=C)C13,0.5932969
NC1C2C3CNC2C(=C)C13,0.7793478
OC1C2C3CNC2C(=C)C13,0.8222194
CC1C2C3COC2C(=C)C13,0.9121331
NC1C2C3COC2C(=C)C13,1.0629464
OC1C2C3COC2C(=C)C13,0.9586246
CC1C2C3CNC2C1C3=C,0.663482
NC1C2C3CNC2C1C3=C,0.7521136
OC1C2C3CNC2C1C3=C,0.8274349
CC1C2C3COC2C1C3=C,0.8582445
NC1C2C3COC2C1C3=C,0.8630196
OC1C2C3COC2C1C3=C,0.96093255
CN1C2C3CCC2C(=C)C13,0.68659043
CN1C2C3CNC2C(=C)C13,0.716141
CN1C2C3COC2C(=C)C13,0.8784012
CN1C2C3NCC2C(=C)C13,0.6030195
CN1C2C3OCC2C(=C)C13,0.7012605
CC1C2C3CCN2C1C3=C,0.7284005
NC1C2C3CCN2C1C3=C,0.76441556
OC1C2C3CCN2C1C3=C,0.8135875
CC1C2C3CCC(N13)C2=C,0.6352286
C=C1C2CCC3C2C(=O)C13,0.98501146
C=C1C2NCC3C2C(=O)C13,0.8641841
C=C1C2OCC3C2C(=O)C13,1.2420992
C=C1C2CNC3C2C(=O)C13,1.1221167
C=C1C2COC3C2C(=O)C13,1.366789
C=C1C2CCN3C2C(=O)C13,1.370789
CC1C2C=CC3C1C(C)C23,0.9838796
CC1C2C(N)C3C=CC2C13,0.81351465
CC1C2C(O)C3C=CC2C13,0.9195115
CC1C2C=CC3C1C(N)C23,0.701576
NC1C2C=CC3C1C(N)C23,0.5137756
NC1C2C(O)C3C=CC2C13,0.83370125
CC1C2C=CC3C1C(O)C23,0.7278517
NC1C2C=CC3C1C(O)C23,0.7081228
OC1C2C=CC3C1C(O)C23,0.65607536
CC1C2C3C=CC2N(C)C13,0.5258185
CN1C2C=CC3C2C(N)C13,0.40080583
CN1C2C=CC3C2C(O)C13,0.5356631
CC1C2C=CC3C1N(C)C23,0.71660286
CN1C2C(N)C3C=CC2C13,0.76754546
CN1C2C(O)C3C=CC2C13,0.72447276
CC1C2C=CC3C2C(C)N13,0.81734866
CC1C2C=CC3C1C(C)N23,0.728339
CC1C2C(N)C3C=CC2N13,0.84590685
CC1C2C(O)C3C=CC2N13,0.85282135
CC1C2C3C=CC2C(=C)C13,0.930792
CC1C2C3C=CC2C(=O)C13,1.238977
NC1C2C3C=CC2C(=C)C13,0.9547698
OC1C2C3C=CC2C(=C)C13,1.0142382
OC1C2C3C=CC2C(=O)C13,1.4054452
CN1C2C3C=CC2C(=C)C13,0.8400903
CN1C2C3C=CC2C(=O)C13,1.3309083
CC1C2C3C=CC(N13)C2=C,1.094217
CC1C2C3C=CC(N13)C2=O,1.5077949
CC1C2C=CC3C1C(=O)C23,0.9874872
OC1C2C=CC3C1C(=O)C23,0.9694044
CN1C2C=CC3C2C(=O)C13,0.85194707
C=C1C2C=CC3C2C(=O)C13,1.210608
O=C1C2C=CC3C2C(=O)C13,1.1553122
C=CC1C2CC3CC3C1C2,0.69123745
C=CC1C2CC1C3CC3N2,0.4636023
C=CC1C2CC1C3CC3O2,0.689133
C=CC1C2CC3CC3C1N2,0.51525664
C=CC1C2CC3CC3C1O2,0.6545613
C=CC1C2CN1CC3CC23,0.35064623
C=CC1C2CC3CC3N1C2,0.47501624
C=CC1C2CN1C3CC3N2,0.30081415
C=CC1C2CN1C3CC3O2,0.771246
C=CC1C2CC3NC3C1C2,0.3350935
C=CC1C2CC3NC3C1N2,0.49264488
C=CC1C2CC3NC3C1O2,0.739943
C=CC1C2CN1CC3NC23,0.7237228
C=CC1C2CC3OC3C1C2,0.73235387
C=CC1C2CC3OC3C1N2,0.7473663
C=CC1C2CC3OC3C1O2,0.7615025
C=CC1C2CN1CC3OC23,0.6406683
C=CC1C2CC1C3CN3C2,0.43624082
C=CC1C2CN3CC3C1N2,0.318365
C=CC1C2CN3CC3C1O2,0.67593443
C=CC1C2CC3CN3C1C2,0.5255702
C=CC1C2CN1CC3CN23,0.51740927
C1CC1C2CC3CC3C=C2,0.95665044
C1CC1C2NC3CC3C=C2,0.79912263
C1CC1C2OC3CC3C=C2,0.71947515
C1NC1C2CC3CC3C=C2,0.878353
C1NC1C2NC3CC3C=C2,0.7061809
C1NC1C2OC3CC3C=C2,0.7477541
C1OC1C2CC3CC3C=C2,0.781918
C1OC1C2NC3CC3C=C2,0.97001344
C1OC1C2OC3CC3C=C2,0.900553
C1CC1C2CC3NC3C=C2,0.8166284
C1NC1C2CC3NC3C=C2,0.85560846
C1OC1C2CC3NC3C=C2,0.83049417
C1CC1C2CC3OC3C=C2,0.9699203
C1NC1C2CC3OC3C=C2,1.1254152
C1OC1C2CC3OC3C=C2,1.0397398
C1CN1C2CC3CC3C=C2,1.099967
C1CN1C2CC3NC3C=C2,0.66771424
C1CN1C2CC3OC3C=C2,1.1202089
C1CC1C2CN3CC3C=C2,0.630876
C1NC1C2CN3CC3C=C2,0.76378876
C1OC1C2CN3CC3C=C2,0.8625626
C1CN1C2CN3CC3C=C2,0.66618294
C1CC1C2=CCC3CC3C2,0.56275433
C1CC1C2=COC3CC3C2,0.81142014
C1CC1C2=CCC3CC3O2,0.6588283
C1CC1C2=COC3CC3O2,0.8107416
C1NC1C2=CCC3CC3C2,0.6676656
C1NC1C2=COC3CC3C2,0.8360896
C1NC1C2=CCC3CC3O2,0.805737
C1NC1C2=COC3CC3O2,0.9702133
C1OC1C2=CCC3CC3C2,0.9491255
C1OC1C2=COC3CC3C2,0.89569104
C1OC1C2=CCC3CC3O2,1.0416907
C1OC1C2=COC3CC3O2,1.3289641
C1CC1C2=CCC3NC3C2,0.5453609
C1NC1C2=CCC3NC3C2,0.6535092
C1OC1C2=CCC3NC3C2,0.9068755
C1CC1C2=CCC3OC3C2,0.78205246
C1NC1C2=CCC3OC3C2,0.8469951
C1OC1C2=CCC3OC3C2,1.1165565
C1CC1C2=CCN3CC3C2,0.60997224
C1NC1C2=CCN3CC3C2,0.7553283
C1OC1C2=CCN3CC3C2,0.91456276
C1CC1C2=CCC3CN3C2,0.61951435
C1NC1C2=CCC3CN3C2,0.90177613
C1OC1C2=CCC3CN3C2,1.2015984
C1CC1C2=CC3CC3CC2,0.6616833
C1CC1C2=CC3CC3CO2,0.72927886
C1CC1C2=CC3CC3NC2,0.5886359
C1CC1C2=CC3CC3OC2,0.56835926
C1CC(=CC2CC12)C3CN3,0.67022836
C1NC1C2=CC3CC3CO2,0.5783503
C1NC1C2=CC3CC3NC2,0.66499203
C1NC1C2=CC3CC3OC2,0.6358208
C1CC(=CC2CC12)C3CO3,0.82663316
C1OC1C2=CC3CC3CO2,0.9528599
C1NC2CC2C=C1C3CO3,0.9180555
C1OC1C2=CC3CC3OC2,0.9450323
C1CC1C2=CC3NC3CC2,0.55096257
C1CC1C2=CC3NC3CO2,0.6519017
C1CC(=CC2NC12)C3CN3,0.69453126
C1NC1C2=CC3NC3CO2,0.76241064
C1CC(=CC2NC12)C3CO3,0.7360038
C1OC1C2=CC3NC3CO2,0.8626854
C1CC1C2=CC3OC3CC2,1.076173
C1CC1C2=CC3OC3CO2,0.68083173
C1CC(=CC2OC12)C3CN3,0.81017286
C1NC1C2=CC3OC3CO2,0.7876414
C1CC(=CC2OC12)C3CO3,0.8685711
C1OC1C2=CC3OC3CO2,1.0879818
C1CC1C2=CC3CN3CC2,0.7532769
C1NC1C2=CC3CN3CC2,0.88423365
C1OC1C2=CC3CN3CC2,1.2540194
C1CC1C2=CC3CC3C=C2,0.82861215
C1NC1C2=CC3CC3C=C2,0.92370033
C1OC1C2=CC3CC3C=C2,1.1941646
C1CC1C2=CC3NC3C=C2,0.9085836
C1NC1C2=CC3NC3C=C2,0.877253
C1OC1C2=CC3NC3C=C2,1.0941311
C1CC1C2=CC3OC3C=C2,1.1581417
C1NC1C2=CC3OC3C=C2,1.2980398
C1OC1C2=CC3OC3C=C2,1.6064473
C1CN1C2=NC3CC3C=C2,0.82495534
C1CC1C2=CC3CN3N=C2,1.1899577
C1NC1C2=CC3CN3N=C2,1.1625772
C1OC1C2=CC3CN3N=C2,1.6542338
C1CC1C2=NN3CC3C=C2,1.0012331
C1NC1C2=NN3CC3C=C2,0.99297225
C1OC1C2=NN3CC3C=C2,1.2391335
C1CN1C2=NN3CC3C=C2,0.9540847
C=CC1C2CC3CC3CC12,0.59254205
C=CC1C2CC3CC3NC12,0.51273173
C=CC1C2CC3CC3OC12,0.5975566
C=CC1C2NC3CC3NC12,0.41738817
C=CC1C2NC3CC3OC12,0.62850827
C=CC1C2OC3CC3OC12,0.8974933
C=CC1C2CC3NC3CC12,0.42092484
C=CC1C2CC3OC3CC12,0.8018992
C=CC1C2CC3CN3CC12,0.49170396
C=CC1C2CC3CC3CN12,0.5772802
C=CC1C2CC3NC3CN12,0.52808225
C=CC1C2CC3OC3CN12,0.90511435
C=CC1C2CN3CC3CN12,0.41631052
C1CC12C3CC4C(C=C3)C24,0.9742748
C1CC12C3NC4C(C=C3)C24,0.63212717
C1CC12C3OC4C(C=C3)C24,1.0922838
C1NC12C3CC4C(C=C3)C24,1.0441417
C1NC12C3NC4C(C=C3)C24,0.95283145
C1NC12C3OC4C(C=C3)C24,1.270257
C1OC12C3CC4C(C=C3)C24,1.5724072
C1OC12C3NC4C(C=C3)C24,1.3949372
C1OC12C3OC4C(C=C3)C24,1.801891
C1CC12C3CN4C(C=C3)C24,1.2085854
C1NC12C3CN4C(C=C3)C24,1.2120914
C1OC12C3CN4C(C=C3)C24,1.3866489
C1CC12C3CC4C(C=C3)N24,1.1237363
C=C1C2CCC3CC(C2)C13,0.84829175
C=C1C2CC3CC(CN2)C13,0.81257415
C=C1C2CC3CC(CO2)C13,0.83226526
C=C1C2CNC3CC(C2)C13,0.5828424
C=C1C2COC3CC(C2)C13,0.6977624
C=C1C2CCC3CC(N2)C13,0.58908695
C=C1C2CNC3CC(N2)C13,0.4558287
C=C1C2COC3CC(N2)C13,0.6443197
C=C1C2CCC3CC(O2)C13,0.56309557
C=C1C2OCC3CC(O2)C13,0.71319455
C=C1C2CNC3CC(O2)C13,0.62922883
C=C1C2COC3CC(O2)C13,0.7746017
C=C1C2CCC3NC(C2)C13,0.49860185
C=C1C2CC3NC(CN2)C13,0.5679383
C=C1C2CC3NC(CO2)C13,0.89431214
C=C1C2CCC3OC(C2)C13,0.72236115
C=C1C2CC3OC(CN2)C13,0.6875748
C=C1C2CC3OC(CO2)C13,0.96542645
C=C1C2CCN3CC(C2)C13,0.47878575
C=C1C2CCN3CC(N2)C13,0.37268165
C=C1C2CCN3CC(O2)C13,0.5387936
C=C1C2CCC3CN(C2)C13,0.6188968
C=C1C2CN3CC(CN2)C13,0.4723915
C=C1C2CN3CC(CO2)C13,0.8592995
C=C1C2CNC3CN(C2)C13,0.5295477
C=C1C2COC3CN(C2)C13,0.68423057
CC1C2CC3CC(C=C2)C13,0.8487902
NC1C2CC3CC(C=C2)C13,0.8500288
OC1C2CC3CC(C=C2)C13,0.7830064
CC1C2NC3CC(C=C2)C13,0.7502991
NC1C2NC3CC(C=C2)C13,0.7912346
OC1C2NC3CC(C=C2)C13,1.025066
CC1C2OC3CC(C=C2)C13,0.68723935
NC1C2OC3CC(C=C2)C13,1.1979463
OC1C2OC3CC(C=C2)C13,1.126269
CC1C2CC3NC(C=C2)C13,0.69071454
NC1C2CC3NC(C=C2)C13,0.7186316
OC1C2CC3NC(C=C2)C13,0.8603513
CC1C2CC3OC(C=C2)C13,0.9180527
NC1C2CC3OC(C=C2)C13,1.2691778
OC1C2CC3OC(C=C2)C13,0.9485138
CN1C2CC3CC(C=C2)C13,0.81411827
CN1C2CC3NC(C=C2)C13,0.59061605
CN1C2CC3OC(C=C2)C13,1.0745622
CC1C2CN3CC(C=C2)C13,0.7404468
NC1C2CN3CC(C=C2)C13,0.6830988
OC1C2CN3CC(C=C2)C13,0.8889943
CC1C2CC3CC(C=C2)N13,0.68992376
C=C1C2CC3CC(C=C2)C13,0.86116195
O=C1C2CC3CC(C=C2)C13,1.0008291
C=C1C2NC3CC(C=C2)C13,1.183257
O=C1C2NC3CC(C=C2)C13,1.0784601
C=C1C2OC3CC(C=C2)C13,1.1299306
O=C1C2OC3CC(C=C2)C13,1.2179323
C=C1C2CC3NC(C=C2)C13,0.9999256
O=C1C2CC3NC(C=C2)C13,1.0549297
C=C1C2CC3OC(C=C2)C13,1.1261979
O=C1C2CC3OC(C=C2)C13,1.3683066
C=C1C2CN3CC(C=C2)C13,1.0019139
O=C1C2CN3CC(C=C2)C13,1.1350503
CC1C2CC3C=CCC2C13,0.7624892
NC1C2CC3C=CCC2C13,0.80449015
OC1C2CC3C=CCC2C13,0.5479528
CC1C2CC3C=COC2C13,0.7899072
NC1C2CC3C=COC2C13,0.9303173
OC1C2CC3C=COC2C13,0.78727126
CC1C2NC3C=CCC2C13,0.5314293
NC1C2NC3C=CCC2C13,0.68600804
OC1C2NC3C=CCC2C13,0.5646398
CC1C2NC3C=COC2C13,0.6170677
NC1C2NC3C=COC2C13,0.6782158
OC1C2NC3C=COC2C13,0.8675612
CC1C2OC3C=CCC2C13,0.7808031
NC1C2OC3C=CCC2C13,0.8676632
OC1C2OC3C=CCC2C13,0.98207164
CC1C2OC3C=COC2C13,0.71499157
NC1C2OC3C=COC2C13,0.89562833
OC1C2OC3C=COC2C13,1.1579556
CN1C2CC3C=CCC2C13,0.7672196
CN1C2CC3C=COC2C13,0.8131094
CC1C2CC3C=CCN2C13,0.82604563
NC1C2CC3C=CCN2C13,0.8387421
OC1C2CC3C=CCN2C13,0.67651427
CC1C2C3CN1C2CC=C3,0.795687
CC1C2CC3C=CCC2N13,0.670959
O=C1C2CC3C=CCC2C13,0.8277229
O=C1C2CC3C=COC2C13,1.2303516
O=C1C2NC3C=CCC2C13,1.0280232
O=C1C2NC3C=COC2C13,1.2091731
O=C1C2OC3C=CCC2C13,1.1852964
O=C1C2OC3C=COC2C13,1.3675812
O=C1C2CC3C=CCN2C13,0.9493924
CC1C2CC3CC=CC2C13,0.7968463
NC1C2CC3CC=CC2C13,0.8316647
OC1C2CC3CC=CC2C13,0.5337173
CC1C2CC3OC=CC2C13,0.7383896
NC1C2CC3OC=CC2C13,0.835755
OC1C2CC3OC=CC2C13,0.745916
CC1C2NC3CC=CC2C13,0.6431422
NC1C2NC3CC=CC2C13,0.6142435
OC1C2NC3CC=CC2C13,0.6439278
CC1C2OC3CC=CC2C13,0.760733
NC1C2OC3CC=CC2C13,1.011432
OC1C2OC3CC=CC2C13,0.9963598
CC1C2OC3OC=CC2C13,1.0418596
NC1C2OC3OC=CC2C13,1.1806616
OC1C2OC3OC=CC2C13,1.1808318
CC1C2CN3CC=CC2C13,0.68871313
NC1C2CN3CC=CC2C13,0.639053
OC1C2CN3CC=CC2C13,0.6176498
CN1C2CC3CC=CC2C13,0.77165943
CN1C2CC3OC=CC2C13,0.7077935
CC1C2C3CC=CC2N1C3,0.9516895
CC1C2C3CN1C2C=CO3,0.6738859
CC1C2CC3CC=CC2N13,0.6352928
O=C1C2CC3CC=CC2C13,0.7168722
O=C1C2CC3OC=CC2C13,1.1427966
O=C1C2NC3CC=CC2C13,0.9481604
O=C1C2OC3CC=CC2C13,1.1619717
O=C1C2OC3OC=CC2C13,1.2834164
O=C1C2CN3CC=CC2C13,0.9240031
CC1C2C=CC3CCC2C13,0.91969514
NC1C2C=CC3CCC2C13,0.9324391
OC1C2C=CC3CCC2C13,0.8862649
CC1C2C=CC3NCC2C13,0.89626133
NC1C2C=CC3NCC2C13,0.93045014
OC1C2C=CC3NCC2C13,0.91656685
CC1C2C=CC3OCC2C13,1.148036
NC1C2C=CC3OCC2C13,1.1322584
OC1C2C=CC3OCC2C13,0.86760414
CC1C2C=CC3CNC2C13,0.9059237
NC1C2C=CC3CNC2C13,0.6926457
OC1C2C=CC3CNC2C13,0.769088
CC1C2C=CC3COC2C13,0.7142811
NC1C2C=CC3COC2C13,0.89798963
OC1C2C=CC3COC2C13,0.6004524
CN1C2C=CC3CCC2C13,0.851828
CN1C2C=CC3NCC2C13,1.0039054
CN1C2C=CC3OCC2C13,1.1044519
CN1C2C=CC3CNC2C13,0.5240425
CN1C2C=CC3COC2C13,0.74214315
CC1C2C=CC3CCN2C13,0.9196005
NC1C2C=CC3CCN2C13,1.0692647
OC1C2C=CC3CCN2C13,1.0376136
CC1C2C=CC3CCC2N13,0.6751375
O=C1C2C=CC3CCC2C13,1.5615007
O=C1C2C=CC3NCC2C13,1.2945573
O=C1C2C=CC3OCC2C13,1.7483846
O=C1C2C=CC3CNC2C13,1.4036733
O=C1C2C=CC3COC2C13,1.3511716
O=C1C2C=CC3CCN2C13,1.56573
CC1C2CCC3C=CC2C13,0.95004886
NC1C2CCC3C=CC2C13,1.0267507
OC1C2CCC3C=CC2C13,0.91681564
CC1C2CNC3C=CC2C13,0.9442867
NC1C2CNC3C=CC2C13,1.0213506
OC1C2CNC3C=CC2C13,0.996021
CC1C2COC3C=CC2C13,1.1858965
NC1C2COC3C=CC2C13,1.1792072
OC1C2COC3C=CC2C13,0.9972299
CC1C2NCC3C=CC2C13,1.0240923
NC1C2NCC3C=CC2C13,0.98904216
OC1C2NCC3C=CC2C13,0.9719435
CC1C2OCC3C=CC2C13,0.93729806
NC1C2OCC3C=CC2C13,1.0394653
OC1C2OCC3C=CC2C13,0.97434336
CN1C2CCC3C=CC2C13,0.9853648
CN1C2CNC3C=CC2C13,0.9456608
CN1C2COC3C=CC2C13,1.2245313
CC1C2C3CCN1C2C=C3,0.77696383
CC1C2CCC3C=CC2N13,0.6582099
CC1C2NCC3C=CC2N13,0.7341201
CC1C2OCC3C=CC2N13,1.0497186
O=C1C2CCC3C=CC2C13,0.94586873
O=C1C2CNC3C=CC2C13,1.112344
O=C1C2COC3C=CC2C13,1.3724163
O=C1C2NCC3C=CC2C13,1.1493863
O=C1C2OCC3C=CC2C13,1.2492372
CC1C2C=CC3C=CC2C13,1.047189
NC1C2C=CC3C=CC2C13,1.0383995
OC1C2C=CC3C=CC2C13,0.8422295
CN1C2C=CC3C=CC2C13,1.0571487
CC1C2C=CC3C=CC2N13,1.0943022
O=C1C2C=CC3C=CC2C13,1.4448353
C1C=CCC2CC1C3CC23,0.7158295
C1C=COC2CC1C3CC23,0.41342977
C1C2OC=COC1C3CC23,0.6365026
C1C=CCC2NC1C3CC23,0.36551532
C1C=CCC2OC1C3CC23,0.62591696
C1C=COC2OC1C3CC23,0.60371935
C1C2C3OC=COC(O3)C12,0.70603323
C1C=CCN2CC1C3CC23,0.51379156
C1C2C3CN(CC=CO3)C12,0.8465668
C1C=CCC2CC1C3NC23,0.49710605
C1C=COC2CC1C3NC23,0.3632831
C1C2OC=COC1C3NC23,0.62033224
C1C=CCC2NC1C3NC23,0.50566965
C1C=CCC2OC1C3NC23,0.3757647
C1C=COC2OC1C3NC23,0.6770105
N1C2C3OC=COC(O3)C12,0.61236453
C1C=CCC2CC1C3OC23,0.5324769
C1C=COC2CC1C3OC23,0.5230912
C1C2OC=COC1C3OC23,0.5240015
C1C=CCC2NC1C3OC23,0.5100383
C1C=CCC2OC1C3OC23,0.4840356
C1C=COC2OC1C3OC23,0.65612566
O1C=COC2OC1C3OC23,0.62922996
C1C=CCC2CC1C3CN23,0.6326023
C1C=COC2CC1N3CC23,0.58254135
C1CC2CC(C=C1)C3CC23,0.73244643
C1OC=CC2CC1C3CC23,0.6125466
C1NC2CC(C=C1)C3CC23,0.57051235
C1OC2CC(C=C1)C3CC23,0.7343978
C1CC2NC(C=C1)C3CC23,0.4368226
C1OC=CC2NC1C3CC23,0.5972072
C1CC2OC(C=C1)C3CC23,0.63626444
C1OC=CC2OC1C3CC23,0.79983336
C1OC2OC(C=C1)C3CC23,0.745826
C1CN2CC(C=C1)C3CC23,0.6184268
C1CC2CC(C=C1)C3NC23,0.622411
C1OC=CC2CC1C3NC23,0.6110204
C1NC2CC(C=C1)C3NC23,0.45702192
C1OC2CC(C=C1)C3NC23,0.65369815
C1CC2NC(C=C1)C3NC23,0.40476266
C1OC=CC2NC1C3NC23,0.5787172
C1CC2OC(C=C1)C3NC23,0.5335492
C1OC=CC2OC1C3NC23,0.8456967
C1OC2OC(C=C1)C3NC23,0.86225724
C1CC2CC(C=C1)C3OC23,0.49074763
C1OC=CC2CC1C3OC23,0.782918
C1NC2CC(C=C1)C3OC23,0.5230688
C1OC2CC(C=C1)C3OC23,0.6883736
C1CC2NC(C=C1)C3OC23,0.501696
C1OC=CC2NC1C3OC23,0.51130444
C1CC2OC(C=C1)C3OC23,0.56485116
C1OC=CC2OC1C3OC23,0.6402396
C1OC2OC(C=C1)C3OC23,1.0482295
C1CC2CC(C=C1)N3CC23,0.5821699
C1OC=CC2CC1C3CN23,0.75328237
C1NC2CC(C=C1)N3CC23,0.6837092
C1OC2CC(C=C1)N3CC23,0.90561557
C1CC2CC(C=C1)C3CN23,0.6736669
C1OC=CC2CC1N3CC23,0.74174535
C1C2C=CC=CC1C3CC23,1.0708004
C1C2C1C3NC2C=CC=C3,0.7740048
C1C2C1C3OC2C=CC=C3,0.9387697
C1C2C=CC=CC1C3NC23,0.9341989
N1C2C=CC=CC1C3NC23,0.86268604
N1C2C1C3OC2C=CC=C3,1.0414213
C1C2C=CC=CC1C3OC23,1.1085359
N1C2C=CC=CC1C3OC23,1.0167336
O1C2C=CC=CC1C3OC23,1.261588
C1C2C=CC=CC1N3CC23,1.0469878
C1CC2C3CC1C=CC2C3,0.7983244
C1NC2CC3CC(C=C2)C13,0.7691524
C1OC2CC3CC(C=C2)C13,0.86400473
C1NC2C3CC1C=CC2C3,0.7087288
C1OC2C3CC1C=CC2C3,0.94488305
C1CC2C3CC2C=CC1N3,0.5127459
C1NC2C3CC2C=CC1N3,0.508622
C1OC2C3CC2C=CC1N3,0.7679481
C1CC2C3CC2C=CC1O3,0.67923725
C1OC2OC3CC(C=C2)C13,1.1089514
C1NC2C3CC2C=CC1O3,0.8535144
C1OC2C3CC2C=CC1O3,0.8746054
C1CC2C3CC1C=CC2N3,0.6064356
C1NC2CC3NC(C=C2)C13,0.545025
C1OC2CC3NC(C=C2)C13,1.0057733
C1NC2C3CC1C=CC2N3,0.52896017
C1OC2C3CC1C=CC2N3,0.8530445
C1CC2C3CC1C=CC2O3,0.61736953
C1NC2CC3OC(C=C2)C13,1.0847604
C1OC2CC3OC(C=C2)C13,1.0267886
C1NC2C3CC1C=CC2O3,0.86091363
C1OC2C3CC1C=CC2O3,0.98397315
C1CC2C3CN2CC1C=C3,0.7044093
C1NC2CN3CC(C=C2)C13,0.6928293
C1OC2CN3CC(C=C2)C13,0.99063873
C1CN2C3CC1C=CC2C3,0.60163987
C1CC2CC3CC1C=CC23,1.0757009
C1NC2CC3CC1C3C=C2,0.8204356
C1OC2CC3CC1C3C=C2,0.8241437
C1NC2CC3CC1C=CC23,0.9685102
C1OC2CC3CC1C=CC23,0.9462179
C1CC2NC3CC1C3C=C2,0.9364656
C1NC2CC3NC1C=CC23,0.5964611
C1OC2CC3NC1C=CC23,0.7227892
C1CC2OC3CC1C3C=C2,0.8755794
C1OC2OC3CC1C3C=C2,1.125065
C1NC2CC3OC1C=CC23,0.9394584
C1OC2CC3OC1C=CC23,0.9617332
C1CC2NC3CC1C=CC23,0.9126168
C1NC2CC3NC1C3C=C2,0.7658375
C1OC2CC3NC1C3C=C2,0.90926933
C1CC2OC3CC1C=CC23,1.0765704
C1NC2CC3OC1C3C=C2,0.9390477
C1OC2CC3OC1C3C=C2,0.92976415
C1CN2CC3CC1C=CC23,1.1333802
C1CN2CC3NC1C=CC23,0.7707512
C1CN2CC3OC1C=CC23,0.91972
C1CC2CN3CC1C=CC23,0.85818344
C1NC2CN3CC1C3C=C2,0.66937655
C1OC2CN3CC1C3C=C2,0.93190074
C1NC2CN3CC1C=CC23,0.65511906
C1OC2CN3CC1C=CC23,0.74274886
C1C2C=CC3CC1C3C=C2,0.93874943
C1C2NC3C=CC1C2C=C3,0.942915
C1C2OC3C=CC1C2C=C3,0.88975483
C1C2NC3C=CC1C=CC23,0.80965865
C1C2OC3C=CC1C=CC23,1.0175498
C1C2C=CC3CN1C3C=C2,0.96857905
C1CC2C=CCC1C3CC23,0.70098287
C1CC2C=COC1C3CC23,0.568726
C1NC2C=CCC1C3CC23,0.74138033
C1NC2C=COC1C3CC23,0.5087899
C1OC2C=CCC1C3CC23,1.0323775
C1OC2C=COC1C3CC23,0.71574396
C1NC2CC=CC1C3CC23,0.6228879
C1OC2CC=CC1C3CC23,0.89019936
C1OC2OC=CC1C3CC23,0.80509984
C1CN2CC=CC1C3CC23,0.5263508
C1CC2C=CCC1C3NC23,0.7354235
C1CC2C=COC1C3NC23,0.4157569
C1NC2C=CCC1C3NC23,0.5940493
C1NC2C=COC1C3NC23,0.53323966
C1OC2C=CCC1C3NC23,1.0050559
C1OC2C=COC1C3NC23,0.8464333
C1NC2CC=CC1C3NC23,0.9194456
C1OC2CC=CC1C3NC23,0.8296259
C1OC2OC=CC1C3NC23,0.8110079
C1CC2C=CCC1C3OC23,0.7637464
C1CC2C=COC1C3OC23,0.6386068
C1NC2C=CCC1C3OC23,0.71970713
C1NC2C=COC1C3OC23,0.5722544
C1OC2C=CCC1C3OC23,0.83696526
C1OC2C=COC1C3OC23,0.7711888
C1NC2CC=CC1C3OC23,0.7871043
C1OC2CC=CC1C3OC23,0.78952545
C1OC2OC=CC1C3OC23,0.899274
C1CC2C=CCC1C3CN23,0.6548238
C1CC2C=COC1C3CN23,0.46475574
C1NC2CC=CC1N3CC23,0.75258714
C1OC2CC=CC1N3CC23,0.9997118
C1OC2OC=CC1N3CC23,0.95970994
C1CC2C=CCC1N3CC23,0.61024284
C1NC2C=CCC1N3CC23,0.7268659
C1OC2C=CCC1N3CC23,0.9864483
C1CC2C=CC(C1)C3CC23,0.8204584
C1NCC2C=CC1C3CC23,0.7651643
C1OCC2C=CC1C3CC23,0.87969345
C1CC2C=CC(N1)C3CC23,0.7045381
C1CC2C=CC(O1)C3CC23,1.08003
C1OC2C=CC(O1)C3CC23,0.92880774
C1CC2C=CC(C1)C3NC23,0.7850705
C1NCC2C=CC1C3NC23,0.6941898
C1OCC2C=CC1C3NC23,0.917434
C1CC2C=CC(N1)C3NC23,0.46689436
C1CC2C=CC(O1)C3NC23,0.8197113
C1OC2C=CC(O1)C3NC23,1.0386164
C1CC2C=CC(C1)C3OC23,0.5490552
C1NCC2C=CC1C3OC23,0.757911
C1OCC2C=CC1C3OC23,0.90032625
C1CC2C=CC(N1)C3OC23,0.66764057
C1CC2C=CC(O1)C3OC23,0.9084808
C1OC2C=CC(O1)C3OC23,1.0375501
C1CC2C=CC(C1)N3CC23,0.6909436
C1NCC2C=CC1C3CN23,0.7271396
C1OCC2C=CC1C3CN23,0.93617195
C1CC2C=CC(N1)C3CN23,0.7697217
C1CC2C=CC(O1)C3CN23,0.91496813
C1C=CC2C=CC1C3CC23,0.81167406
C1C2C3NN=CC(C=C3)C12,1.0126878
C1C2C3NC=NC(C=C3)C12,0.98943996
C1C2C1C3C=COC2C=C3,0.8508256
C1C2C3ON=CC(C=C3)C12,1.319774
C1C=CC2C=CC1C3NC23,0.7512865
N1N=CC2C=CC1C3NC23,0.9017167
N1C=NC2C=CC1C3NC23,0.92572844
N1C2C1C3C=COC2C=C3,1.0417514
N1C2C3ON=CC(C=C3)C12,1.2979898
C1C=CC2C=CC1C3OC23,0.77941453
N1N=CC2C=CC1C3OC23,1.0669899
N1C=NC2C=CC1C3OC23,1.1497049
O1C=CC2C=CC1C3OC23,0.9100879
O1N=CC2C=CC1C3OC23,1.1492959
C1C=CC2C=CC1C3CN23,0.8251892
C1C2C3NN=CC(C=C3)N12,1.1784302
C1C2C3OC=CC(C=C3)N12,1.0827401
C1C2C3ON=CC(C=C3)N12,1.4707211
C1C=CC2C=CC1N3CC23,0.9059083
C1CC2C3CC1C2CC=C3,0.6634845
C1CC2C3CC1C2OC=C3,0.53248346
C1NC2CC3C=CCC2C13,0.56749684
C1NC2CC3C=COC2C13,0.6780021
C1OC2CC3C=CCC2C13,0.631364
C1OC2CC3C=COC2C13,0.79172504
C1NC2C3CC1C2CC=C3,0.6753043
C1NC2C3CC1C2OC=C3,0.6128181
C1OC2C3CC1C2CC=C3,0.7754282
C1OC2C3CC1C2OC=C3,0.7615577
C1CC2C3CC=CC2NC13,0.72377336
C1CC2C3NC1C2OC=C3,0.6089142
C1NC2C3CC=CC2NC13,0.65922964
C1NC2C3NC1C2OC=C3,0.63555694
C1OC2C3NC1C2CC=C3,0.7908991
C1OC2C3NC1C2OC=C3,0.75022966
C1CC2C3CC=CC2OC13,0.7320129
C1CC2C3OC1C2OC=C3,0.55659795
C1OC2OC3C=CCC2C13,0.9362277
C1OC2OC3C=COC2C13,1.1396378
C1NC2C3CC=CC2OC13,0.7566929
C1NC2C3OC1C2OC=C3,0.5965879
C1OC2C3CC=CC2OC13,0.8593124
C1OC2C3OC1C2OC=C3,0.8385571
C1CN2CC3C=CCC2C13,0.5510153
C1CC2C3CC1N2CC=C3,0.6277088
C1CN2C3CC1C2CC=C3,0.609758
C1CC2C3CC=CC2C1C3,0.80607146
C1CC2C3CC1C2C=CO3,0.6242356
C1NC2CC3CC=CC2C13,0.7244104
C1NC2CC3OC=CC2C13,0.67438763
C1OC2CC3CC=CC2C13,0.6926116
C1OC2CC3OC=CC2C13,0.8215468
C1NC2C3CC=CC2C1C3,0.81597877
C1NC2C3CC1C2C=CO3,0.6097364
C1OC2C3CC=CC2C1C3,0.88220453
C1OC2C3CC1C2C=CO3,0.67168725
C1CC2C3CC=CC2C1N3,0.6266277
C1NC2C3CC=CC2C1N3,0.68479675
C1OC2C3CC=CC2C1N3,0.91497606
C1CC2C3CC=CC2C1O3,0.7046807
C1CC2C3OC=CC2C1O3,0.5950489
C1OC2OC3CC=CC2C13,1.0550528
C1OC2OC3OC=CC2C13,1.3327315
C1NC2C3CC=CC2C1O3,0.8334117
C1NC2C3OC=CC2C1O3,0.65094423
C1OC2C3CC=CC2C1O3,0.73877263
C1OC2C3OC=CC2C1O3,0.8119713
C1CC2C3C=CCN2CC13,0.5682645
C1NC2CN3CC=CC2C13,0.5497448
C1OC2CN3CC=CC2C13,0.7562394
C1CN2CC3CC=CC2C13,0.7006701
C1CN2CC3OC=CC2C13,0.71218556
C1CN2C3CC=CC2C1C3,0.68774956
C1CC2CC3C=CC2C3C1,0.8345676
C1NCC2C3CC1C2C=C3,0.8955964
C1OCC2C3CC1C2C=C3,1.0059777
C1CC2C3CC(N1)C2C=C3,0.78634995
C1CC2C3CC(O1)C2C=C3,0.8158279
C1CC2CC3C=CC2C3N1,0.7242605
C1CC2CC3C=CC2C3O1,0.67441726
C1OC2CC3C=CC2C3O1,0.790723
C1CC2NC3C=CC2C3C1,0.74816513
C1NCC2C3NC1C2C=C3,0.73200613
C1OCC2C3NC1C2C=C3,0.9871307
C1CC2NC3C=CC2C3N1,0.60955095
C1CC2NC3C=CC2C3O1,0.65622056
C1CC2OC3C=CC2C3C1,0.96244425
C1NCC2C3OC1C2C=C3,0.7273752
C1OCC2C3OC1C2C=C3,1.0094105
C1CC2C3OC(O1)C2C=C3,0.76121795
C1CC2OC3C=CC2C3N1,0.77398014
C1CC2OC3C=CC2C3O1,0.56874585
C1OC2OC3C=CC2C3O1,0.981413
C1CC2C3CN(C1)C2C=C3,0.6416528
C1CN2CC3C=CC2C3N1,0.62304026
C1CN2CC3C=CC2C3O1,0.60000205
C1CC2CC3C=CC2N3C1,0.7030866
C1CN2C3CC(N1)C2C=C3,0.958955
C1CN2C3CC(O1)C2C=C3,0.7909428
C1C=CC2CC3C=CC2C13,0.8168569
C1C2C=CC3C1C=NNC23,0.7520889
C1C2C=CC3C1N=CNC23,0.7726656
C1C2C=CC3C1C=COC23,0.69457614
C1C2C=CC3C1C=NOC23,1.2215132
C1C=CC2NC3C=CC2C13,0.7812801
N1N=CC2NC3C=CC2C13,0.9183066
N1C2C=CC3C1C=COC23,0.70344555
N1C2C=CC3C1C=NOC23,1.1403872
C1C=CC2OC3C=CC2C13,1.0717328
N1N=CC2OC3C=CC2C13,1.223289
O1C=CC2OC3C=CC2C13,1.0360233
O1N=CC2OC3C=CC2C13,1.1632575
C1C=CC2CC3C=CC2N13,1.0486683
C1C=CC2C3CC1C2C=C3,0.80842626
C1C2NN=CC3C1C=CC23,0.8518677
C1C2OC=CC3C1C=CC23,0.81027305
C1C2ON=CC3C1C=CC23,1.0651114
C1C=CC2C3NC1C2C=C3,0.8134105
C1C=CC2C3OC1C2C=C3,0.8700239
O1C=CC2C3OC1C2C=C3,1.242472
O1N=CC2C3OC1C2C=C3,1.1796476
C1C=CC2C3CN1C2C=C3,0.91262555
C1CC2C3CC=CC1C2C3,0.93250525
C1CC2C3CC2C1C=CO3,0.8552534
C1NC2C=CCC3CC2C13,0.69411063
C1NC2C=COC3CC2C13,0.62639666
C1OC2C=CCC3CC2C13,0.90758556
C1OC2C=COC3CC2C13,0.8666998
C1NC2C3CC=CC1C2C3,0.9061314
C1NC2C3CC2C1C=CO3,0.98920804
C1OC2C3CC=CC1C2C3,1.1222706
C1OC2C3CC2C1C=CO3,1.0617518
C1CC2C3CC=CC1C2N3,0.92728716
C1NC2C=CCC3NC2C13,0.6119509
C1OC2C=CCC3NC2C13,0.80934644
C1NC2C3CC=CC1C2N3,0.8446459
C1OC2C3CC=CC1C2N3,1.2452554
C1CC2C3CC=CC1C2O3,0.60228926
C1NC2C=CCC3OC2C13,0.68050086
C1OC2C=CCC3OC2C13,0.8752707
C1NC2C3CC=CC1C2O3,0.9802416
C1OC2C3CC=CC1C2O3,1.0767589
C1CC2C3CN2CC=CC13,0.7804086
C1NC2C=CCN3CC2C13,0.8061739
C1OC2C=CCN3CC2C13,1.0416037
C1CN2C3CC=CC1C2C3,1.0847677
C1CC2C3CC=CC1N2C3,0.86038375
C1CC2C3CN2C1C=CO3,0.957354
C1CC2C3CC2C1CC=C3,1.0615995
C1CC2C3CC2C1OC=C3,0.8788581
C1NC2CC=CC3CC2C13,1.0725226
C1OC2CC=CC3CC2C13,1.21045
C1OC2OC=CC3CC2C13,1.0178353
C1NC2C3CC2C1CC=C3,0.8857529
C1NC2C3CC2C1OC=C3,0.9463762
C1OC2C3CC2C1CC=C3,0.93524086
C1OC2C3CC2C1OC=C3,0.7486444
C1CC2C3NC2C1CC=C3,0.7672685
C1CC2C3NC2C1OC=C3,0.95861375
C1NC2CC=CC3NC2C13,0.9015966
C1OC2CC=CC3NC2C13,1.0773617
C1OC2OC=CC3NC2C13,1.0882872
C1NC2C3NC2C1CC=C3,0.83518153
C1NC2C3NC2C1OC=C3,0.7233382
C1OC2C3NC2C1CC=C3,0.87364364
C1OC2C3NC2C1OC=C3,0.9327642
C1CC2C3OC2C1CC=C3,0.6032683
C1CC2C3OC2C1OC=C3,0.66392815
C1NC2CC=CC3OC2C13,1.1323853
C1OC2CC=CC3OC2C13,0.9833174
C1OC2OC=CC3OC2C13,1.0656064
C1NC2C3OC2C1CC=C3,0.7494867
C1NC2C3OC2C1OC=C3,0.8225712
C1OC2C3OC2C1CC=C3,1.026334
C1OC2C3OC2C1OC=C3,1.0065385
C1CN2CC=CC3CC2C13,1.229451
C1CN2C3CC2C1CC=C3,1.1346459
C1CN2C3CC2C1OC=C3,1.1111671
C1CC2C3CN2C1CC=C3,0.7428519
C1CC2CC3C(C1)C=CC23,0.7288915
C1NCC2C=CC3C1CC23,0.89360183
C1OCC2C=CC3C1CC23,1.0687687
C1CC2CC3C(N1)C=CC23,0.6749476
C1CC2CC3C(O1)C=CC23,0.9223167
C1CC2C=CC3C(CC23)N1,0.7537588
C1CC2C=CC3C(CC23)O1,1.0604062
C1OC2CC3C(O1)C=CC23,0.90448844
C1CC2NC3C(C1)C=CC23,0.68376577
C1NCC2C=CC3C1NC23,0.6771043
C1OCC2C=CC3C1NC23,1.0481075
C1CC2NC3C(N1)C=CC23,0.67235774
C1CC2NC3C(O1)C=CC23,0.7521921
C1CC2OC3C(C1)C=CC23,0.70124704
C1NCC2C=CC3C1OC23,0.674604
C1OCC2C=CC3C1OC23,0.77457863
C1CC2OC3C(N1)C=CC23,0.44452646
C1CC2OC3C(O1)C=CC23,0.796543
C1CC2C=CC3C2CN3C1,0.63287926
C1CN2CC3C(N1)C=CC23,0.55034024
C1CN2CC3C(O1)C=CC23,0.72541076
C1CC2CN3C(C1)C=CC23,0.64109164
C1NCC2C=CC3C1CN23,0.80173767
C1OCC2C=CC3C1CN23,1.0282017
C1CC2C=CC3C(CN23)N1,1.0313653
C1CC2C=CC3C(CN23)O1,1.0293173
C1C=CC2C=CC3C1CC23,1.063098
C1C2NN=CC3C=CC2C13,0.7571254
C1C2N=CNC3C=CC2C13,0.8187976
C1C2OC=CC3C=CC2C13,0.8190943
C1C2ON=CC3C=CC2C13,1.1046649
C1C=CC2C=CC3C1NC23,0.76077545
C1C=CC2C=CC3C1OC23,0.8449712
C1C=CC2C=CC3C2CN13,1.0269295
C1C=CC2C=CC3C1CN23,1.1433564
C1C2NN=CC3C=CC2N13,0.99602675
C1C2OC=CC3C=CC2N13,1.0153737
C1C2ON=CC3C=CC2N13,1.2991982
C1C=CC2CC3C1C=CC23,0.8744713
C1C2C=NNC3C=CC2C13,0.8880391
C1C2C=COC3C=CC2C13,1.0189663
C1C2C=NOC3C=CC2C13,1.358484
C1C=CC2NC3C1C=CC23,0.7523043
N1N=CC2NC3C1C=CC23,0.87252045
N1C2C=COC3C=CC2C13,0.91569304
N1C2C=NOC3C=CC2C13,1.3061851
C1C=CC2OC3C1C=CC23,1.0444407
N1N=CC2OC3C1C=CC23,1.2096058
O1C=CC2OC3C1C=CC23,1.0745126
O1N=CC2OC3C1C=CC23,1.2997253
C1C=CC2CN3C1C=CC23,0.89701295
C1CC2C3CCC2C1C=C3,0.7237657
C1CC2C3CNC2C=CC13,0.7127824
C1CC2C3COC2C=CC13,0.91950464
C1NC2C=CC3NCC2C13,0.50433135
C1NC2C=CC3OCC2C13,0.83907586
C1OC2C=CC3OCC2C13,1.0296447
C1CC2C3CNC2C1C=C3,0.7489985
C1NC2C3CNC2C=CC13,0.69671667
C1NC2C3COC2C=CC13,0.9259758
C1CC2C3COC2C1C=C3,0.7990784
C1NC2C=CC3COC2C13,0.72311944
C1OC2C3COC2C=CC13,0.92458266
C1NC2C3CNC2C1C=C3,0.7865035
C1NC2C3COC2C1C=C3,0.8566166
C1OC2C3COC2C1C=C3,0.78885686
C1CN2C3CCC2C1C=C3,0.6824298
C1CC2C=CC3C1CCC23,0.8134135
C1CC2C3NCC1C2C=C3,0.6228676
C1CC2C3OCC1C2C=C3,0.65856165
C1CC2C3CNC1C2C=C3,0.53535277
C1CC2C3COC1C2C=C3,0.7625638
C1CC2C=CC3C1NCC23,0.56478596
C1NC2C=CC3C1NCC23,0.69183433
C1NC2COC3C=CC2C13,0.81549895
C1CC2C=CC3C1OCC23,0.88206017
C1NC2C=CC3C1OCC23,0.7849115
C1OC2C=CC3C1OCC23,0.7951648
C1OC2OCC3C1C=CC23,0.80916226
C1CC2C=CC3C1CNC23,0.59059304
C1NC2C=CC3C1CNC23,0.4942484
C1NC2C3OCC1C2C=C3,0.6528076
C1NC2C3CNC1C2C=C3,0.6670622
C1NC2C3COC1C2C=C3,0.8678806
C1CC2C=CC3C1COC23,0.5746025
C1NC2C=CC3C1COC23,0.6771059
C1OC2C=CC3C1COC23,0.7806265
C1NC2COC3C1C=CC23,0.7476841
C1OC2C3COC1C2C=C3,0.8746135
C1CN2CCC3C1C=CC23,0.7631474
C1CC2C=CC3C1CCN23,0.52644
C1CN2C3CNC1C2C=C3,0.6667563
C1CN2C3COC1C2C=C3,0.8460152
C1CC2C3C=CC1C2C=C3,0.8052197
C1NC2C=CC3C=CC2C13,0.86640286
C1OC2C=CC3C=CC2C13,0.9080231
C1NC2C3C=CC1C2C=C3,0.79934686
C1OC2C3C=CC1C2C=C3,0.78189766
C1CN2C3C=CC1C2C=C3,0.7966335
C1CC2C=CC3C1C=CC23,0.75630033
C1NC2C=CC3C1C=CC23,0.78536296
C1OC2C=CC3C1C=CC23,0.70675755
C1=CC2C=CC3C1C=CC23,0.70852876
C=C1C2CCCC3C(C2)C13,0.8742832
C=C1C2CNCC3C(C2)C13,0.6660508
C=C1C2COCC3C(C2)C13,0.69343024
C=C1C2CC3C(CCN2)C13,0.6580728
C=C1C2CC3C(CCO2)C13,0.685427
C=C1C2CCNC3C(C2)C13,0.55942976
C=C1C2CCOC3C(C2)C13,0.69920105
C=C1C2CC3C(OCO2)C13,0.80583346
C=C1C2CCCC3C(N2)C13,0.77483636
C=C1C2CNCC3C(N2)C13,0.49192378
C=C1C2COCC3C(N2)C13,0.6932475
C=C1C2CCNC3C(N2)C13,0.5051595
C=C1C2CCOC3C(N2)C13,0.7232188
C=C1C2CCCC3C(O2)C13,0.7865076
C=C1C2CNCC3C(O2)C13,0.78363246
C=C1C2COCC3C(O2)C13,0.71121514
C=C1C2OCCC3C(O2)C13,0.7995118
C=C1C2CCNC3C(O2)C13,0.8027362
C=C1C2CCOC3C(O2)C13,0.8511212
C=C1C2OCOC3C(O2)C13,0.69756466
C=C1C2CCCN3C(C2)C13,0.583689
C=C1C2CC3C1N3CCN2,0.49124593
C=C1C2CC3C1N3CCO2,0.6175118
C=C1C2CCCC3C1N3C2,0.72251165
C=C1C2CNCC3C1N3C2,0.80569655
C=C1C2COCC3C1N3C2,0.9227892
C=C1C2CN3C(CCN2)C13,0.4793171
C=C1C2CN3C(CCO2)C13,0.7766031
CC1C2CC3C(CC=C2)C13,0.8031665
NC1C2CC3C(CC=C2)C13,0.8788175
OC1C2CC3C(CC=C2)C13,0.7271603
CC1C2CC3C(OC=C2)C13,0.5502648
NC1C2CC3C(OC=C2)C13,0.7971855
OC1C2CC3C(OC=C2)C13,0.734523
CC1C2NC3C(CC=C2)C13,0.66253966
NC1C2NC3C(CC=C2)C13,0.6961012
OC1C2NC3C(CC=C2)C13,0.8610451
CC1C2NC3C(OC=C2)C13,0.8541179
NC1C2NC3C(OC=C2)C13,0.7526872
OC1C2NC3C(OC=C2)C13,0.94987065
CC1C2OC3C(CC=C2)C13,0.71284455
NC1C2OC3C(CC=C2)C13,1.0011299
OC1C2OC3C(CC=C2)C13,1.0831343
CC1C2OC3C(OC=C2)C13,0.84932625
NC1C2OC3C(OC=C2)C13,0.9843152
OC1C2OC3C(OC=C2)C13,1.184074
CN1C2CC3C(CC=C2)C13,0.70133835
CN1C2CC3C(OC=C2)C13,0.59897095
CC1C2CC3C1N3CC=C2,0.5793406
NC1C2CC3C1N3CC=C2,0.706833
OC1C2CC3C1N3CC=C2,0.73978245
CC1C2CN3C(CC=C2)C13,0.70392543
NC1C2CN3C(CC=C2)C13,0.75046545
OC1C2CN3C(CC=C2)C13,0.89894533
CC1C2CC3C(CC=C2)N13,0.7337153
C=C1C2CC3C(CC=C2)C13,0.8468755
O=C1C2CC3C(CC=C2)C13,0.9363311
C=C1C2CC3C(NN=C2)C13,0.9385375
C=C1C2CC3C(N=CN2)C13,0.74353355
C=C1C2CC3C(OC=C2)C13,0.77088904
O=C1C2CC3C(OC=C2)C13,1.0294033
C=C1C2CC3C(ON=C2)C13,1.0228087
C=C1C2NC3C(CC=C2)C13,0.9959113
O=C1C2NC3C(CC=C2)C13,0.96620846
C=C1C2NC3C(NN=C2)C13,0.9280564
C=C1C2NC3C(OC=C2)C13,0.9567641
O=C1C2NC3C(OC=C2)C13,1.2899425
C=C1C2NC3C(ON=C2)C13,1.22972
C=C1C2OC3C(CC=C2)C13,1.2682368
O=C1C2OC3C(CC=C2)C13,1.1414851
C=C1C2OC3C(NN=C2)C13,1.028263
C=C1C2OC3C(OC=C2)C13,1.1253124
O=C1C2OC3C(OC=C2)C13,1.323805
C=C1C2OC3C(ON=C2)C13,1.2527148
C=C1C2CC3C1N3CC=C2,0.82061875
O=C1C2CC3C1N3CC=C2,0.9707177
C=C1C2CN3C(CC=C2)C13,0.9201274
O=C1C2CN3C(CC=C2)C13,0.93224347
CC1C2CC=CC3C(C2)C13,1.1468306
NC1C2CC=CC3C(C2)C13,1.0360556
OC1C2CC=CC3C(C2)C13,0.82777727
CC1C2CC3C(C=CO2)C13,0.60082597
NC1C2CC3C(C=CO2)C13,0.88014454
OC1C2CC3C(C=CO2)C13,0.82246
CC1C2CC=CC3C(N2)C13,0.61552763
NC1C2CC=CC3C(N2)C13,0.6695138
OC1C2CC=CC3C(N2)C13,0.93703604
CC1C2CC=CC3C(O2)C13,0.96242154
NC1C2CC=CC3C(O2)C13,1.0981691
OC1C2CC=CC3C(O2)C13,0.97173107
CC1C2OC=CC3C(O2)C13,0.8146523
NC1C2OC=CC3C(O2)C13,0.9336319
OC1C2OC=CC3C(O2)C13,0.96413416
CN1C2CC=CC3C(C2)C13,0.90114784
CC1C2C3CN1CC=CC23,0.5935457
CC1C2CC=CC3C1N3C2,0.6486871
NC1C2CC=CC3C1N3C2,0.9444881
OC1C2CC=CC3C1N3C2,0.99781346
CC1C2CN3C(C=CO2)C13,0.7389968
NC1C2CN3C(C=CO2)C13,0.981388
OC1C2CN3C(C=CO2)C13,0.99765855
CC1C2CC=CC3C(C2)N13,0.90685403
CC1C2CC3C(C=CO2)N13,0.6300392
C=C1C2CC=CC3C(C2)C13,0.85426074
O=C1C2CC=CC3C(C2)C13,1.1692636
C=C1C2CC3C(C=NN2)C13,0.95142615
C=C1C2CC3C(C=CO2)C13,0.87908506
O=C1C2CC3C(C=CO2)C13,1.0217582
C=C1C2CC3C(C=NO2)C13,1.5280868
C=C1C2CC=CC3C(N2)C13,0.9654463
O=C1C2CC=CC3C(N2)C13,1.0111879
C=C1C2CC=CC3C(O2)C13,1.0769612
O=C1C2CC=CC3C(O2)C13,1.3424965
C=C1C2OC=CC3C(O2)C13,0.88233674
O=C1C2OC=CC3C(O2)C13,0.9897795
C=C1C2ON=CC3C(O2)C13,1.1132385
C=C1C2CC=CC3C1N3C2,1.0151144
O=C1C2CC=CC3C1N3C2,1.1553897
C=C1C2CN3C(C=NN2)C13,1.089132
C=C1C2CN3C(C=CO2)C13,1.0555178
O=C1C2CN3C(C=CO2)C13,1.0296654
C=C1C2CN3C(C=NO2)C13,1.6202177
C=C1C2CCC3C(CC2)C13,0.7877312
C=C1C2CCC3C(CN2)C13,0.672228
C=C1C2CCC3C(CO2)C13,0.80528677
C=C1C2OCC3C(CO2)C13,0.91709757
C=C1C2CCC3C(NC2)C13,0.48565358
C=C1C2CNC3C(CN2)C13,0.49322563
C=C1C2CNC3C(CO2)C13,0.9643973
C=C1C2CCC3C(OC2)C13,0.82824165
C=C1C2COC3C(CN2)C13,0.5721205
C=C1C2COC3C(CO2)C13,0.8625806
C=C1C2CNC3C(NC2)C13,0.6323036
C=C1C2CNC3C(OC2)C13,0.80040705
C=C1C2COC3C(OC2)C13,0.7628849
C=C1C2CCC3C1N3CC2,0.60752666
C=C1C2CCN3C(CN2)C13,0.47698578
C=C1C2CCN3C(CO2)C13,1.0261365
CC1C2CCC3C(C=C2)C13,0.77746606
NC1C2CCC3C(C=C2)C13,0.8104217
OC1C2CCC3C(C=C2)C13,0.6614524
CC1C2NCC3C(C=C2)C13,0.75614446
NC1C2NCC3C(C=C2)C13,0.6666691
OC1C2NCC3C(C=C2)C13,0.82510936
CC1C2OCC3C(C=C2)C13,0.7115966
NC1C2OCC3C(C=C2)C13,1.0892816
OC1C2OCC3C(C=C2)C13,0.9415225
CC1C2CNC3C(C=C2)C13,0.6579552
NC1C2CNC3C(C=C2)C13,0.5353954
OC1C2CNC3C(C=C2)C13,0.714211
CC1C2COC3C(C=C2)C13,0.79918
NC1C2COC3C(C=C2)C13,1.0881845
OC1C2COC3C(C=C2)C13,0.78681535
CN1C2CCC3C(C=C2)C13,0.8230643
CN1C2CNC3C(C=C2)C13,0.5939192
CN1C2COC3C(C=C2)C13,0.81933355
CC1C2CCN3C(C=C2)C13,0.7692912
NC1C2CCN3C(C=C2)C13,0.75671333
OC1C2CCN3C(C=C2)C13,0.7016567
CC1C2CCC3C(C=C2)N13,0.63269305
CC1C2NCC3C(C=C2)N13,0.641393
CC1C2OCC3C(C=C2)N13,0.9338352
C=C1C2CCC3C(C=C2)C13,0.8199205
O=C1C2CCC3C(C=C2)C13,0.8701228
C=C1C2NCC3C(C=C2)C13,0.98690766
O=C1C2NCC3C(C=C2)C13,0.9581351
C=C1C2OCC3C(C=C2)C13,1.1143917
O=C1C2OCC3C(C=C2)C13,1.2396976
C=C1C2CNC3C(C=C2)C13,0.8986187
O=C1C2CNC3C(C=C2)C13,0.9049194
C=C1C2COC3C(C=C2)C13,0.9915055
O=C1C2COC3C(C=C2)C13,1.0775243
C=C1C2CCN3C(C=C2)C13,0.78076214
O=C1C2CCN3C(C=C2)C13,0.9400408
CC1C2C=CC3C(C=C2)C13,0.7892707
NC1C2C=CC3C(C=C2)C13,1.0929897
OC1C2C=CC3C(C=C2)C13,0.9153601
CN1C2C=CC3C(C=C2)C13,1.0616037
CC1C2C=CC3C(C=C2)N13,1.1426996
C=C1C2C=CC3C(C=C2)C13,1.0489159
O=C1C2C=CC3C(C=C2)C13,1.4895478
C=CC1CC2C3CCC1C23,0.6256588
C=CC1CC2C3CNC1C23,0.61359715
C=CC1CC2C3COC1C23,0.6673782
C=CC1CC2C3NCC1C23,0.5156882
C=CC1CC2C3OCC1C23,0.7431366
C=CC1NC2C3CCC1C23,0.5174174
C=CC1NC2C3CNC1C23,0.35660085
C=CC1NC2C3COC1C23,0.6182215
C=CC1NC2C3NCC1C23,0.5638413
C=CC1NC2C3OCC1C23,0.8309318
C=CC1OC2C3CCC1C23,0.50336665
C=CC1OC2C3CNC1C23,0.55652785
C=CC1OC2C3COC1C23,0.732815
C=CC1OC2C3NCC1C23,0.5880598
C=CC1OC2C3OCC1C23,0.84845454
C=CC1CC2C3CCN1C23,0.48775813
C=CC1CC2C3C1CCN23,0.6436771
C=CC1CN2C3CCC1C23,0.5902948
C=CC1CN2C3CNC1C23,0.37346178
C=CC1CN2C3COC1C23,0.70068485
C=CC1CC2C3CCC1N23,0.4178684
CC=C1CC2C3CCC1C23,0.729197
CC=C1CC2C3CNC1C23,0.5106358
CC=C1CC2C3COC1C23,0.6756575
CC=C1CC2C3NCC1C23,0.55880636
CC=C1CC2C3OCC1C23,0.70973915
CC=C1OC2C3CCC1C23,0.45326972
CC=C1OC2C3CNC1C23,0.44356972
CC=C1OC2C3COC1C23,0.6277567
CC=C1OC2C3NCC1C23,0.56302047
CC=C1OC2C3OCC1C23,0.80573577
CC=C1CC2C3C1CCN23,0.64031154
CC=C1CN2C3CCC1C23,0.6101825
CC=C1CN2C3CNC1C23,0.4259921
CC=C1CN2C3COC1C23,0.69688404
CC=C1CC2C3CCC1N23,0.51442105
CCC1CC2C3C=CC1C23,0.86413074
NCC1CC2C3C=CC1C23,0.84170324
OCC1CC2C3C=CC1C23,0.7640633
CNC1CC2C3C=CC1C23,0.7894037
COC1CC2C3C=CC1C23,0.8222238
CCC1NC2C3C=CC1C23,0.84840274
NCC1NC2C3C=CC1C23,0.79617697
OCC1NC2C3C=CC1C23,0.80496836
CCC1OC2C3C=CC1C23,1.0027958
NCC1OC2C3C=CC1C23,1.029306
OCC1OC2C3C=CC1C23,1.0500221
COC1OC2C3C=CC1C23,1.096571
CCN1CC2C3C=CC1C23,0.80755997
CCC1CN2C3C=CC1C23,0.7591699
NCC1CN2C3C=CC1C23,0.7033941
OCC1CN2C3C=CC1C23,0.8231419
CNC1CN2C3C=CC1C23,0.6903089
COC1CN2C3C=CC1C23,0.89176583
CCC1CC2C3C=CC1N23,0.7825275
NCC1CC2C3C=CC1N23,0.9153624
OCC1CC2C3C=CC1N23,1.0212288
CNC1CC2C3C=CC1N23,0.7986223
COC1CC2C3C=CC1N23,1.0741295
C=CC1CC2C3C=CC1C23,0.79953665
O=CC1CC2C3C=CC1C23,0.62801003
N#CC1CC2C3C=CC1C23,0.72130287
C=CC1NC2C3C=CC1C23,0.8335527
O=CC1NC2C3C=CC1C23,0.8012619
N#CC1NC2C3C=CC1C23,0.9201233
C=CC1OC2C3C=CC1C23,1.1227984
O=CC1OC2C3C=CC1C23,1.1338671
N#CC1OC2C3C=CC1C23,1.1684853
N=CN1CC2C3C=CC1C23,0.623424
O=CN1CC2C3C=CC1C23,0.5727972
C=NN1CC2C3C=CC1C23,0.78830886
N=CN1NC2C3C=CC1C23,0.68560255
O=CN1NC2C3C=CC1C23,0.6933569
N=CN1OC2C3C=CC1C23,0.9359566
O=CN1OC2C3C=CC1C23,0.9109315
C=CC1CN2C3C=CC1C23,0.8487715
O=CC1CN2C3C=CC1C23,0.72185373
N#CC1CN2C3C=CC1C23,1.0083506
C=CC1CC2C3C=CC1N23,1.058997
O=CC1CC2C3C=CC1N23,0.94173574
N#CC1CC2C3C=CC1N23,1.047258
C#CC1CC2C3C=CC1C23,0.72966915
C#CC1NC2C3C=CC1C23,0.80442226
C#CC1OC2C3C=CC1C23,1.2486237
C#CC1CN2C3C=CC1C23,0.8298092
C#CC1CC2C3C=CC1N23,0.9372284
CC=C1CC2C3C=CC1C23,0.8112113
NN=C1CC2C3C=CC1C23,0.90200436
ON=C1CC2C3C=CC1C23,0.8615404
CN=C1NC2C3C=CC1C23,0.7586794
NNC1=NC2C3C=CC1C23,1.1186908
ON=C1NC2C3C=CC1C23,0.9761896
CC=C1OC2C3C=CC1C23,1.0233413
NN=C1OC2C3C=CC1C23,1.2078587
ON=C1OC2C3C=CC1C23,1.1916267
CC=C1CN2C3C=CC1C23,0.832008
NN=C1CN2C3C=CC1C23,1.0033193
ON=C1CN2C3C=CC1C23,1.1485119
CC=C1CC2C3C=CC1N23,1.1180784
NN=C1CC2C3C=CC1N23,1.1925656
ON=C1CC2C3C=CC1N23,1.2440587
CCC1=CC2C3CCC1C23,0.725653
NCC1=CC2C3CCC1C23,0.6431534
OCC1=CC2C3CCC1C23,0.5733448
COC1=CC2C3CCC1C23,0.40611893
CCC1=CC2C3CNC1C23,0.6421333
NCC1=CC2C3CNC1C23,0.34506622
OCC1=CC2C3CNC1C23,0.4545023
COC1=CC2C3CNC1C23,0.36802593
CCC1=CC2C3COC1C23,0.81450665
NCC1=CC2C3COC1C23,0.79874444
OCC1=CC2C3COC1C23,0.7349466
COC1=CC2C3COC1C23,0.6697438
CCC1=CC2C3NCC1C23,0.6452182
NCC1=CC2C3NCC1C23,0.488022
OCC1=CC2C3NCC1C23,0.5729605
COC1=CC2C3NCC1C23,0.50367945
CCC1=CC2C3OCC1C23,0.8976232
NCC1=CC2C3OCC1C23,0.8791928
OCC1=CC2C3OCC1C23,0.85767305
COC1=CC2C3OCC1C23,0.81110114
CCC1=CC2C3C1CCN23,0.68053406
NCC1=CC2C3C1CCN23,0.57286024
OCC1=CC2C3C1CCN23,0.6299441
COC1=CC2C3C1CCN23,0.5278567
CCC1=CC2C3CCC1N23,0.65497136
NCC1=CC2C3CCC1N23,0.50874317
OCC1=CC2C3CCC1N23,0.6778712
COC1=CC2C3CCC1N23,0.6632581
C=CC1=CC2C3CCC1C23,0.67348707
O=CC1=CC2C3CCC1C23,1.0943063
N#CC1=CC2C3CCC1C23,0.98674333
C=CC1=CC2C3CNC1C23,0.49343142
O=CC1=CC2C3CNC1C23,0.8855222
N#CC1=CC2C3CNC1C23,1.0164398
C=CC1=CC2C3COC1C23,0.8028778
O=CC1=CC2C3COC1C23,1.3083355
N#CC1=CC2C3COC1C23,1.4176522
C=CC1=CC2C3NCC1C23,0.6367196
O=CC1=CC2C3NCC1C23,0.9094851
N#CC1=CC2C3NCC1C23,0.88461196
C=CC1=CC2C3OCC1C23,0.92986125
O=CC1=CC2C3OCC1C23,1.3445654
N#CC1=CC2C3OCC1C23,1.5420454
C=CC1=CC2C3C1CCN23,0.8121147
O=CC1=CC2C3C1CCN23,1.0120531
N#CC1=CC2C3C1CCN23,1.0282396
C=CC1=CC2C3CCC1N23,0.77573293
O=CC1=CC2C3CCC1N23,1.0284108
N#CC1=CC2C3CCC1N23,1.1393383
C#CC1=CC2C3CCC1C23,1.2005103
C#CC1=CC2C3CNC1C23,0.9994683
C#CC1=CC2C3COC1C23,1.3487086
C#CC1=CC2C3NCC1C23,0.98841107
C#CC1=CC2C3OCC1C23,1.3604687
C#CC1=CC2C3C1CCN23,1.1986581
C#CC1=CC2C3CCC1N23,1.2780443
CCC1=CC2C3C=CC1C23,0.88355476
NCC1=CC2C3C=CC1C23,0.8869808
OCC1=CC2C3C=CC1C23,0.8090112
COC1=CC2C3C=CC1C23,0.7600143
CCC1=CC2C3C=CC1N23,1.2642263
NCC1=CC2C3C=CC1N23,1.1906698
OCC1=CC2C3C=CC1N23,1.2022774
COC1=CC2C3C=CC1N23,1.0646378
C=CC1=CC2C3C=CC1C23,0.9331558
O=CC1=CC2C3C=CC1C23,1.0427746
N#CC1=CC2C3C=CC1C23,1.2864594
C=CC1=CC2C3C=CC1N23,1.2536384
O=CC1=CC2C3C=CC1N23,1.1885952
N#CC1=CC2C3C=CC1N23,1.5960466
C#CC1=CC2C3C=CC1C23,1.1122183
C#CC1=CC2C3C=CC1N23,1.2459749
C1CC2C3CC=CC1CC23,0.7441183
C1CC2C3CC1C=COC23,0.49204767
C1NC2CC3C1C3CC=C2,0.6178492
C1NC2CC3C1C3OC=C2,0.67192996
C1OC2CC3C1C3CC=C2,0.77301455
C1OC2CC3C1C3OC=C2,0.74761367
C1NC2C3CC=CC1CC23,0.6493137
C1NC2C3CC1C=COC23,0.5545142
C1OC2C3CC=CC1CC23,0.8195207
C1OC2C3CC1C=COC23,0.73421305
C1CC2C3CC=CC1NC23,0.7059645
C1CC2C3NC1C=COC23,0.58913153
C1NC2C3CC=CC1NC23,0.53913635
C1NC2C3NC1C=COC23,0.5826577
C1OC2C3CC=CC1NC23,0.83166975
C1OC2C3NC1C=COC23,0.837805
C1CC2C3CC=CC1OC23,0.78716713
C1CC2C3OC=CC1OC23,0.6215104
C1OC2OC3C1C3CC=C2,1.0652858
C1OC2OC3C1C3OC=C2,1.0759157
C1NC2C3CC=CC1OC23,0.79276764
C1NC2C3OC=CC1OC23,0.570066
C1OC2C3CC=CC1OC23,0.9910864
C1OC2C3OC=CC1OC23,0.6797028
C1CC2C3CC1C=CCN23,0.6284298
C1NC2CC3C1N3CC=C2,0.6449134
C1OC2CC3C1N3CC=C2,0.85928655
C1CN2C3CC=CC1CC23,0.6103633
C1CC2C3CC=CC1CN23,0.6095134
C1NC2CN3C1C3CC=C2,0.64878213
C1OC2CN3C1C3CC=C2,0.8262155
C1CC2C3CC1CC=CC23,0.87949306
C1CC2C3CC1OC=CC23,0.73053086
C1NC2CC=CC3C1C3C2,0.7123716
C1OC2CC=CC3C1C3C2,0.9491732
C1OC2CC3C1C3C=CO2,0.87666965
C1NC2C3CC1CC=CC23,0.7310083
C1NC2C3CC1OC=CC23,0.6637775
C1OC2C3CC1CC=CC23,0.8131244
C1OC2C3CC1OC=CC23,0.8026961
C1CC2C3NC1CC=CC23,0.67489135
C1NC2C3NC1CC=CC23,0.47472095
C1OC2C3NC1CC=CC23,0.7232309
C1CC2C3OC1CC=CC23,0.7801549
C1CC2C3OC1OC=CC23,0.86888874
C1OC2CC=CC3C1C3O2,0.980974
C1NC2C3OC1CC=CC23,0.8676105
C1NC2C3OC1OC=CC23,0.9095639
C1OC2C3OC1CC=CC23,0.9294536
C1OC2C3OC1OC=CC23,0.93875587
C1CN2CC=CC3C1C3C2,0.79535615
C1CN2C3CC1CC=CC23,0.7096638
C1CN2C3CC1OC=CC23,0.6733788
C1CN2C3CN1CC=CC23,0.6293378
C1CC2C3C=CCC1CN23,0.6104488
C1CC2C3C=COC1CN23,0.6937746
C1NC2CC=CC3C1N3C2,0.75803655
C1OC2CC=CC3C1N3C2,0.942333
C1OC2CN3C1C3C=CO2,1.00749
C1CC2CC3C(C1)C3C=C2,0.8711865
C1NCC2C3CC1C=CC23,0.7152272
C1OCC2C3CC1C=CC23,0.8387542
C1CC2C3CC(N1)C=CC23,0.65422076
C1CC2C3CC(O1)C=CC23,0.8036169
C1CC2CC3C(N1)C3C=C2,0.8988626
C1CC2CC3C(O1)C3C=C2,0.982429
C1OC2CC3C(O1)C3C=C2,0.7917886
C1CC2NC3C(C1)C3C=C2,0.64523166
C1NCC2C3NC1C=CC23,0.64625883
C1OCC2C3NC1C=CC23,0.7087739
C1CC2NC3C(N1)C3C=C2,0.7523644
C1CC2NC3C(O1)C3C=C2,0.76789176
C1CC2OC3C(C1)C3C=C2,0.6613545
C1NCC2C3OC1C=CC23,0.96741223
C1OCC2C3OC1C=CC23,0.9202162
C1CC2C3OC(O1)C=CC23,0.87631166
C1CC2OC3C(N1)C3C=C2,0.795513
C1CC2OC3C(O1)C3C=C2,0.78975856
C1OC2OC3C(O1)C3C=C2,1.0701061
C1CC2CC3C(C=C2)N3C1,0.7610508
C1CN2C3CC(N1)C=CC23,0.58805805
C1CN2C3CC(O1)C=CC23,0.7389149
C1CC2CN3C(C1)C3C=C2,0.60991436
C1NCC2C3C=CC1CN23,0.69422954
C1OCC2C3C=CC1CN23,0.98750687
C1CC2C3C=CC(CN23)N1,1.0096782
C1CC2C3C=CC(CN23)O1,1.1559116
C1C=CC2CC3C1C3C=C2,0.8853248
C1C2C=CC3C1C3NN=C2,0.7831414
C1C2C=CC3C1C3NC=N2,0.9456473
C1C2C=COC3C1C3C=C2,1.0090787
C1C2C=CC3C1C3ON=C2,1.1956304
C1C=CC2NC3C1C3C=C2,0.85605025
N1N=CC2NC3C1C3C=C2,0.8992716
N1C2C=COC3C1C3C=C2,0.9646957
N1C2C=CC3C1C3ON=C2,1.317433
C1C=CC2OC3C1C3C=C2,0.9007621
N1N=CC2OC3C1C3C=C2,1.21393
O1C=CC2OC3C1C3C=C2,1.1638913
O1N=CC2OC3C1C3C=C2,1.2918593
C1C=CC2CC3C(C=C2)N13,0.79606944
C1C=CC2CN3C1C3C=C2,0.8503026
C1C=CC2C3CC1C=CC23,0.9006095
C1C2NN=CC3C1C3C=C2,0.9224988
C1C2OC=CC3C1C3C=C2,0.9495215
C1C2ON=CC3C1C3C=C2,1.1095219
C1C=CC2C3NC1C=CC23,0.9196718
C1C=CC2C3OC1C=CC23,1.1101735
O1C=CC2C3OC1C=CC23,1.1676266
O1N=CC2C3OC1C=CC23,1.2511588
C1C=CC2C3C=CC1CN23,0.6364942
C1C2NN=CC3C(C=C2)N13,1.0947641
C1C2OC=CC3C(C=C2)N13,1.0460337
C1C2ON=CC3C(C=C2)N13,1.6566061
C1CC2C3CCC1C=CC23,0.9093951
C1CC2C3CNC1C=CC23,0.67039996
C1CC2C3COC1C=CC23,0.8527801
C1OC2OCC3C1C3C=C2,0.84710443
C1CC2C3NCC1C=CC23,0.76238686
C1NC2C3CNC1C=CC23,0.7171867
C1NC2C3COC1C=CC23,0.9635172
C1CC2C3OCC1C=CC23,0.871709
C1NC2COC3C1C3C=C2,0.6843618
C1OC2C3COC1C=CC23,1.0843972
C1NC2C3NCC1C=CC23,0.7044209
C1NC2C3OCC1C=CC23,0.93939054
C1OC2C3OCC1C=CC23,1.0907129
C1CC2C3C=CC1CCN23,0.39427376
C1CN2C3CNC1C=CC23,0.7102314
C1CN2C3COC1C=CC23,0.96453905
C1CC2C3C=CC1C=CC23,0.9016604
C1NC2C=CC3C1C3C=C2,0.7621989
C1OC2C=CC3C1C3C=C2,0.93981993
C1NC2C3C=CC1C=CC23,0.7514564
C1OC2C3C=CC1C=CC23,0.9629049
C1CN2C3C=CC1C=CC23,0.7314706
C1=CC2C3C=CC1C=CC23,1.00151
C=C1C2CC3CCC(C2)C13,0.7837141
C=C1C2CC3CNC(C2)C13,0.4137099
C=C1C2CC3COC(C2)C13,0.53981405
C=C1C2CC3CCC(N2)C13,0.69136685
C=C1C2CC3NCC(N2)C13,0.42976084
C=C1C2CC3OCC(N2)C13,0.6340838
C=C1C2CC3CCC(O2)C13,0.48659408
C=C1C2CC3COC(O2)C13,0.65253127
C=C1C2CC3NCC(O2)C13,0.6165661
C=C1C2CC3OCC(O2)C13,0.7071383
C=C1C2OC3CCC(O2)C13,0.8133592
C=C1C2OC3COC(O2)C13,0.59248066
C=C1C2CC3CCN(C2)C13,0.58812135
C=C1C2CN3CCC(N2)C13,0.59143084
C=C1C2CN3CCC(O2)C13,0.78842795
CC1C2CC3C=CC(C2)C13,0.8541427
NC1C2CC3C=CC(C2)C13,0.873066
OC1C2CC3C=CC(C2)C13,0.651804
CC1C2CC3C=CC(N2)C13,0.6863193
NC1C2CC3C=CC(N2)C13,0.5990702
OC1C2CC3C=CC(N2)C13,0.5945082
CC1C2CC3C=CC(O2)C13,0.83158153
NC1C2CC3C=CC(O2)C13,0.7272481
OC1C2CC3C=CC(O2)C13,0.7378725
CC1C2OC3C=CC(O2)C13,0.935761
NC1C2OC3C=CC(O2)C13,1.0366246
OC1C2OC3C=CC(O2)C13,1.0806752
CN1C2CC3C=CC(C2)C13,0.63188654
CC1C2C3CN1CC2C=C3,0.6539434
CC1C2CC3C=CC(C2)N13,0.6622557
C=C1C2CC3C=CC(C2)C13,0.7536906
O=C1C2CC3C=CC(C2)C13,0.6698643
C=C1C2CC3C=CC(N2)C13,0.7326452
O=C1C2CC3C=CC(N2)C13,0.866079
C=C1C2CC3C=CC(O2)C13,0.93043256
O=C1C2CC3C=CC(O2)C13,1.2692491
C=C1C2OC3C=CC(O2)C13,1.1267017
O=C1C2OC3C=CC(O2)C13,1.0651132
C1CC2CC3CC1C2C=C3,0.8139555
C1CC2NC3CC1C2C=C3,0.7519325
C1CC2OC3CC1C2C=C3,0.73134327
C1CC2OC3OC1C2C=C3,0.67633563
C1NC2CC3CC1C2C=C3,0.7989668
C1NC2CC3NC1C2C=C3,0.70036936
C1NC2CC3OC1C2C=C3,0.8407476
C1OC2CC3CC1C2C=C3,0.8086666
C1OC2OC3CC1C2C=C3,0.95179236
C1OC2CC3NC1C2C=C3,0.93209624
C1OC2CC3OC1C2C=C3,0.77949965
C1OC2OC3OC1C2C=C3,1.0461175
C1CN2CC3CC1C2C=C3,0.86016613
C1CN2CC3NC1C2C=C3,0.71045214
C1CN2CC3OC1C2C=C3,0.8206153
C1CC2C3CC1CC2C=C3,0.8238089
C1NC2CC3C=CC(C2)C13,0.6276027
C1OC2CC3C=CC(C2)C13,0.72525334
C1NC2C3CC1CC2C=C3,0.6705528
C1OC2C3CC1CC2C=C3,0.8463234
C1CC2C3CC1NC2C=C3,0.83641624
C1NC2C3CC1NC2C=C3,0.76832235
C1OC2C3CC1NC2C=C3,0.895512
C1CC2C3CC1OC2C=C3,0.809461
C1OC2CC3C=CC(O2)C13,0.94450355
C1NC2C3CC1OC2C=C3,0.89536417
C1OC2C3CC1OC2C=C3,0.9637277
C1CC2C3OC1OC2C=C3,0.7675333
C1NC2C3OC1OC2C=C3,0.89587593
C1OC2C3OC1OC2C=C3,1.375937
C1CN2CC3C=CC(C2)C13,0.6078739
C1CN2C3CC1CC2C=C3,0.5232617
C1CN2C3CN1CC2C=C3,0.83582157
C1C2CC3C=CC1C3C=C2,0.7978421
C1C2NC3C=CC1C3C=C2,0.8830004
C1C2OC3C=CC1C3C=C2,1.0017539
O1C2OC3C=CC1C3C=C2,1.4693075
C=CC1C2CC3CC1C3C2,0.6609321
C=CC1C2CC3C(CC13)N2,0.36619714
C=CC1C2CC3C(CC13)O2,0.4622226
C=CC1C2CC3CC1C3N2,0.2180209
C=CC1C2CC3CC1C3O2,0.59888303
C=CC1C2OC3CC1C3O2,0.3370836
C=CC1C2CC3NC1C3C2,0.49186236
C=CC1C2CC3NC1C3N2,0.23617226
C=CC1C2CC3NC1C3O2,0.5697502
C=CC1C2CC3OC1C3C2,0.65076053
C=CC1C2CC3OC1C3N2,0.43333724
C=CC1C2CC3OC1C3O2,0.5412735
C=CC1C2CC3CN1CC23,0.40390566
C=CC1C2NC3CN1CC23,0.483492
C=CC1C2OC3CN1CC23,0.7523089
C=CC1C2CC3C1CN3C2,0.49965355
C=CC1C2CC3CN1C3C2,0.45416194
C=CC1C2CC3C(CN13)N2,0.5134186
C=CC1C2CC3C(CN13)O2,0.48135746
C=CC1C2CC3CC1N3C2,0.6303539
CC=C1C2CC3CC1C3C2,0.73849416
CC=C1C2CC3C(CC13)N2,0.4012886
CC=C1C2CC3C(CC13)O2,0.45077822
CC=C1C2CC3CC1C3N2,0.3262028
CC=C1C2CC3CC1C3O2,0.70966244
CC=C1C2OC3CC1C3O2,0.35647616
CC=C1C2CC3NC1C3C2,0.6586391
CC=C1C2CC3NC1C3N2,0.44234982
CC=C1C2CC3NC1C3O2,0.6690084
CC=C1C2CC3OC1C3C2,0.7880027
CC=C1C2CC3OC1C3N2,0.6499401
CC=C1C2CC3OC1C3O2,0.53079677
CC=C1C2CC3C1CN3C2,0.5366505
CC=C1C2CC3CC1N3C2,0.5147664
C1CC2C=C(CC12)C3CC3,0.64600986
C1CC2C=C(OC12)C3CC3,0.6399787
C1CC1C2=CC3NCC3C2,0.52275544
C1CC1C2=CC3NCC3O2,0.68145776
C1CC1C2=CC3OCC3C2,0.85709524
C1CC1C2=CC3OCC3O2,0.7006979
C1CC1C2=CC3CNC3C2,0.5839422
C1CC1C2=CC3COC3C2,0.8064672
C1CC1C2=CC3CCN3C2,0.6630733
C1CC2C=C(CC12)C3CN3,0.5946311
C1CC2C=C(OC12)C3CN3,0.54777306
C1NC2C=C(CC12)C3CN3,0.9112481
C1NC1C2=CC3NCC3O2,0.67996764
C1NC1C2=CC3OCC3C2,0.88943285
C1NC1C2=CC3OCC3O2,0.8912488
C1NC1C2=CC3CNC3C2,0.82278585
C1NC1C2=CC3COC3C2,0.91566217
C1CN2CC(=CC12)C3CN3,0.5924994
C1CC2C=C(CC12)C3CO3,0.7353677
C1CC2C=C(OC12)C3CO3,0.60463905
C1NC2C=C(CC12)C3CO3,0.8108805
C1NC2C=C(OC12)C3CO3,0.49341804
C1OC2C=C(CC12)C3CO3,1.1299635
C1OC2C=C(OC12)C3CO3,0.9994606
C1NC2CC(=CC12)C3CO3,0.7270884
C1OC1C2=CC3COC3C2,1.0470952
C1CN2CC(=CC12)C3CO3,0.52964485
C=CC1C2CC1C3CCC23,0.7415516
C=CC1C2CC1C3NCC23,0.5270181
C=CC1C2CC1C3OCC23,0.5931222
C=CC1C2NC1C3CCC23,0.48939836
C=CC1C2NC1C3NCC23,0.599443
C=CC1C2NC1C3OCC23,0.57596123
C=CC1C2OC1C3CCC23,0.60701144
C=CC1C2OC1C3NCC23,0.7090481
C=CC1C2OC1C3OCC23,0.8437778
C=CC1C2CC1N3CCC23,0.2660924
C=CC1C2CN1C3CCC23,0.46950167
C=CC1C2CN1C3CNC23,0.64410925
C=CC1C2CN1C3COC23,0.5952624
C=C1CC2CCC2C3CC13,0.73308325
C=C1OC2CCC2C3CC13,0.6720751
C=C1CC2NCC2C3CC13,0.71693975
C=C1CC2OCC2C3CC13,0.79912573
C=C1CC2CNC2C3CC13,0.62410396
C=C1OC2CNC2C3CC13,0.9109038
C=C1CC2COC2C3CC13,0.70858824
C=C1OC2COC2C3CC13,0.80747706
C=C1CN2CCC2C3CC13,0.7333766
C=C1CC2CCN2C3CC13,0.6057148
C=C1CC2CCC2C3NC13,0.66187453
C=C1OC2CCC2C3NC13,0.7469573
C=C1CC2NCC2C3NC13,0.64654684
C=C1CC2OCC2C3NC13,0.77343476
C=C1CC2CNC2C3NC13,0.62620646
C=C1OC2CNC2C3NC13,0.8360541
C=C1CC2COC2C3NC13,0.5249593
C=C1OC2COC2C3NC13,0.8473371
C=C1CN2CCC2C3NC13,0.6946062
C=C1CC2CCC2C3OC13,0.65866196
C=C1OC2CCC2C3OC13,0.9488642
C=C1CC2NCC2C3OC13,0.7402696
C=C1CC2OCC2C3OC13,0.86493343
C=C1CC2CNC2C3OC13,0.74862766
C=C1OC2CNC2C3OC13,0.9071694
C=C1CC2COC2C3OC13,0.87339115
C=C1OC2COC2C3OC13,0.85362875
C=C1CN2CCC2C3OC13,0.75938
C=C1CC2CCC2N3CC13,0.66619205
C=C1OC2CCC2N3CC13,0.92096263
C=C1CC2NCC2N3CC13,0.68218696
C=C1CC2OCC2N3CC13,0.6660885
CC1=CC2CCC2C3CC13,0.83780485
CC1=CC2NCC2C3CC13,0.8159081
CC1=CC2OCC2C3CC13,0.75838923
CC1=CC2CNC2C3CC13,0.74531674
CC1=CC2COC2C3CC13,0.8701361
CC1=CC2CCN2C3CC13,0.57699406
CC1=CC2CCC2C3NC13,0.7023694
CC1=CC2NCC2C3NC13,0.69931704
CC1=CC2OCC2C3NC13,0.5947181
CC1=CC2CNC2C3NC13,0.66363317
CC1=CC2COC2C3NC13,0.50076234
CC1=CC2CCC2C3OC13,0.64427495
CC1=CC2NCC2C3OC13,0.75675356
CC1=CC2OCC2C3OC13,0.82578
CC1=CC2CNC2C3OC13,0.7467572
CC1=CC2COC2C3OC13,0.8381996
CC1=CC2CCC2N3CC13,0.75565636
CC1=CC2NCC2N3CC13,0.8139136
CC1=CC2OCC2N3CC13,0.63632625
C=CC1CC2CC1C3CC23,0.6138017
C=CC1NC2CC1C3CC23,0.53383654
C=CC1OC2CC1C3CC23,0.4685046
C=CC1CC2NC1C3CC23,0.28807202
C=CC1CC2OC1C3CC23,0.40161458
C=CC1OC2OC1C3CC23,0.5550649
C=CC1CN2CC1C3CC23,0.598609
C=CC1CC2CN1C3CC23,0.40894175
C=CC1CC2CC1C3NC23,0.60176116
C=CC1NC2CC1C3NC23,0.51392883
C=CC1OC2CC1C3NC23,0.5321851
C=CC1CC2NC1C3NC23,0.60137355
C=CC1CC2OC1C3NC23,0.55755293
C=CC1OC2OC1C3NC23,0.7076057
C=CC1CC2CC1C3OC23,0.4496186
C=CC1NC2CC1C3OC23,0.29998118
C=CC1OC2CC1C3OC23,0.4969171
C=CC1CC2NC1C3OC23,0.34292442
C=CC1CC2OC1C3OC23,0.5793048
C=CC1OC2OC1C3OC23,0.62349474
C=CC1CC2CC1C3CN23,0.7047333
C=CC1CC2CC1N3CC23,0.5350725
C=CC1NC2CC1N3CC23,0.65277237
C=CC1OC2CC1N3CC23,0.73307467
CC=C1CC2CC1C3CC23,0.6315115
CC=C1OC2CC1C3CC23,0.3567914
CC=C1CC2NC1C3CC23,0.27828184
CC=C1CC2OC1C3CC23,0.342094
CC=C1OC2OC1C3CC23,0.47288272
CC=C1CN2CC1C3CC23,0.47434896
CC=C1CC2CC1C3NC23,0.58123076
CC=C1OC2CC1C3NC23,0.47582087
CC=C1CC2NC1C3NC23,0.48901445
CC=C1CC2OC1C3NC23,0.4751269
CC=C1OC2OC1C3NC23,0.526199
CC=C1CC2CC1C3OC23,0.53700745
CC=C1OC2CC1C3OC23,0.49212745
CC=C1CC2NC1C3OC23,0.43808934
CC=C1CC2OC1C3OC23,0.49205318
CC=C1OC2OC1C3OC23,0.5594547
CC=C1CC2CC1C3CN23,0.6901934
CC=C1CC2CC1N3CC23,0.50734055
CC=C1OC2CC1N3CC23,0.6685796
CCC1=CC2CC1C3CC23,0.7827586
NCC1=CC2CC1C3CC23,0.6183833
OCC1=CC2CC1C3CC23,0.65047234
COC1=CC2CC1C3CC23,0.47051993
CCC1=CC2NC1C3CC23,0.46191123
NCC1=CC2NC1C3CC23,0.44644246
OCC1=CC2NC1C3CC23,0.5348014
COC1=CC2NC1C3CC23,0.54852474
CCC1=CC2OC1C3CC23,0.7280917
NCC1=CC2OC1C3CC23,0.73566103
OCC1=CC2OC1C3CC23,0.83326954
COC1=CC2OC1C3CC23,0.62140197
CCC1=CC2CC1C3NC23,0.654295
NCC1=CC2CC1C3NC23,0.59053344
OCC1=CC2CC1C3NC23,0.6138093
COC1=CC2CC1C3NC23,0.29104748
CCC1=CC2NC1C3NC23,0.4317976
NCC1=CC2NC1C3NC23,0.40820226
OCC1=CC2NC1C3NC23,0.5831311
COC1=CC2NC1C3NC23,0.49852547
CCC1=CC2OC1C3NC23,0.59906393
NCC1=CC2OC1C3NC23,0.6371846
OCC1=CC2OC1C3NC23,0.9455262
COC1=CC2OC1C3NC23,0.7578745
CCC1=CC2CC1C3OC23,0.6148095
NCC1=CC2CC1C3OC23,0.5541588
OCC1=CC2CC1C3OC23,0.6957938
COC1=CC2CC1C3OC23,0.48612288
CCC1=CC2NC1C3OC23,0.38090405
NCC1=CC2NC1C3OC23,0.45593956
OCC1=CC2NC1C3OC23,0.5166447
COC1=CC2NC1C3OC23,0.39095333
CCC1=CC2OC1C3OC23,0.6012873
NCC1=CC2OC1C3OC23,0.6264846
OCC1=CC2OC1C3OC23,0.80967236
COC1=CC2OC1C3OC23,0.5223104
CCC1=CC2CC1C3CN23,0.72174263
NCC1=CC2CC1C3CN23,0.5908966
OCC1=CC2CC1C3CN23,0.67798597
COC1=CC2CC1C3CN23,0.46057197
CCC1=CC2CC1N3CC23,0.50816905
NCC1=CC2CC1N3CC23,0.5848962
OCC1=CC2CC1N3CC23,0.69516814
COC1=CC2CC1N3CC23,0.5032834
C=CC1=CC2CC1C3CC23,0.83358437
O=CC1=CC2CC1C3CC23,1.195436
N#CC1=CC2CC1C3CC23,1.1835865
C=CC1=CC2NC1C3CC23,0.74748564
O=CC1=CC2NC1C3CC23,0.88946545
N#CC1=CC2NC1C3CC23,1.2486639
C=CC1=CC2OC1C3CC23,0.9662801
O=CC1=CC2OC1C3CC23,1.0704314
N#CC1=CC2OC1C3CC23,1.3631743
C=CC1=CC2CC1C3NC23,0.66564256
O=CC1=CC2CC1C3NC23,0.8853652
N#CC1=CC2CC1C3NC23,1.1452531
C=CC1=CC2NC1C3NC23,0.6306127
O=CC1=CC2NC1C3NC23,0.8720372
N#CC1=CC2NC1C3NC23,1.0915585
C=CC1=CC2OC1C3NC23,1.0505947
O=CC1=CC2OC1C3NC23,1.2306921
N#CC1=CC2OC1C3NC23,1.3160466
C=CC1=CC2CC1C3OC23,0.797369
O=CC1=CC2CC1C3OC23,1.0636446
N#CC1=CC2CC1C3OC23,1.1531167
C=CC1=CC2NC1C3OC23,0.6125139
O=CC1=CC2NC1C3OC23,0.8926001
N#CC1=CC2NC1C3OC23,1.0060717
C=CC1=CC2OC1C3OC23,0.89627266
O=CC1=CC2OC1C3OC23,0.956355
N#CC1=CC2OC1C3OC23,1.2192212
C=CC1=CC2CC1C3CN23,0.8420658
O=CC1=CC2CC1C3CN23,1.0493665
N#CC1=CC2CC1C3CN23,1.2015222
C=CC1=CC2CC1N3CC23,0.7774387
O=CC1=CC2CC1N3CC23,1.3319613
N#CC1=CC2CC1N3CC23,1.3827044
C#CC1=CC2CC1C3CC23,1.4085147
C#CC1=CC2NC1C3CC23,1.1833636
C#CC1=CC2OC1C3CC23,0.8363478
C#CC1=CC2CC1C3NC23,1.2012559
C#CC1=CC2NC1C3NC23,0.9354863
C#CC1=CC2OC1C3NC23,0.590114
C#CC1=CC2CC1C3OC23,1.3260452
C#CC1=CC2NC1C3OC23,0.8019504
C#CC1=CC2OC1C3OC23,0.9754707
C#CC1=CC2CC1C3CN23,1.2913126
C#CC1=CC2CC1N3CC23,1.0684639
CC1C2CC2C3C(C=C)C13,0.80816776
NC1C2CC2C3C(C=C)C13,0.84718096
OC1C2CC2C3C(C=C)C13,0.8340054
CN1C2CC2C3C(C=C)C13,0.72906005
CC1C2NC2C3C(C=C)C13,0.8019544
NC1C2NC2C3C(C=C)C13,1.0340923
OC1C2NC2C3C(C=C)C13,0.9921177
CC1C2OC2C3C(C=C)C13,1.0313255
NC1C2OC2C3C(C=C)C13,1.14221
OC1C2OC2C3C(C=C)C13,1.2506393
CC1C2C(C=C)C2C3CN13,0.5520736
CC1C2CC2C3C(C=C)N13,0.57282996
CC1C2NC2C3C(C=C)N13,0.58528996
CC1C2OC2C3C(C=C)N13,0.69144577
CC1C2CN2C3C(C=C)C13,0.6711305
NC1C2CN2C3C(C=C)C13,0.6520868
OC1C2CN2C3C(C=C)C13,0.6387261
CC1C2CC2N3C(C=C)C13,0.6260612
NC1C2CC2N3C(C=C)C13,0.57719386
OC1C2CC2N3C(C=C)C13,0.6309988
CCC1C2C3CC3C(=C)C12,0.82227284
NCC1C2C3CC3C(=C)C12,0.60483664
OCC1C2C3CC3C(=C)C12,0.6665445
CNC1C2C3CC3C(=C)C12,0.53650135
COC1C2C3CC3C(=C)C12,0.68805283
CCC1C2C3NC3C(=C)C12,0.7131143
NCC1C2C3NC3C(=C)C12,0.67278904
OCC1C2C3NC3C(=C)C12,0.77773964
CNC1C2C3NC3C(=C)C12,0.6468658
COC1C2C3NC3C(=C)C12,0.77801657
CCC1C2C3OC3C(=C)C12,0.9165523
NCC1C2C3OC3C(=C)C12,1.1589743
OCC1C2C3OC3C(=C)C12,1.0726864
CNC1C2C3OC3C(=C)C12,1.1080881
COC1C2C3OC3C(=C)C12,1.023115
CCN1C2C3CC3C(=C)C12,0.5856044
CCN1C2C3NC3C(=C)C12,0.61746126
CCN1C2C3OC3C(=C)C12,1.0088878
CCC1C2C1C(=C)C3CN23,0.5909836
NCC1C2C1C(=C)C3CN23,0.41785225
OCC1C2C1C(=C)C3CN23,0.50619835
CNC1C2C1C(=C)C3CN23,0.38542458
COC1C2C1C(=C)C3CN23,0.42891213
CCC1C2N1C3CC3C2=C,0.5523439
NCC1C2N1C3CC3C2=C,0.5685178
OCC1C2N1C3CC3C2=C,0.66489255
C=CC1C2C3CC3C(=C)C12,0.6620829
C=C1C2CC2C3C(C=O)C13,1.6606323
C=C1C2CC2C3C(C#N)C13,1.5001158
C=CC1C2C3CC3C(=O)C12,1.2820703
C=CC1C2C3NC3C(=C)C12,0.7686052
C=C1C2NC2C3C(C=O)C13,1.3582135
C=C1C2NC2C3C(C#N)C13,1.4036438
C=CC1C2C3NC3C(=O)C12,1.3255535
C=CC1C2C3OC3C(=C)C12,0.98393524
C=C1C2OC2C3C(C=O)C13,2.005169
C=C1C2OC2C3C(C#N)C13,1.9094085
C=CC1C2C3OC3C(=O)C12,1.6876092
C=C1C2CC2C3C1N3C=N,1.0653714
C=C1C2CC2C3C1N3C=O,1.0386332
C=NN1C2C3CC3C(=C)C12,1.1229417
C=C1C2NC2C3C1N3C=N,1.0927573
C=C1C2NC2C3C1N3C=O,1.1258318
C=NN1C2C3NC3C(=C)C12,0.97383654
C=C1C2OC2C3C1N3C=N,1.2700797
C=C1C2OC2C3C1N3C=O,1.5096459
C=NN1C2C3OC3C(=C)C12,1.1792542
C=CC1C2C3CN3C(=N)C12,0.83562374
C=CC1C2C3CN3C(=O)C12,0.9963819
C=CC1C2C3CC3C(=N)N12,0.94724584
C=CC1C2C3CC3C(=O)N12,1.2045535
C=CC1C2C3NC3C(=N)N12,0.79250497
C=CC1C2C3NC3C(=O)N12,1.223143
C=CC1C2C3OC3C(=N)N12,1.287618
C=CC1C2C3OC3C(=O)N12,1.572173
C=CC1C2C3CN3C(=N)N12,1.0751711
C=CC1C2C3CN3C(=O)N12,1.1801968
C=CC1C2C1C(=C)C3CN23,0.6210325
C=C1C2CN2C3C(C=O)C13,1.1152014
C=C1C2CN2C3C(C#N)C13,1.1785306
C=CC1C2C1C(=O)C3CN23,0.96673626
C=CC1C2N1C3CC3C2=C,0.72352344
C=C1C2CC2N3C(C=O)C13,1.3438219
C=C1C2CC2N3C(C#N)C13,1.4001297
C=CC1C2N1C3CC3C2=O,1.2564851
C=C1C2CC2C3C(C#C)C13,1.1438435
C=C1C2NC2C3C(C#C)C13,1.0545452
C=C1C2OC2C3C(C#C)C13,1.2523733
C=C1C2CN2C3C(C#C)C13,0.86481845
C=C1C2CC2N3C(C#C)C13,0.8352936
C=C1C2CCCC2C3CC13,0.82057303
C=C1C2CNCC2C3CC13,0.73725325
C=C1C2COCC2C3CC13,0.746931
C=C1C2CC2C3CCNC13,0.6172743
C=C1C2CC2C3CCOC13,0.6460813
C=C1C2CC2C3NCCC13,0.42662856
C=C1C2CC2C3OCCC13,0.6868751
C=C1C2CC2C3OCOC13,0.8919041
C=C1C2CC2N3CCCC13,0.37978476
C=C1C2CCCC2C3NC13,0.83017963
C=C1C2CNCC2C3NC13,0.72023094
C=C1C2COCC2C3NC13,0.83673704
C=C1C2NCCC2C3NC13,0.66194284
C=C1C2NC2C3CCOC13,0.6080903
C=C1C2CCNC2C3NC13,0.8309822
C=C1C2CCOC2C3NC13,0.7509039
C=C1C2NC2C3OCOC13,0.99381506
C=C1C2CCCC2C3OC13,0.7883225
C=C1C2CNCC2C3OC13,0.7940157
C=C1C2COCC2C3OC13,0.6912012
C=C1C2NCCC2C3OC13,0.74724966
C=C1C2OCCC2C3OC13,0.7641255
C=C1C2CCNC2C3OC13,0.770962
C=C1C2CCOC2C3OC13,0.8024029
C=C1C2OCOC2C3OC13,0.7432316
C=C1C2CCCC2N3CC13,0.8308442
C=C1C2CNCC2N3CC13,0.84458184
C=C1C2COCC2N3CC13,0.9807178
C=C1C2CN2C3CCNC13,0.53081554
C=C1C2CN2C3CCOC13,0.6425007
CC1C2CC2C3CC=CC13,0.72773975
NC1C2CC2C3CC=CC13,0.72320735
OC1C2CC2C3CC=CC13,0.4285817
CC1C2CC2C3OC=CC13,0.79195404
NC1C2CC2C3OC=CC13,0.86560816
OC1C2CC2C3OC=CC13,0.6828676
CN1C2CC2C3CC=CC13,0.645599
CN1C2CC2C3OC=CC13,0.6557437
CC1C2CC2N3CC=CC13,0.5013917
NC1C2CC2N3CC=CC13,0.5636184
OC1C2CC2N3CC=CC13,0.49146083
CC1C2NC2C3CC=CC13,0.56155413
NC1C2NC2C3CC=CC13,0.5331978
OC1C2NC2C3CC=CC13,0.58094347
CC1C2NC2C3OC=CC13,0.7665447
NC1C2NC2C3OC=CC13,0.8143532
OC1C2NC2C3OC=CC13,0.8546236
CC1C2OC2C3CC=CC13,0.75284314
NC1C2OC2C3CC=CC13,0.8369243
OC1C2OC2C3CC=CC13,0.8621587
CC1C2OC2C3OC=CC13,0.8175247
NC1C2OC2C3OC=CC13,0.91590136
OC1C2OC2C3OC=CC13,1.2259995
CC1C2C=CCC2C3CN13,0.6268986
CC1C2C=COC2C3CN13,0.34089416
CC1C2CN2C3CC=CC13,0.61033434
NC1C2CN2C3CC=CC13,0.56500417
OC1C2CN2C3CC=CC13,0.5781118
C=C1C2CC2C3CC=CC13,0.56819844
O=C1C2CC2C3CC=CC13,0.860791
C=C1C2CC2C3NN=CC13,0.76333594
C=C1C2CC2C3N=CNC13,0.7312428
C=C1C2CC2C3OC=CC13,0.7885528
O=C1C2CC2C3OC=CC13,1.1940697
C=C1C2CC2C3ON=CC13,1.0768579
N=C1C2CC2C3CC=CN13,0.41426963
O=C1C2CC2C3CC=CN13,0.5460645
C=C1C2CC2C3CN=CN13,0.8492683
C=C1C2CC2N3CC=CC13,0.5480329
O=C1C2CC2N3CC=CC13,0.76431024
N=C1C2CC2N3CC=CN13,0.5212729
O=C1C2CC2N3CC=CN13,0.7057851
C=C1C2NC2C3CC=CC13,0.6653863
O=C1C2NC2C3CC=CC13,0.9596452
C=C1C2NC2C3NN=CC13,0.86728746
C=C1C2NC=NC2C3NC13,0.90931475
C=C1C2NC2C3OC=CC13,0.8701161
O=C1C2NC2C3OC=CC13,1.3858243
C=C1C2NC2C3ON=CC13,1.1595683
N=C1C2NC2C3CC=CN13,0.41442147
O=C1C2NC2C3CC=CN13,0.74111855
C=C1C2NC2C3CN=CN13,0.98984146
C=C1C2OC2C3CC=CC13,1.0171055
O=C1C2OC2C3CC=CC13,1.05429
C=C1C2OC2C3NN=CC13,1.1906868
C=C1C2NC=NC2C3OC13,1.1600896
C=C1C2OC2C3OC=CC13,1.2884463
O=C1C2OC2C3OC=CC13,1.6446906
C=C1C2OC2C3ON=CC13,1.4603649
N=C1C2OC2C3CC=CN13,0.90985125
O=C1C2OC2C3CC=CN13,0.9668018
C=C1C2OC2C3CN=CN13,1.2820375
N=C1C2C=CCC2C3CN13,0.6808208
O=C1C2C=CCC2C3CN13,0.93933415
N=C1C2C=COC2C3CN13,0.98960876
O=C1C2C=COC2C3CN13,0.8524034
N=C1N2CC2C3CC=CN13,0.5080212
O=C1N2CC2C3CC=CN13,0.7304226
C=C1C2CN2C3CC=CC13,0.69616175
O=C1C2CN2C3CC=CC13,0.93636644
CC1C2CC=CC2C3CC13,0.7908768
NC1C2CC=CC2C3CC13,0.7342915
OC1C2CC=CC2C3CC13,0.75013304
CC1C2CC2C3C=COC13,0.48688915
NC1C2CC2C3C=COC13,0.6521922
OC1C2CC2C3C=COC13,0.6496761
CN1C2CC=CC2C3CC13,0.6636286
CC1C2CC2C3C=CCN13,0.4958205
CC1C2CC=CC2C3NC13,0.77312064
NC1C2CC=CC2C3NC13,0.6959603
OC1C2CC=CC2C3NC13,0.7589053
CC1C2NC2C3C=COC13,0.55026156
NC1C2NC2C3C=COC13,0.6357041
OC1C2NC2C3C=COC13,0.75271666
CC1C2NC2C3C=CCN13,0.5919521
CC1C2CC=CC2C3OC13,0.9435337
NC1C2CC=CC2C3OC13,0.83437634
OC1C2CC=CC2C3OC13,0.71061754
CC1C2OC=CC2C3OC13,0.6134297
NC1C2OC=CC2C3OC13,0.78485215
OC1C2OC=CC2C3OC13,0.90981525
CC1C2OC2C3C=CCN13,0.6251236
CC1C2CC=CC2C3CN13,0.6540726
CC1C2OC=CC2C3CN13,0.6718086
CC1C2CC=CC2N3CC13,0.71314
NC1C2CC=CC2N3CC13,0.8485685
OC1C2CC=CC2N3CC13,0.94951046
CC1C2CN2C3C=COC13,0.7381856
NC1C2CN2C3C=COC13,0.8639766
OC1C2CN2C3C=COC13,0.8357408
C=C1C2CC=CC2C3CC13,0.8410059
O=C1C2CC=CC2C3CC13,0.9972778
C=C1C2CC2C3C=NNC13,0.74458647
C=C1C2CC2C3C=COC13,0.83159834
O=C1C2CC2C3C=COC13,1.08006
C=C1C2CC2C3C=NOC13,1.2091218
N=C1C2CC2C3C=CCN13,0.3865656
O=C1C2CC2C3C=CCN13,0.6069156
C=C1C2CC2N3C=NCC13,1.005062
C=C1C2CC2N3N=CCC13,1.1048256
C=C1C2CC=CC2C3NC13,0.8570365
O=C1C2CC=CC2C3NC13,1.0914848
C=C1C2NN=CC2C3NC13,0.9989254
C=C1C2NC2C3C=COC13,0.9245393
O=C1C2NC2C3C=COC13,1.2277364
C=C1C2NC2C3C=NOC13,1.3152789
C=C1C2NC2C3NC=NC13,0.8915637
N=C1C2NC2C3C=CCN13,0.6486757
O=C1C2NC2C3C=CCN13,1.0842291
C=C1C2CC=CC2C3OC13,0.9708123
O=C1C2CC=CC2C3OC13,1.2400483
C=C1C2NN=CC2C3OC13,1.1752775
C=C1C2OC=CC2C3OC13,1.1255327
O=C1C2OC=CC2C3OC13,1.2709007
C=C1C2ON=CC2C3OC13,1.3949897
N=C1C2OC2C3C=CCN13,1.2109388
O=C1C2OC2C3C=CCN13,1.1283535
N=C1C2CC=CC2C3CN13,0.61372447
O=C1C2CC=CC2C3CN13,0.87606716
N=C1C2OC=CC2C3CN13,0.95016694
O=C1C2OC=CC2C3CN13,0.85771656
N=C1N2CC=CC2C3CN13,0.3348525
O=C1N2CC=CC2C3CN13,0.68959105
C=C1C2CC=CC2N3CC13,1.044758
O=C1C2CC=CC2N3CC13,1.3135843
C=C1C2CN2C3C=NNC13,1.0005479
C=C1C2CN2C3C=COC13,1.0408863
O=C1C2CN2C3C=COC13,1.3676327
C=C1C2CN2C3C=NOC13,1.513695
C=C1C2CN=CN2N3CC13,1.0703943
CC1C2CC2C3CCC=C13,0.7304106
NC1C2CC2C3CCC=C13,0.5937279
OC1C2CC2C3CCC=C13,0.59763896
CC1C2CC2C3COC=C13,0.4881663
NC1C2CC2C3COC=C13,0.5672523
OC1C2CC2C3COC=C13,0.63559747
CC1C2CC2C3NCC=C13,0.60279393
NC1C2CC2C3NCC=C13,0.5825425
OC1C2CC2C3NCC=C13,0.5389513
CC1C2CC2C3OCC=C13,0.77840734
NC1C2CC2C3OCC=C13,0.7543703
OC1C2CC2C3OCC=C13,0.72264683
CC1C2NC2C3CCC=C13,0.59189326
NC1C2NC2C3CCC=C13,0.692011
OC1C2NC2C3CCC=C13,0.74841297
CC1C2NC2C3COC=C13,0.5706893
NC1C2NC2C3COC=C13,0.78226954
OC1C2NC2C3COC=C13,0.65769076
CC1C2NC2C3NCC=C13,0.5593439
NC1C2NC2C3NCC=C13,0.74429405
OC1C2NC2C3NCC=C13,0.751827
CC1C2NC2C3OCC=C13,0.7963159
NC1C2NC2C3OCC=C13,0.8473909
OC1C2NC2C3OCC=C13,0.95385855
CC1C2OC2C3CCC=C13,0.81416994
NC1C2OC2C3CCC=C13,0.8694475
OC1C2OC2C3CCC=C13,0.93959486
CC1C2OC2C3COC=C13,0.8225477
NC1C2OC2C3COC=C13,0.8406941
OC1C2OC2C3COC=C13,1.0938917
CC1C2OC2C3NCC=C13,0.81346816
NC1C2OC2C3NCC=C13,0.9300989
OC1C2OC2C3NCC=C13,1.1207843
CC1C2OC2C3OCC=C13,0.8693106
NC1C2OC2C3OCC=C13,1.0466353
OC1C2OC2C3OCC=C13,1.2554326
CC1N2CC2C3CCC=C13,0.6850691
CC1N2CC2C3COC=C13,0.5887039
CC1N2CC2C3NCC=C13,0.5649632
CC1N2CC2C3OCC=C13,0.8122735
CC1C2CN2C3CCC=C13,0.7055416
NC1C2CN2C3CCC=C13,0.7719662
OC1C2CN2C3CCC=C13,0.7301007
CC1C2CN2C3COC=C13,0.6147545
NC1C2CN2C3COC=C13,0.7596345
OC1C2CN2C3COC=C13,0.75269055
C=C1C2CC2C3CCC=C13,0.72822994
O=C1C2CC2C3CCC=C13,1.0026448
O=C1C2CC2C3CNC=C13,0.7679168
C=C1C2CC2C3COC=C13,0.7829752
O=C1C2CC2C3COC=C13,1.1328291
C=C1C2CC2C3CNN=C13,0.79884064
C=C1C2CC2C3CON=C13,1.0474018
C=C1C2CC2C3NCC=C13,0.65279734
O=C1C2CC2C3NCC=C13,1.0708183
C=C1C2CC2C3OCC=C13,0.83514655
O=C1C2CC2C3OCC=C13,1.32756
C=C1C2CC2N3CCN=C13,0.844657
C=C1C2NC2C3CCC=C13,0.8700316
O=C1C2NC2C3CCC=C13,1.0918642
O=C1C2NC2C3CNC=C13,1.1378727
C=C1C2NC2C3COC=C13,0.81478214
O=C1C2NC2C3COC=C13,1.3136108
C=C1C2NC2C3CNN=C13,0.76063365
C=C1C2NC2C3CON=C13,1.0800582
C=C1C2NC2C3NCC=C13,0.8750036
O=C1C2NC2C3NCC=C13,1.2740897
C=C1C2NC2C3OCC=C13,1.0777111
O=C1C2NC2C3OCC=C13,1.5456636
C=C1C2OC2C3CCC=C13,1.156857
O=C1C2OC2C3CCC=C13,1.1054987
O=C1C2OC2C3CNC=C13,1.1028447
C=C1C2OC2C3COC=C13,1.2498838
O=C1C2OC2C3COC=C13,1.4251872
C=C1C2OC2C3CNN=C13,1.3132213
C=C1C2OC2C3CON=C13,1.4698598
C=C1C2OC2C3NCC=C13,1.266934
O=C1C2OC2C3NCC=C13,1.3153588
C=C1C2OC2C3OCC=C13,1.4693171
O=C1C2OC2C3OCC=C13,1.8005368
N=C1N2CC2C3CCC=C13,0.86517453
O=C1N2CC2C3CCC=C13,1.0509734
N=C1N2CC2C3CNC=C13,0.694703
O=C1N2CC2C3CNC=C13,1.0304266
N=C1N2CC2C3COC=C13,1.0293065
O=C1N2CC2C3COC=C13,1.2709483
N=C1N2CC2C3NCC=C13,1.0509824
O=C1N2CC2C3NCC=C13,1.2440133
N=C1N2CC2C3OCC=C13,1.3237695
O=C1N2CC2C3OCC=C13,1.5777732
C=C1C2CN2C3CCC=C13,0.8739315
O=C1C2CN2C3CCC=C13,1.0709959
O=C1C2CN2C3CNC=C13,1.039747
C=C1C2CN2C3COC=C13,0.83157724
O=C1C2CN2C3COC=C13,1.3406757
C=C1C2CN2C3CNN=C13,0.9118881
C=C1C2CN2C3CON=C13,1.3941559
C=C1C2CN2N3CCN=C13,1.1188372
CC1C2CC2C3C=CC=C13,0.9055078
NC1C2CC2C3C=CC=C13,0.98213315
OC1C2CC2C3C=CC=C13,0.7779331
CC1C2NC2C3C=CC=C13,0.88680506
NC1C2NC2C3C=CC=C13,0.80586845
OC1C2NC2C3C=CC=C13,0.8016902
CC1C2OC2C3C=CC=C13,1.0163733
NC1C2OC2C3C=CC=C13,1.1764538
OC1C2OC2C3C=CC=C13,1.333956
CC1N2CC2C3C=CC=C13,1.0602041
CC1C2CN2C3C=CC=C13,1.1586651
NC1C2CN2C3C=CC=C13,1.0355116
OC1C2CN2C3C=CC=C13,0.9083816
C=C1C2CC2C3C=CC=C13,0.8926699
O=C1C2CC2C3C=CC=C13,1.2306895
C=C1C2CC2C3C=NN=C13,1.9410156
C=C1C2CC2n3cccc13,0.5680417
C=C1C2CC2n3cncc13,0.9743894
C=C1C2CC2n3ccnc13,0.9599639
C=C1C2CC2n3cnnc13,1.3903803
C=C1C2CC2n3nccc13,1.4068292
C=C1C2CC2n3nncc13,1.5019463
C=C1C2CC2n3ncnc13,1.5561138
C=C1C2CC2n3nnnc13,1.91532
C=C1C2NC2C3C=CC=C13,0.99672914
O=C1C2NC2C3C=CC=C13,1.2322675
C=C1C2NC2C3C=NN=C13,1.9698216
C=C1C2OC2C3C=CC=C13,1.432151
O=C1C2OC2C3C=CC=C13,1.4514133
C=C1C2OC2C3C=NN=C13,2.4368157
N=C1N2CC2C3C=CC=C13,1.194837
O=C1N2CC2C3C=CC=C13,1.1779791
C=C1C2CN2C3C=CC=C13,1.1215599
O=C1C2CN2C3C=CC=C13,1.5237535
C=C1C2CN2C3C=NN=C13,2.2261653
C=C1C2CN2n3cccc13,1.1143386
C=C1C2CN2n3cncc13,1.355377
C=C1C2CN2n3ccnc13,1.2804822
C=C1C2CN2n3cnnc13,1.9161087
C=C1C2CN2n3nccc13,1.5055531
C=C1C2CN2n3nncc13,1.8580488
C=C1C2CN2n3ncnc13,1.8030853
CC1C2CC2C3=CCCC13,0.66994756
NC1C2CC2C3=CCCC13,0.5229131
OC1C2CC2C3=CCCC13,0.44558823
CC1C2CC2C3=COCC13,0.6997596
NC1C2CC2C3=COCC13,0.57970834
OC1C2CC2C3=COCC13,0.65737855
CC1C2CC2C3=CCNC13,0.59982747
NC1C2CC2C3=CCNC13,0.54136866
OC1C2CC2C3=CCNC13,0.504588
CC1C2CC2C3=CCOC13,0.70615804
NC1C2CC2C3=CCOC13,0.78861284
OC1C2CC2C3=CCOC13,0.6830677
CN1C2CC2C3=CCCC13,0.4832174
CN1C2CC2C3=COCC13,0.6221214
CC1C2CCC=C2C3NC13,0.7887303
NC1C2CCC=C2C3NC13,0.72898054
OC1C2CCC=C2C3NC13,0.8504988
CC1C2COC=C2C3NC13,0.59577143
NC1C2COC=C2C3NC13,0.8331169
OC1C2COC=C2C3NC13,0.85809416
CC1C2NC2C3=CCNC13,0.5355459
NC1C2NC2C3=CCNC13,0.6379129
OC1C2NC2C3=CCNC13,0.6495433
CC1C2NC2C3=CCOC13,0.67958826
NC1C2NC2C3=CCOC13,0.6534152
OC1C2NC2C3=CCOC13,0.9461845
CC1C2CCC=C2C3OC13,0.9871348
NC1C2CCC=C2C3OC13,1.0423009
OC1C2CCC=C2C3OC13,0.8559349
CC1C2COC=C2C3OC13,0.5729864
NC1C2COC=C2C3OC13,0.67063737
OC1C2COC=C2C3OC13,0.7167591
CC1C2NCC=C2C3OC13,0.9580286
NC1C2NCC=C2C3OC13,0.810186
OC1C2NCC=C2C3OC13,0.73037064
CC1C2OC2C3=CCOC13,0.9310878
NC1C2OC2C3=CCOC13,1.1483326
OC1C2OC2C3=CCOC13,1.2687194
CC1C2CCC=C2C3CN13,0.6525969
CC1C2COC=C2C3CN13,0.5490027
CC1C2NCC=C2C3CN13,0.6072625
CC1C2OCC=C2C3CN13,0.53724045
C=C1C2CC2C3=CCCC13,0.60746837
O=C1C2CC2C3=CCCC13,0.97125614
C=C1C2CC2C3=COCC13,0.7113642
O=C1C2CC2C3=COCC13,1.2014865
C=C1C2CC2C3=CCNC13,0.66418797
O=C1C2CC2C3=CCNC13,0.95788693
C=C1C2CC2C3=CCOC13,0.914156
O=C1C2CC2C3=CCOC13,1.2791107
C=C1C2CC2C3=NNCC13,0.7192426
C=C1C2CC2C3=NOCC13,1.0734835
N=C1C2CC2C3=CCCN13,0.35579452
O=C1C2CC2C3=CCCN13,0.54960907
N=C1C2CC2C3=CCNN13,0.6701515
O=C1C2CC2C3=CCNN13,0.84641826
N=C1C2CC2C3=CCON13,1.0279256
O=C1C2CC2C3=CCON13,1.1409357
C=C1C2CC2C3=NCCN13,0.7824997
C=C1C2CCC=C2C3NC13,0.88302785
O=C1C2CCC=C2C3NC13,1.0466107
C=C1C2COC=C2C3NC13,0.9923679
O=C1C2COC=C2C3NC13,1.2546414
C=C1C2NC2C3=CCNC13,0.84272945
O=C1C2NC2C3=CCNC13,0.9145107
C=C1C2NC2C3=CCOC13,1.1439363
O=C1C2NC2C3=CCOC13,1.3465083
C=C1C2CNN=C2C3NC13,0.94419277
C=C1C2CON=C2C3NC13,1.1885563
N=C1C2NC2C3=CCCN13,0.4572738
O=C1C2NC2C3=CCCN13,0.80270445
N=C1C2NC2C3=CCNN13,0.8293537
O=C1C2NC2C3=CCNN13,0.9180276
N=C1C2NC2C3=CCON13,0.9844172
O=C1C2NC2C3=CCON13,1.0355552
C=C1C2NC2C3=NCCN13,0.88926935
C=C1C2CCC=C2C3OC13,1.0821688
O=C1C2CCC=C2C3OC13,1.1856191
C=C1C2COC=C2C3OC13,0.93382835
O=C1C2COC=C2C3OC13,1.0870968
C=C1C2NCC=C2C3OC13,0.9952848
O=C1C2NCC=C2C3OC13,1.4943507
C=C1C2OC2C3=CCOC13,1.4070913
O=C1C2OC2C3=CCOC13,1.1339982
C=C1C2CNN=C2C3OC13,1.0164855
C=C1C2CON=C2C3OC13,1.2727295
N=C1C2OC2C3=CCCN13,0.8756335
O=C1C2OC2C3=CCCN13,0.79456246
N=C1C2OC2C3=CCNN13,1.1825861
O=C1C2OC2C3=CCNN13,1.2407085
N=C1C2OC2C3=CCON13,1.4199014
O=C1C2OC2C3=CCON13,1.2802527
C=C1C2OC2C3=NCCN13,1.2622054
N=C1C2CCC=C2C3CN13,0.5820752
O=C1C2CCC=C2C3CN13,0.592664
N=C1C2COC=C2C3CN13,0.7592777
O=C1C2COC=C2C3CN13,1.0204985
N=C1C2NCC=C2C3CN13,0.43767342
O=C1C2NCC=C2C3CN13,0.99787915
N=C1C2OCC=C2C3CN13,1.1018939
O=C1C2OCC=C2C3CN13,1.3846272
N=C1N2CC2C3=CCCN13,0.5506469
O=C1N2CC2C3=CCCN13,0.8039753
N=C1N2CC2C3=CCNN13,0.9719394
O=C1N2CC2C3=CCNN13,0.964693
N=C1N2CC2C3=CCON13,1.1075283
O=C1N2CC2C3=CCON13,1.1781214
C=C1C2CN2C3=NCCC13,1.1032722
C=C1C2CN2C3=NNCC13,0.91068184
C=C1C2CN2C3=NOCC13,1.1730425
C=C1C2CN2C3=NCCN13,0.88620746
CC1C2CC2C3=CC=CC13,0.84721917
NC1C2CC2C3=CC=CC13,0.84602654
OC1C2CC2C3=CC=CC13,0.71147764
CN1C2CC2C3=CC=CC13,0.7134474
CC1C2NC2C3=CC=CC13,0.81730056
NC1C2NC2C3=CC=CC13,0.7828183
OC1C2NC2C3=CC=CC13,0.85505855
CC1C2OC2C3=CC=CC13,0.98407584
NC1C2OC2C3=CC=CC13,1.1572782
OC1C2OC2C3=CC=CC13,0.9414072
CC1C2C=CC=C2C3CN13,0.996571
C=C1C2CC2C3=CC=CC13,0.8274731
O=C1C2CC2C3=CC=CC13,1.0927052
C=C1C2CC2C3=NN=CC13,1.9280115
C=C1C2CC2c3cccn13,0.6632987
C=C1C2CC2c3cncn13,0.9819525
C=C1C2CC2c3ccnn13,1.2701586
C=C1C2CC2c3cnnn13,1.5430149
C=C1C2CC2c3nccn13,1.1473317
C=C1C2CC2c3nncn13,1.3950653
C=C1C2CC2c3ncnn13,1.6528281
C=C1C2CC2c3nnnn13,2.0912023
C=C1C2NC2C3=CC=CC13,0.9816259
O=C1C2NC2C3=CC=CC13,1.3006625
C=C1C2NC2C3=NN=CC13,2.1109855
C=C1C2NC2c3cccn13,0.9351317
C=C1C2NC2c3cncn13,1.1633871
C=C1C2NC2c3ccnn13,1.4323455
C=C1C2NC2c3cnnn13,1.5963418
C=C1C2NC2c3nccn13,1.223452
C=C1C2NC2c3nncn13,1.6662514
C=C1C2NC2c3ncnn13,1.8416325
C=C1C2NC2c3nnnn13,2.0061154
C=C1C2OC2C3=CC=CC13,1.1393361
O=C1C2OC2C3=CC=CC13,1.4772428
C=C1C2OC2C3=NN=CC13,2.2541056
C=C1C2OC2c3cccn13,1.3827041
C=C1C2OC2c3cncn13,1.6722543
C=C1C2OC2c3ccnn13,1.9366368
C=C1C2OC2c3cnnn13,2.2589827
C=C1C2OC2c3nccn13,1.7333441
C=C1C2OC2c3nncn13,1.9545859
C=C1C2OC2c3ncnn13,2.4648695
C=C1C2OC2c3nnnn13,2.7664406
N=C1C2C=CC=C2C3CN13,1.2324573
O=C1C2C=CC=C2C3CN13,1.5893141
C=C1C2CN2C3=NN=CC13,1.9604452
C=C1C2CN2C3=NC=NC13,2.0683522
C=C1C2CN2c3cccn13,0.92036474
C=C1C2CN2c3cncn13,1.1875068
C=C1C2CN2c3ccnn13,1.4901816
C=C1C2CN2c3cnnn13,1.7497665
C=C1C2CN2c3nccn13,1.2800844
C=C1C2CN2c3nncn13,1.6717542
C=C1C2CN2c3ncnn13,1.8192767
C=C1C2CN2c3nnnn13,2.204836
CC1C2CC2C3=CCC=C13,0.9141544
NC1C2CC2C3=CCC=C13,0.87458646
OC1C2CC2C3=CCC=C13,0.7535983
CN1C2CC2C3=CCN=C13,1.0062283
NN1C2CC2C3=CCN=C13,1.1356415
ON1C2CC2C3=CCN=C13,1.5369349
CC1C2NC2C3=CCC=C13,0.89617515
NC1C2NC2C3=CCC=C13,0.8524064
OC1C2NC2C3=CCC=C13,0.8911506
CC1C2OC2C3=CCC=C13,1.1247004
NC1C2OC2C3=CCC=C13,1.1463008
OC1C2OC2C3=CCC=C13,1.2348481
CC1N2CC2C3=CCC=C13,0.92818046
CN1N2CC2C3=CCN=C13,1.1176453
CC1C2CN2C3=NCC=C13,1.092258
NC1C2CN2C3=NCC=C13,1.3372949
OC1C2CN2C3=NCC=C13,1.3937789
C=C1C2CC2C3=CCC=C13,0.84412843
O=C1C2CC2C3=CCC=C13,1.106469
C=C1C2CC2c3c[nH]cc13,0.65257
C=C1C2CC2c3cocc13,0.87326443
C=C1C2CC2c3c[nH]nc13,1.0821049
C=C1C2CC2c3conc13,1.646052
C=C1C2CC2c3[nH]ncc13,0.99740994
C=C1C2CC2c3nocc13,1.4970919
C=C1C2CC2c3[nH]nnc13,1.3697017
C=C1C2CC2c3nonc13,2.3539882
C=C1C2NC2C3=CCC=C13,1.1190048
O=C1C2NC2C3=CCC=C13,1.2141098
C=C1C2NC2c3c[nH]cc13,0.9503018
C=C1C2NC2c3cocc13,1.1404117
C=C1C2NC2c3c[nH]nc13,1.315357
C=C1C2NC2c3conc13,1.6904403
C=C1C2NC2c3[nH]ncc13,1.3121394
C=C1C2NC2c3nocc13,1.645341
C=C1C2NC2c3[nH]nnc13,1.4678551
C=C1C2NC2c3nonc13,2.4030364
C=C1C2OC2C3=CCC=C13,1.2875218
O=C1C2OC2C3=CCC=C13,1.3270956
C=C1C2OC2c3c[nH]cc13,0.9969089
C=C1C2OC2c3cocc13,1.2929462
C=C1C2OC2c3c[nH]nc13,1.664011
C=C1C2OC2c3conc13,2.3167987
C=C1C2OC2c3[nH]ncc13,1.3840661
C=C1C2OC2c3nocc13,2.0730643
C=C1C2OC2c3[nH]nnc13,2.0261364
C=C1C2OC2c3nonc13,3.0428386
N=C1N2CC2C3=CCC=C13,1.0710393
O=C1N2CC2C3=CCC=C13,1.2351757
C=C1C2CN2c3c[nH]cc13,0.936224
C=C1C2CN2c3cocc13,0.9529139
C=C1C2CN2c3c[nH]nc13,1.3228581
C=C1C2CN2c3conc13,1.9128342
C=C1C2CN2C3=NCC=C13,1.6902424
O=C1C2CN2C3=NCC=C13,1.8419582
C=C1C2CN2c3n[nH]cc13,0.98276675
C=C1C2CN2c3nocc13,1.5142413
C=C1C2CN2c3n[nH]nc13,1.6202252
C=C1C2CN2c3nonc13,2.5566862
CC1=C2CCCC2C3CC13,0.7217206
CC1=C2CNCC2C3CC13,0.5563588
CC1=C2COCC2C3CC13,0.5948627
CC1=C2OCCC2C3CC13,0.5524523
CC1=C2CCNC2C3CC13,0.44198623
CC1=C2CCOC2C3CC13,0.68968785
CC1=C2OCOC2C3CC13,0.55945396
CC1=C2CCCC2C3NC13,0.747065
CC1=C2CNCC2C3NC13,0.61330324
CC1=C2COCC2C3NC13,0.6193284
CC1=C2OCCC2C3NC13,0.5266908
CC1=C2CCNC2C3NC13,0.6808436
CC1=C2CCOC2C3NC13,0.61513853
CC1=C2OCOC2C3NC13,0.7233573
CC1=C2CCCC2C3OC13,0.82240164
CC1=C2CNCC2C3OC13,0.70611054
CC1=C2COCC2C3OC13,0.64119685
CC1=C2OCCC2C3OC13,0.65971214
CC1=C2CCNC2C3OC13,0.80948174
CC1=C2CCOC2C3OC13,0.75588346
CC1=C2OCOC2C3OC13,0.66989994
CC1=C2CCCC2N3CC13,0.732325
CC1=C2CNCC2N3CC13,0.68498266
CC1=C2COCC2N3CC13,0.78709495
CC1=C2OCCC2N3CC13,0.92446554
CC1=C2C=CCC2C3CC13,0.8087301
CC1=C2C=NNC2C3CC13,0.7485036
NC1=C2C=NNC2C3CC13,1.00246
CC1=C2C=COC2C3CC13,0.7360623
CC1=C2C=NOC2C3CC13,0.9254401
NC1=C2C=NOC2C3CC13,1.2167057
CC1=C2C=CCC2C3NC13,0.80219215
CC1=C2C=NNC2C3NC13,0.7459974
NC1=C2C=NNC2C3NC13,1.1471262
CC1=C2C=COC2C3NC13,0.7745325
CC1=C2C=NOC2C3NC13,1.0529528
NC1=C2C=NOC2C3NC13,1.2305518
CC1=C2C=CCC2C3OC13,0.94216746
CC1=C2C=NNC2C3OC13,1.1120259
NC1=C2C=NNC2C3OC13,1.136192
CC1=C2C=COC2C3OC13,0.95013285
CC1=C2C=NOC2C3OC13,1.2932087
NC1=C2C=NOC2C3OC13,1.2727734
CC1=C2C=NNC2C3CN13,0.7157904
NC1=C2C=NNC2C3CN13,0.948665
CC1=C2C=NOC2C3CN13,0.94122523
NC1=C2C=NOC2C3CN13,0.95997703
CC1=C2C=CCC2N3CC13,1.0969452
CC1=C2CC=CC2C3CC13,0.84630954
CC1=C2OC=CC2C3CC13,0.91231537
CC1=C2N=CNC2C3CC13,0.72493553
CC1=C2CN=CN2C3CC13,0.55888
CC1=C2CC=CC2C3NC13,0.82693195
CC1=C2OC=CC2C3NC13,0.7497631
CC1=C2N=CNC2C3NC13,0.71094215
CC1=C2CC=CC2C3OC13,1.0312887
CC1=C2OC=CC2C3OC13,1.0104499
CC1=C2N=CNC2C3OC13,0.9005577
CC1=C2CC=CC2N3CC13,0.9535599
CC1=C2OC=CC2N3CC13,0.9450105
CC1=C2CN=CN2N3CC13,0.93488485
CC1=C2CCC=C2C3CC13,0.6691569
CC1=C2COC=C2C3CC13,0.6212331
CC1=C2OCC=C2C3CC13,0.76314414
CC1=C2CNN=C2C3CC13,0.7834003
NC1=C2CNN=C2C3CC13,0.85630774
CC1=C2CON=C2C3CC13,0.9671272
NC1=C2CON=C2C3CC13,1.2824038
CC1=C2CCC=C2C3NC13,0.6922477
CC1=C2COC=C2C3NC13,0.7673327
CC1=C2OCC=C2C3NC13,0.74885225
CC1=C2CNN=C2C3NC13,0.74901515
NC1=C2CNN=C2C3NC13,1.0024934
CC1=C2CON=C2C3NC13,1.1080633
NC1=C2CON=C2C3NC13,1.2504117
CC1=C2CCC=C2C3OC13,1.1331714
CC1=C2COC=C2C3OC13,0.9395424
CC1=C2OCC=C2C3OC13,1.0841595
CC1=C2CNN=C2C3OC13,1.0986121
NC1=C2CNN=C2C3OC13,1.2116262
CC1=C2CON=C2C3OC13,1.3723581
NC1=C2CON=C2C3OC13,1.4158272
CC1=C2CNN=C2C3CN13,0.5944996
NC1=C2CNN=C2C3CN13,0.8928534
CC1=C2CON=C2C3CN13,0.92785716
NC1=C2CON=C2C3CN13,1.1947707
CC1=C2CCN=C2N3CC13,1.1450447
NC1=C2CCN=C2N3CC13,1.2786556
CC1=C2CNN=C2N3CC13,1.0196494
NC1=C2CNN=C2N3CC13,1.1819524
CC1=C2CON=C2N3CC13,1.2695507
NC1=C2CON=C2N3CC13,1.7068789
CC1=C2C=CC=C2C3CC13,1.0145952
CC1=C2C=CC=C2C3NC13,1.1640011
CC1=C2C=CC=C2C3OC13,1.659178
C=C1N2CC2c3[nH]ncc13,1.4412457
CC1C2CC2C3=C1CCC3,0.705643
NC1C2CC2C3=C1CCC3,0.68835986
OC1C2CC2C3=C1CCC3,0.6441621
CC1C2CC2C3=C1CNC3,0.5459376
NC1C2CC2C3=C1CNC3,0.637435
OC1C2CC2C3=C1CNC3,0.71489424
CC1C2CC2C3=C1COC3,0.77623713
NC1C2CC2C3=C1COC3,0.72170246
OC1C2CC2C3=C1COC3,0.88587093
CC1C2CC2C3=C1OCC3,0.65938526
NC1C2CC2C3=C1OCC3,0.5251163
OC1C2CC2C3=C1OCC3,0.6317699
CC1C2CC2C3=C1CCO3,0.6237595
NC1C2CC2C3=C1CCO3,0.828284
OC1C2CC2C3=C1CCO3,0.8074546
CC1C2CC2C3=C1OCO3,0.47626865
NC1C2CC2C3=C1OCO3,0.51891017
OC1C2CC2C3=C1OCO3,0.5003955
CC1C2NC2C3=C1CCC3,0.61318105
NC1C2NC2C3=C1CCC3,0.6963264
OC1C2NC2C3=C1CCC3,0.76582193
CC1C2NC2C3=C1CNC3,0.5885488
NC1C2NC2C3=C1CNC3,0.692709
OC1C2NC2C3=C1CNC3,0.69065386
CC1C2NC2C3=C1COC3,0.6936585
NC1C2NC2C3=C1COC3,0.8188544
OC1C2NC2C3=C1COC3,0.8067079
CC1C2NC2C3=C1OCC3,0.49088612
NC1C2NC2C3=C1OCC3,0.6907798
OC1C2NC2C3=C1OCC3,0.7760905
CC1C2NC2C3=C1CCO3,0.71846235
NC1C2NC2C3=C1CCO3,0.9119519
OC1C2NC2C3=C1CCO3,0.78422236
CC1C2NC2C3=C1OCO3,0.5370481
NC1C2NC2C3=C1OCO3,0.54185414
OC1C2NC2C3=C1OCO3,0.774863
CC1C2OC2C3=C1CCC3,0.9565148
NC1C2OC2C3=C1CCC3,0.93636316
OC1C2OC2C3=C1CCC3,0.94437385
CC1C2OC2C3=C1CNC3,0.654258
NC1C2OC2C3=C1CNC3,0.80875266
OC1C2OC2C3=C1CNC3,0.974204
CC1C2OC2C3=C1COC3,0.86613953
NC1C2OC2C3=C1COC3,0.9515905
OC1C2OC2C3=C1COC3,1.1213493
CC1C2OC2C3=C1OCC3,0.77245504
NC1C2OC2C3=C1OCC3,0.82569915
OC1C2OC2C3=C1OCC3,1.057558
CC1C2OC2C3=C1CCO3,0.9611664
NC1C2OC2C3=C1CCO3,0.9746678
OC1C2OC2C3=C1CCO3,1.1287893
CC1C2OC2C3=C1OCO3,0.62917066
NC1C2OC2C3=C1OCO3,0.84984684
OC1C2OC2C3=C1OCO3,0.6752777
CC1N2CC2C3=C1CCC3,0.84342694
CC1N2CC2C3=C1CNC3,0.7139928
CC1N2CC2C3=C1COC3,0.91952026
CC1N2CC2C3=C1OCC3,0.7123985
CC1N2CC2C3=C1CCO3,0.74673945
CC1N2CC2C3=C1OCO3,0.59721315
C=C1C2CC2C3=C1CCC3,0.7427709
O=C1C2CC2C3=C1CCC3,0.89333564
C=C1C2CC2C3=C1CNC3,0.8643892
O=C1C2CC2C3=C1CNC3,0.9745327
C=C1C2CC2C3=C1COC3,1.0536532
O=C1C2CC2C3=C1COC3,1.2003709
C=C1C2CC2C3=C1OCC3,0.7623451
O=C1C2CC2C3=C1OCC3,1.2840843
O=C1C2CC2C3=C1CCN3,0.78576404
C=C1C2CC2C3=C1CCO3,0.8317864
O=C1C2CC2C3=C1CCO3,1.2414995
C=C1C2CC2C3=C1OCO3,0.6716585
O=C1C2CC2C3=C1OCO3,0.8801471
C=C1C2NC2C3=C1CCC3,0.80010056
O=C1C2NC2C3=C1CCC3,0.9301057
C=C1C2NC2C3=C1CNC3,0.8257753
O=C1C2NC2C3=C1CNC3,0.8961541
C=C1C2NC2C3=C1COC3,0.8896003
O=C1C2NC2C3=C1COC3,1.1293031
C=C1C2NC2C3=C1OCC3,0.81147295
O=C1C2NC2C3=C1OCC3,1.2497773
O=C1C2NC2C3=C1CCN3,0.6380264
C=C1C2NC2C3=C1CCO3,0.93550605
O=C1C2NC2C3=C1CCO3,1.2859167
C=C1C2NC2C3=C1OCO3,0.8433074
O=C1C2NC2C3=C1OCO3,0.8502706
C=C1C2OC2C3=C1CCC3,1.0774307
O=C1C2OC2C3=C1CCC3,1.4855437
C=C1C2OC2C3=C1CNC3,1.0512761
O=C1C2OC2C3=C1CNC3,1.0791743
C=C1C2OC2C3=C1COC3,1.1958315
O=C1C2OC2C3=C1COC3,1.1703743
C=C1C2OC2C3=C1OCC3,1.1512165
O=C1C2OC2C3=C1OCC3,1.4637729
O=C1C2OC2C3=C1CCN3,1.0933899
C=C1C2OC2C3=C1CCO3,1.2607719
O=C1C2OC2C3=C1CCO3,1.4440533
C=C1C2OC2C3=C1OCO3,0.8302998
O=C1C2OC2C3=C1OCO3,1.3956386
N=C1N2CC2C3=C1CCC3,0.98041224
O=C1N2CC2C3=C1CCC3,1.099361
N=C1N2CC2C3=C1CNC3,1.0833048
O=C1N2CC2C3=C1CNC3,1.0732045
N=C1N2CC2C3=C1COC3,1.2658116
O=C1N2CC2C3=C1COC3,1.2253191
N=C1N2CC2C3=C1OCC3,1.2012695
O=C1N2CC2C3=C1OCC3,1.2887677
N=C1N2CC2C3=C1CCN3,0.7206414
O=C1N2CC2C3=C1CCN3,0.6101519
N=C1N2CC2C3=C1CCO3,1.2232916
O=C1N2CC2C3=C1CCO3,1.2710832
N=C1N2CC2C3=C1OCO3,0.75105655
O=C1N2CC2C3=C1OCO3,0.8090282
O=C1C2CN2C3=C1CCC3,0.8001636
O=C1C2CN2C3=C1CNC3,0.91650003
O=C1C2CN2C3=C1COC3,1.1033407
O=C1C2CN2C3=C1OCC3,1.0773007
O=C1C2CN2C3=C1CCN3,0.6200955
O=C1C2CN2C3=C1CCO3,1.3603749
O=C1C2CN2C3=C1OCO3,0.8699219
CC1C2CC2C3=C1C=CC3,0.99505407
NC1C2CC2C3=C1C=CC3,0.9642983
OC1C2CC2C3=C1C=CC3,0.81503844
CC1C2NC2C3=C1C=CC3,0.87590563
NC1C2NC2C3=C1C=CC3,0.8590831
OC1C2NC2C3=C1C=CC3,0.88733375
CC1C2OC2C3=C1C=CC3,0.9806987
NC1C2OC2C3=C1C=CC3,1.0495888
OC1C2OC2C3=C1C=CC3,1.2424859
CC1N2CC2C3=C1C=CC3,1.0174371
C=C1C2CC2C3=C1C=CC3,1.0146245
O=C1C2CC2C3=C1C=CC3,1.4478061
C=C1C2CC2c3[nH]ccc13,0.7558547
C=C1C2CC2c3[nH]cnc13,0.97096485
C=C1C2CC2c3occc13,1.0841829
C=C1C2CC2c3oncc13,1.4610168
C=C1C2CC2c3ocnc13,1.2857572
C=C1C2CC2c3onnc13,2.0654364
C=C1C2NC2C3=C1C=CC3,1.0217755
O=C1C2NC2C3=C1C=CC3,1.3589121
C=C1C2NC2c3[nH]ccc13,1.15769
C=C1C2NC2c3[nH]cnc13,1.1679983
C=C1C2NC2c3occc13,1.1507388
C=C1C2NC2c3oncc13,1.5571309
C=C1C2NC2c3ocnc13,1.3961853
C=C1C2NC2c3onnc13,2.1380978
C=C1C2OC2C3=C1C=CC3,1.4357078
O=C1C2OC2C3=C1C=CC3,1.6740731
C=C1C2OC2c3[nH]ccc13,1.2439541
C=C1C2OC2c3[nH]cnc13,1.5915185
C=C1C2OC2c3occc13,1.5754725
C=C1C2OC2c3oncc13,2.047245
C=C1C2OC2c3ocnc13,1.8892089
C=C1C2OC2c3onnc13,2.6916335
N=C1N2CC2C3=C1C=CC3,1.3541756
O=C1N2CC2C3=C1C=CC3,1.485579
O=C1C2CN2C3=C1C=CC3,1.3713732
C=C1C2CN2c3[nH]ccc13,1.2095679
C=C1C2CN2c3[nH]ncc13,1.1373949
C=C1C2CN2c3[nH]cnc13,1.0901417
C=C1C2CN2c3[nH]nnc13,1.459586
C=C1C2CN2c3occc13,1.1892868
C=C1C2CN2c3oncc13,1.5135106
C=C1C2CN2c3ocnc13,1.489432
C=C1C2CN2c3onnc13,2.174232
CC1C2CC2C3=C1CC=C3,1.0365256
NC1C2CC2C3=C1CC=C3,1.0312277
OC1C2CC2C3=C1CC=C3,0.9266014
CC1C2NC2C3=C1CC=C3,0.9618726
NC1C2NC2C3=C1CC=C3,0.8457871
OC1C2NC2C3=C1CC=C3,0.9334096
CC1C2OC2C3=C1CC=C3,0.90513134
NC1C2OC2C3=C1CC=C3,1.0970618
OC1C2OC2C3=C1CC=C3,1.1183256
CC1N2CC2C3=C1CC=C3,1.0922252
C=C1C2CC2C3=C1CC=C3,1.0123657
O=C1C2CC2C3=C1CC=C3,1.0564494
C=C1C2CC2c3cc[nH]c13,0.73008823
C=C1C2CC2c3ccoc13,1.0920566
C=C1C2CC2c3cnoc13,1.5732068
C=C1C2CC2c3nn[nH]c13,1.3571311
C=C1C2CC2c3ncoc13,1.1209804
C=C1C2CC2c3nnoc13,2.2431302
C=C1C2NC2C3=C1CC=C3,1.0631665
O=C1C2NC2C3=C1CC=C3,1.2131016
C=C1C2NC2c3cc[nH]c13,0.93014544
C=C1C2NC2c3ccoc13,1.2582109
C=C1C2NC2c3cnoc13,1.6640592
C=C1C2NC2c3nn[nH]c13,1.6288189
C=C1C2NC2c3ncoc13,1.2204617
C=C1C2NC2c3nnoc13,2.2185035
C=C1C2OC2C3=C1CC=C3,1.2087317
O=C1C2OC2C3=C1CC=C3,1.4714881
C=C1C2OC2c3cc[nH]c13,1.1859146
C=C1C2OC2c3ccoc13,1.358113
C=C1C2OC2c3cnoc13,2.2231774
C=C1C2OC2c3nn[nH]c13,1.9651097
C=C1C2OC2c3ncoc13,1.5875378
C=C1C2OC2c3nnoc13,2.7344718
N=C1N2CC2C3=C1CC=C3,1.0205516
O=C1N2CC2C3=C1CC=C3,1.339703
O=C1C2CN2C3=C1CC=C3,1.3470775
C=C1C2CN2c3cc[nH]c13,0.9343373
C=C1C2CN2c3ccoc13,1.314522
C=C1C2CN2c3cnoc13,1.9691459
C=C1C2CN2c3nn[nH]c13,1.7432775
C=C1C2CN2c3ncoc13,1.1698047
C=C1C2CN2c3nnoc13,2.352833
CC1C2CC(=C)C3CC3C12,0.6973879
NC1C2CC(=C)C3CC3C12,0.65763927
OC1C2CC(=C)C3CC3C12,0.60221684
CC1C2OC(=C)C3CC3C12,0.61111516
NC1C2OC(=C)C3CC3C12,0.77468747
OC1C2OC(=C)C3CC3C12,0.85632265
CC1C2CC(=C)C3NC3C12,0.57846993
NC1C2CC(=C)C3NC3C12,0.5824588
OC1C2CC(=C)C3NC3C12,0.67972004
CC1C2OC(=C)C3NC3C12,0.71842456
NC1C2OC(=C)C3NC3C12,0.84035206
OC1C2OC(=C)C3NC3C12,0.9779273
CC1C2CC(=C)C3OC3C12,1.0353948
NC1C2CC(=C)C3OC3C12,1.0940444
OC1C2CC(=C)C3OC3C12,0.9953445
CC1C2OC(=C)C3OC3C12,0.87205267
NC1C2OC(=C)C3OC3C12,0.99842924
OC1C2OC(=C)C3OC3C12,1.0521748
CN1C2CC(=C)C3CC3C12,0.50261515
CN1C2CC(=C)C3NC3C12,0.4756001
CN1C2CC(=C)C3OC3C12,0.88779765
CC1C2C3CC3C(=C)CN12,0.7124045
CC1C2C3NC3C(=C)CN12,0.7279674
CC1C2C3OC3C(=C)CN12,0.75861657
CC1C2CC(=C)C3CN3C12,0.55017936
NC1C2CC(=C)C3CN3C12,0.53224635
OC1C2CC(=C)C3CN3C12,0.5393052
CC1C2OC(=C)C3CN3C12,0.42234716
NC1C2OC(=C)C3CN3C12,0.7293523
OC1C2OC(=C)C3CN3C12,0.809166
CC1C2CC(=C)C3CC3N12,0.5353225
CC1C2C=C(C)C3CC3C12,0.81362736
CC1=CC2C(N)C2C3CC13,0.53220856
CC1=CC2C(O)C2C3CC13,0.5630202
CC1C2C=C(C)C3NC3C12,0.69872934
CC1=CC2C(N)C2C3NC13,0.5650324
CC1=CC2C(O)C2C3NC13,0.5254568
CC1C2C=C(C)C3OC3C12,0.999844
CC1=CC2C(N)C2C3OC13,0.7076626
CC1=CC2C(O)C2C3OC13,0.75485444
CN1C2C=C(C)C3CC3C12,0.5766674
CN1C2C=C(C)C3NC3C12,0.47512642
CN1C2C=C(C)C3OC3C12,0.9452236
CC1C2C=C(C)C3CN3C12,0.7558055
CC1=CC2C(N)C2N3CC13,0.7120003
CC1=CC2C(O)C2N3CC13,0.62675357
CC1C2C=C(C)C3CC3N12,0.7264399
C=C1CCC2CC2C3CC13,0.7897594
C=C1OCC2CC2C3CC13,0.5568912
C=C1CNC2CC2C3CC13,0.67450565
C=C1COC2CC2C3CC13,0.5552977
C=C1CCC2NC2C3CC13,0.50651014
C=C1OCC2NC2C3CC13,0.7632724
C=C1CCC2OC2C3CC13,0.7615667
C=C1OCC2OC2C3CC13,0.8688988
C=C1CCC2CC2C3NC13,0.60662687
C=C1OCC2CC2C3NC13,0.61322826
C=C1CNC2CC2C3NC13,0.60267097
C=C1COC2CC2C3NC13,0.628589
C=C1CCC2NC2C3NC13,0.61906296
C=C1OCC2NC2C3NC13,0.8092631
C=C1CCC2OC2C3NC13,0.5945148
C=C1OCC2OC2C3NC13,1.0008497
C=C1CCC2CC2C3OC13,0.6226697
C=C1OCC2CC2C3OC13,0.7560527
C=C1CNC2CC2C3OC13,0.6492981
C=C1COC2CC2C3OC13,0.83479226
C=C1CCC2NC2C3OC13,0.70406485
C=C1OCC2NC2C3OC13,0.9762703
C=C1CCC2OC2C3OC13,0.8712619
C=C1OCC2OC2C3OC13,1.0694995
C=C1CCN2CC2C3CC13,0.45115408
C=C1CCN2CC2C3NC13,0.47540727
C=C1CCN2CC2C3OC13,0.6013841
C=C1CCC2CN2C3CC13,0.46109986
C=C1OCC2CN2C3CC13,0.72311866
C=C1CCC2CC2N3CC13,0.49536824
C=C1OCC2CC2N3CC13,0.52680904
C=C1CNC2CC2N3CC13,0.59292215
C=C1COC2CC2N3CC13,0.69305575
CC1C=CC2CC2C3CC13,0.7381861
NC1C=CC2CC2C3CC13,0.70899636
OC1C=CC2CC2C3CC13,0.629452
CC1C=CC2NC2C3CC13,0.51644975
NC1C=CC2NC2C3CC13,0.74787074
OC1C=CC2NC2C3CC13,0.77898335
CC1C=CC2OC2C3CC13,0.93964934
NC1C=CC2OC2C3CC13,0.9402151
OC1C=CC2OC2C3CC13,0.978789
CC1C=CC2CC2C3NC13,0.60350114
NC1C=CC2CC2C3NC13,0.6540876
OC1C=CC2CC2C3NC13,0.74047315
CC1C=CC2NC2C3NC13,0.52733696
NC1C=CC2NC2C3NC13,0.7634132
OC1C=CC2NC2C3NC13,0.8004284
CC1C=CC2OC2C3NC13,0.760395
NC1C=CC2OC2C3NC13,0.8675012
OC1C=CC2OC2C3NC13,1.0822456
CC1C=CC2CC2C3OC13,0.7203627
NC1C=CC2CC2C3OC13,0.7597256
OC1C=CC2CC2C3OC13,0.7526095
CC1C=CC2NC2C3OC13,0.547287
NC1C=CC2NC2C3OC13,0.77008504
OC1C=CC2NC2C3OC13,0.74501145
CC1C=CC2OC2C3OC13,0.815112
NC1C=CC2OC2C3OC13,0.8933003
OC1C=CC2OC2C3OC13,0.937665
CC1C=CC2CC2C3CN13,0.5779306
CC1C=CC2NC2C3CN13,0.65887123
CC1C=CC2OC2C3CN13,0.7436883
CC1C=CC2CN2C3CC13,0.3897451
NC1C=CC2CN2C3CC13,0.4642509
OC1C=CC2CN2C3CC13,0.5252097
CC1C=CC2CC2N3CC13,0.41576862
NC1C=CC2CC2N3CC13,0.62791955
OC1C=CC2CC2N3CC13,0.65395975
C=C1C=CC2CC2C3CC13,0.71261066
O=C1C=CC2CC2C3CC13,1.1980424
C=C1C=CC2NC2C3CC13,0.87436926
O=C1C=CC2NC2C3CC13,0.9957602
C=C1C=CC2OC2C3CC13,1.1159071
O=C1C=CC2OC2C3CC13,1.4128126
C=C1C=CC2CC2C3NC13,0.88360965
O=C1C=CC2CC2C3NC13,1.0601841
C=C1C=CC2NC2C3NC13,0.8964579
O=C1C=CC2NC2C3NC13,1.0528551
C=C1C=CC2OC2C3NC13,1.1111177
O=C1C=CC2OC2C3NC13,1.600573
C=C1C=CC2CC2C3OC13,0.9054942
O=C1C=CC2CC2C3OC13,1.0907323
C=C1C=CC2NC2C3OC13,0.8472484
O=C1C=CC2NC2C3OC13,1.1733223
C=C1C=CC2OC2C3OC13,1.0682751
O=C1C=CC2OC2C3OC13,1.3365748
O=C1C=CN2CC2C3CC13,0.6578714
C=C1C=NN2CC2C3CC13,0.92584455
O=C1C=CN2CC2C3NC13,0.7592633
C=C1C=NN2CC2C3NC13,0.9152261
O=C1C=CN2CC2C3OC13,1.0737705
C=C1C=NN2CC2C3OC13,1.205473
N=C1C=CC2CC2C3CN13,0.7526811
O=C1C=CC2CC2C3CN13,0.79727036
N=C1C=CC2NC2C3CN13,0.9182
O=C1C=CC2NC2C3CN13,1.2149484
N=C1C=CC2OC2C3CN13,1.2391012
O=C1C=CC2OC2C3CN13,1.1889192
N=C1C=CN2CC2C3CN13,0.77373123
O=C1C=CN2CC2C3CN13,0.83857614
C=C1C=CC2CN2C3CC13,0.6277032
O=C1C=CC2CN2C3CC13,1.0012201
C=C1C=CC2CC2N3CC13,0.7147267
O=C1C=CC2CC2N3CC13,1.1294369
CC1=CCC2CC2C3CC13,0.7794162
CC1=COC2CC2C3CC13,0.4169925
CC1=CCC2NC2C3CC13,0.5852002
CC1=CCC2OC2C3CC13,0.8486455
CC1=CCC2CC2C3NC13,0.66147345
CC1=COC2CC2C3NC13,0.45105496
CC1=CCC2NC2C3NC13,0.60457873
CC1=CCC2OC2C3NC13,0.6666531
CC1=CCC2CC2C3OC13,0.63347024
CC1=COC2CC2C3OC13,0.6699469
CC1=CCC2NC2C3OC13,0.6678999
CC1=CCC2OC2C3OC13,0.93712544
CC1=CCN2CC2C3CC13,0.45227736
CC1=CCN2CC2C3NC13,0.46835688
CC1=CCN2CC2C3OC13,0.68437666
CC1=CCC2CN2C3CC13,0.44488722
CC1=CCC2CC2N3CC13,0.49153158
CC1=COC2CC2N3CC13,0.5289601
C=C1CCC2CC1C3CC23,0.5839845
C=C1OCC2CC1C3CC23,0.41520727
C=C1CNC2CC1C3CC23,0.47606513
C=C1COC2CC1C3CC23,0.39118594
C=C1CCC2NC1C3CC23,0.2729757
C=C1OCC2NC1C3CC23,0.6027077
C=C1CCC2OC1C3CC23,0.389581
C=C1OCC2OC1C3CC23,0.7993274
C=C1COC2OC1C3CC23,0.6179991
C=C1CCN2CC1C3CC23,0.53655577
C=C1CCC2CC1C3NC23,0.55440205
C=C1OCC2CC1C3NC23,0.48493892
C=C1CNC2CC1C3NC23,0.5006465
C=C1COC2CC1C3NC23,0.55639535
C=C1CCC2NC1C3NC23,0.42707354
C=C1OCC2NC1C3NC23,0.51122457
C=C1CCC2OC1C3NC23,0.3729626
C=C1OCC2OC1C3NC23,0.6744113
C=C1COC2OC1C3NC23,0.6544416
C=C1CCC2CC1C3OC23,0.50181955
C=C1OCC2CC1C3OC23,0.6406704
C=C1CNC2CC1C3OC23,0.4749832
C=C1COC2CC1C3OC23,0.6612036
C=C1CCC2NC1C3OC23,0.43891948
C=C1OCC2NC1C3OC23,0.42345873
C=C1CCC2OC1C3OC23,0.48854047
C=C1OCC2OC1C3OC23,0.6106194
C=C1COC2OC1C3OC23,0.70106417
C=C1CCC2CC1C3CN23,0.6250322
C=C1OCC2CC1C3CN23,0.56390697
C=C1CCC2CC1N3CC23,0.5875547
C=C1OCC2CC1N3CC23,0.64655465
C=C1CNC2CC1N3CC23,0.6439203
C=C1COC2CC1N3CC23,0.7120578
CC1C=CC2CC1C3CC23,0.9538717
NC1C=CC2CC1C3CC23,0.7520529
OC1C=CC2CC1C3CC23,0.7651439
CC1C=CC2NC1C3CC23,0.7146425
NC1C=CC2NC1C3CC23,0.6299771
OC1C=CC2NC1C3CC23,0.7903739
CC1C=CC2OC1C3CC23,0.85931337
NC1C=CC2OC1C3CC23,0.7666991
OC1C=CC2OC1C3CC23,0.93917143
CC1C=CC2CN1C3CC23,0.60514086
CC1C=CC2CC1C3NC23,0.6788168
NC1C=CC2CC1C3NC23,0.7334679
OC1C=CC2CC1C3NC23,0.5789378
CC1C=CC2NC1C3NC23,0.6672627
NC1C=CC2NC1C3NC23,0.7373266
OC1C=CC2NC1C3NC23,0.6723424
CC1C=CC2OC1C3NC23,0.4620428
NC1C=CC2OC1C3NC23,0.79721254
OC1C=CC2OC1C3NC23,0.8958535
CC1C=CC2CC1C3OC23,0.5960354
NC1C=CC2CC1C3OC23,0.5121793
OC1C=CC2CC1C3OC23,0.6323229
CC1C=CC2NC1C3OC23,0.39650032
NC1C=CC2NC1C3OC23,0.5886008
OC1C=CC2NC1C3OC23,0.48658034
CC1C=CC2OC1C3OC23,0.35134456
NC1C=CC2OC1C3OC23,0.6030512
OC1C=CC2OC1C3OC23,0.69410896
CC1C=CC2CC1C3CN23,0.93438447
NC1C=CC2CC1C3CN23,0.8796226
OC1C=CC2CC1C3CN23,0.84353626
CC1C=CC2CC1N3CC23,0.83015305
NC1C=CC2CC1N3CC23,0.97031194
OC1C=CC2CC1N3CC23,0.86253357
C=C1C=CC2CC1C3CC23,0.85150623
O=C1C=CC2CC1C3CC23,1.3003569
C=C1C=CC2NC1C3CC23,0.90714794
O=C1C=CC2NC1C3CC23,1.0493441
C=C1C=CC2OC1C3CC23,0.9505737
O=C1C=CC2OC1C3CC23,1.1956152
C=C1C=CC2CC1C3NC23,0.84929264
O=C1C=CC2CC1C3NC23,1.0931232
C=C1C=CC2NC1C3NC23,0.85546243
O=C1C=CC2NC1C3NC23,1.0792965
C=C1C=CC2OC1C3NC23,0.98592365
O=C1C=CC2OC1C3NC23,1.317282
C=C1C=CC2CC1C3OC23,0.8894351
O=C1C=CC2CC1C3OC23,1.0679041
C=C1C=CC2NC1C3OC23,0.66681075
O=C1C=CC2NC1C3OC23,1.0322545
C=C1C=CC2OC1C3OC23,0.7941457
O=C1C=CC2OC1C3OC23,1.1874118
C=C1C=CC2CC1C3CN23,0.94415903
O=C1C=CC2CC1C3CN23,1.1450527
C=C1C=CC2CC1N3CC23,0.96090895
O=C1C=CC2CC1N3CC23,1.3345846
CC1=CCC2CC1C3CC23,0.5655763
CC1=COC2CC1C3CC23,0.32117134
CC1=CCC2NC1C3CC23,0.3351745
CC1=CCC2OC1C3CC23,0.43407762
CC1=COC2OC1C3CC23,0.47538573
CC1=CCN2CC1C3CC23,0.48762694
CC1=CCC2CC1C3NC23,0.54991263
CC1=COC2CC1C3NC23,0.40816453
CC1=CCC2NC1C3NC23,0.4293621
CC1=CCC2OC1C3NC23,0.28186297
CC1=COC2OC1C3NC23,0.52887607
CC1=CCC2CC1C3OC23,0.5387553
CC1=COC2CC1C3OC23,0.5393301
CC1=CCC2NC1C3OC23,0.3975943
CC1=CCC2OC1C3OC23,0.43218982
CC1=COC2OC1C3OC23,0.62923336
CC1=CCC2CC1C3CN23,0.67544055
CC1=CCC2CC1N3CC23,0.5841064
CC1=COC2CC1N3CC23,0.59710693
CC1C2CC(=CC12)C3CC3,0.711159
NC1C2CC(=CC12)C3CC3,0.7667172
OC1C2CC(=CC12)C3CC3,0.8714189
CC1C2OC(=CC12)C3CC3,0.82489306
NC1C2OC(=CC12)C3CC3,0.8771154
OC1C2OC(=CC12)C3CC3,0.91419935
CC1C2CC(=CC12)C3CN3,0.6308348
NC1C2CC(=CC12)C3CN3,0.8684892
OC1C2CC(=CC12)C3CN3,0.75862616
CC1C2OC(=CC12)C3CN3,0.7648909
NC1C2OC(=CC12)C3CN3,0.7652808
OC1C2OC(=CC12)C3CN3,0.88034165
CC1C2CC(=CC12)C3CO3,0.81549454
NC1C2CC(=CC12)C3CO3,0.7587559
OC1C2CC(=CC12)C3CO3,0.82105196
CC1C2OC(=CC12)C3CO3,0.6409864
NC1C2OC(=CC12)C3CO3,0.7842346
OC1C2OC(=CC12)C3CO3,0.9861189
CN1C2CC(=CC12)C3CC3,0.6239951
CN1C2CC(=CC12)C3CN3,0.78684384
CN1C2CC(=CC12)C3CO3,0.59282166
CC1C2C=C(CN12)C3CC3,0.82748336
CC1C2C=C(CN12)C3CN3,0.79147756
CC1C2C=C(CN12)C3CO3,0.78525066
CC1CC2C1C3CC3C2=C,0.70405626
NC1CC2C1C3CC3C2=C,0.6484169
OC1CC2C1C3CC3C2=C,0.6087496
CC1NC2C1C3CC3C2=C,0.6318764
CC1OC2C1C3CC3C2=C,0.73554134
CN1CC2C1C3CC3C2=C,0.54777676
CC1CC2N1C3CC3C2=C,0.5954574
CC1CC2C1C3NC3C2=C,0.4854305
NC1CC2C1C3NC3C2=C,0.54860985
OC1CC2C1C3NC3C2=C,0.6732889
CC1NC2C1C3NC3C2=C,0.57802445
CC1OC2C1C3NC3C2=C,0.76487476
CN1CC2C1C3NC3C2=C,0.4806828
CC1CC2C1C3OC3C2=C,1.0097839
NC1CC2C1C3OC3C2=C,1.0900102
OC1CC2C1C3OC3C2=C,1.03736
CC1NC2C1C3OC3C2=C,0.9991816
CC1OC2C1C3OC3C2=C,1.0364803
CN1CC2C1C3OC3C2=C,0.92726386
CC1CC2C1N3CC3C2=C,0.56805426
NC1CC2C1N3CC3C2=C,0.65192175
OC1CC2C1N3CC3C2=C,0.7596588
CC1NC2C1N3CC3C2=C,0.6991549
CC1OC2C1N3CC3C2=C,0.8772722
C=C1C2CC2C3C1CC3=O,1.3944248
C=C1C2CC2C3C1NC3=O,0.9550489
C=C1C2CC2C3C1OC3=O,1.3307283
C=C1C2CC2N3C1CC3=O,0.9355444
C=C1C2CC(=O)C2C3NC13,1.0230262
C=C1C2NC2C3C1NC3=O,0.89592344
C=C1C2NC2C3C1OC3=O,1.3763866
C=C1C2CC(=O)C2C3OC13,1.363276
C=C1C2NC(=O)C2C3OC13,1.0631382
C=C1C2OC2C3C1OC3=O,1.6670648
C=C1C2CC(=O)C2N3CC13,1.2755299
C=C1C2CN2C3C1NC3=O,1.00123
C=C1C2CN2C3C1OC3=O,1.6733842
C=C1C2CN2N3C1CC3=O,1.1235949
C=C1CC2CCC1C3CC23,0.53516394
C=C1CC2NCC1C3CC23,0.44754297
C=C1CC2OCC1C3CC23,0.33029273
C=C1CC2CNC1C3CC23,0.3890205
C=C1CC2COC1C3CC23,0.4983469
C=C1OC2CCC1C3CC23,0.40144834
C=C1OC2OCC1C3CC23,0.7259962
C=C1OC2CNC1C3CC23,0.7338733
C=C1OC2COC1C3CC23,0.7567519
C=C1CN2CCC1C3CC23,0.49047422
C=C1CC2CCC1C3NC23,0.60305804
C=C1CC2NCC1C3NC23,0.55125785
C=C1CC2OCC1C3NC23,0.60087
C=C1CC2CNC1C3NC23,0.52914315
C=C1CC2COC1C3NC23,0.5646268
C=C1OC2CCC1C3NC23,0.76004624
C=C1OC2OCC1C3NC23,0.8758098
C=C1OC2CNC1C3NC23,0.7576613
C=C1OC2COC1C3NC23,0.77486515
C=C1CC2CCC1C3OC23,0.62958413
C=C1CC2NCC1C3OC23,0.6369005
C=C1CC2OCC1C3OC23,0.64178747
C=C1CC2CNC1C3OC23,0.55590045
C=C1CC2COC1C3OC23,0.59585917
C=C1OC2CCC1C3OC23,0.74439824
C=C1OC2OCC1C3OC23,0.66031206
C=C1OC2CNC1C3OC23,0.62776923
C=C1OC2COC1C3OC23,0.57034695
C=C1CC2CCC1C3CN23,0.48938093
C=C1CC2CNC1C3CN23,0.4245669
C=C1CC2COC1C3CN23,0.49388686
C=C1CC2CCC1N3CC23,0.5736569
C=C1CC2NCC1N3CC23,0.50626904
C=C1CC2OCC1N3CC23,0.57262504
C=C1OC2CCC1N3CC23,0.6589065
C=C1OC2OCC1N3CC23,0.9148183
CC1CC2C=CC1C3CC23,0.7462332
NC1CC2C=CC1C3CC23,0.56586856
OC1CC2C=CC1C3CC23,0.6088073
CC1NC2C=CC1C3CC23,0.56066203
CC1OC2C=CC1C3CC23,0.7444976
CN1CC2C=CC1C3CC23,0.39112198
CC1CC2C=CC1C3NC23,0.8084619
NC1CC2C=CC1C3NC23,0.6767314
OC1CC2C=CC1C3NC23,0.72687584
CC1NC2C=CC1C3NC23,0.66175234
CC1OC2C=CC1C3NC23,0.7225361
CN1CC2C=CC1C3NC23,0.4756109
CC1CC2C=CC1C3OC23,0.84084535
NC1CC2C=CC1C3OC23,0.80790055
OC1CC2C=CC1C3OC23,0.7771292
CC1NC2C=CC1C3OC23,0.8375861
CC1OC2C=CC1C3OC23,0.7679043
CN1CC2C=CC1C3OC23,0.61967057
CC1CC2C=CC1C3CN23,0.6345821
NC1CC2C=CC1C3CN23,0.5616509
OC1CC2C=CC1C3CN23,0.7000837
CN1CC2C=CC1C3CN23,0.5477296
CC1CC2C=CC1N3CC23,0.7103163
NC1CC2C=CC1N3CC23,0.74975896
OC1CC2C=CC1N3CC23,0.7697547
CC1NC2C=CC1N3CC23,0.81551826
CC1OC2C=CC1N3CC23,0.8460544
C=C1CC2C=CC1C3CC23,0.7244958
O=C1CC2C=CC1C3CC23,0.82805526
N=C1NC2C=CC1C3CC23,0.8985094
O=C1NC2C=CC1C3CC23,0.94474065
C=C1OC2C=CC1C3CC23,1.0176476
O=C1OC2C=CC1C3CC23,1.093171
C=C1CC2C=CC1C3NC23,0.745856
O=C1CC2C=CC1C3NC23,0.8164792
N=C1NC2C=CC1C3NC23,0.8344685
O=C1NC2C=CC1C3NC23,1.0947279
C=C1OC2C=CC1C3NC23,0.96331054
O=C1OC2C=CC1C3NC23,1.19778
C=C1CC2C=CC1C3OC23,0.89133465
O=C1CC2C=CC1C3OC23,1.1084001
N=C1NC2C=CC1C3OC23,1.153149
O=C1NC2C=CC1C3OC23,1.2513696
C=C1OC2C=CC1C3OC23,1.1448876
O=C1OC2C=CC1C3OC23,1.254975
C=C1CC2C=CC1C3CN23,0.8039512
O=C1CC2C=CC1C3CN23,0.8145666
C=C1CC2C=CC1N3CC23,0.7864921
O=C1CC2C=CC1N3CC23,0.955073
N=C1NC2C=CC1N3CC23,0.95468384
O=C1NC2C=CC1N3CC23,1.0955677
C=C1OC2C=CC1N3CC23,1.0113484
O=C1OC2C=CC1N3CC23,1.3143094
CC1=CC2CCC1C3CC23,0.6706628
CC1=CC2NCC1C3CC23,0.43488467
CC1=CC2OCC1C3CC23,0.35588095
CC1=CC2CNC1C3CC23,0.48071632
CC1=CC2COC1C3CC23,0.5977962
CC1=CC2CCC1C3NC23,0.69404817
CC1=CC2NCC1C3NC23,0.5892123
CC1=CC2OCC1C3NC23,0.64886475
CC1=CC2CNC1C3NC23,0.58375627
CC1=CC2COC1C3NC23,0.580016
CC1=CC2CCC1C3OC23,0.56361336
CC1=CC2NCC1C3OC23,0.5682943
CC1=CC2OCC1C3OC23,0.49908724
CC1=CC2CNC1C3OC23,0.5517039
CC1=CC2COC1C3OC23,0.5969979
CC1=CC2CCC1C3CN23,0.5395992
CC1=CC2CNC1C3CN23,0.48072776
CC1=CC2COC1C3CN23,0.47984394
CC1=CC2CCC1N3CC23,0.69459224
CC1=CC2NCC1N3CC23,0.5967815
CC1=CC2OCC1N3CC23,0.6602982
CC1=CC2C=CC1C3CC23,1.0018224
CC1=CC2C=CC1C3NC23,0.75754744
CC1=CC2C=CC1C3OC23,0.9494532
CC1=CC2C=CC1C3CN23,0.845912
CC1=CC2C=CC1N3CC23,0.88867116
CC1C2C3CC3C(C=C)C12,0.8358471
NC1C2C3CC3C(C=C)C12,0.8836826
OC1C2C3CC3C(C=C)C12,0.8651599
CC1C2C3NC3C(C=C)C12,0.7362455
NC1C2C3NC3C(C=C)C12,0.88807535
OC1C2C3NC3C(C=C)C12,0.89548266
CC1C2C3OC3C(C=C)C12,0.85779375
NC1C2C3OC3C(C=C)C12,1.0490505
OC1C2C3OC3C(C=C)C12,0.9718821
CN1C2C3CC3C(C=C)C12,0.7989972
CN1C2C3NC3C(C=C)C12,0.7837237
CN1C2C3OC3C(C=C)C12,0.85677147
CC1C2C3CN3C(C=C)C12,0.7879102
NC1C2C3CN3C(C=C)C12,0.91482323
OC1C2C3CN3C(C=C)C12,0.8611899
CN1C2C3CN3C(C=C)C12,0.7759752
CC1C2C3CC3C(C=C)N12,0.7738343
CC1C2C3NC3C(C=C)N12,0.6471601
CC1C2C3OC3C(C=C)N12,0.7759472
CC1C2C(C=C)C3CN3C12,0.8325326
NC1C2C(C=C)C3CN3C12,0.7987684
OC1C2C(C=C)C3CN3C12,0.8658044
CC1C2C(C=C)C3CC3N12,0.43562678
CC=C1C2CC2C3C(C)C13,0.64821327
CC=C1C2CC2C3C(N)C13,0.4945256
CC=C1C2CC2C3C(O)C13,0.5681326
CC=C1C2NC2C3C(C)C13,0.5623951
CC=C1C2NC2C3C(N)C13,0.3632312
CC=C1C2NC2C3C(O)C13,0.65717816
CC=C1C2OC2C3C(C)C13,0.93911564
CC=C1C2OC2C3C(N)C13,0.7263689
CC=C1C2OC2C3C(O)C13,0.83042717
CC=C1C2CC2C3C1N3C,0.6197379
CC=C1C2NC2C3C1N3C,0.7342558
CC=C1C2OC2C3C1N3C,0.9520147
CC=C1C2CN2C3C(C)C13,0.35763136
CC=C1C2CN2C3C(N)C13,0.33693206
CC=C1C2CN2C3C(O)C13,0.5734408
CC=C1C2CC2N3C(C)C13,0.28496906
C=CC1C2CCC1C3CC23,0.62651134
C=CC1C2CNC1C3CC23,0.395188
C=CC1C2COC1C3CC23,0.46015742
C=CC1C2CCN1C3CC23,0.45001873
C=CC1C2CCC1C3NC23,0.5875339
C=CC1C2CNC1C3NC23,0.5278815
C=CC1C2COC1C3NC23,0.5793603
C=CC1C2CCC1C3OC23,0.39766094
C=CC1C2CNC1C3OC23,0.38444895
C=CC1C2COC1C3OC23,0.5249649
C=CC1C2CCC1N3CC23,0.5369303
C=CC1C2CNC1C3CN23,0.4145623
C=CC1C2COC1C3CN23,0.39580092
CC=C1C2CCC1C3CC23,0.6529053
CC=C1C2CNC1C3CC23,0.31529725
CC=C1C2COC1C3CC23,0.4807695
CC=C1C2CCC1C3NC23,0.63276005
CC=C1C2CNC1C3NC23,0.5942133
CC=C1C2COC1C3NC23,0.6212514
CC=C1C2CCC1C3OC23,0.5087665
CC=C1C2CNC1C3OC23,0.50316364
CC=C1C2COC1C3OC23,0.5248889
CC=C1C2CCC1N3CC23,0.49579996
CC=C1C2CNC1C3CN23,0.53091437
CC=C1C2COC1C3CN23,0.40987524
CCC1C2C=CC1C3CC23,0.80158114
NCC1C2C=CC1C3CC23,0.5793903
OCC1C2C=CC1C3CC23,0.5705741
CNC1C2C=CC1C3CC23,0.4627708
COC1C2C=CC1C3CC23,0.6563094
CCN1C2C=CC1C3CC23,0.38579613
CCC1C2C=CC1C3NC23,0.74222636
NCC1C2C=CC1C3NC23,0.5821352
OCC1C2C=CC1C3NC23,0.6904807
CNC1C2C=CC1C3NC23,0.5071568
COC1C2C=CC1C3NC23,0.7317281
CCN1C2C=CC1C3NC23,0.51150966
CCC1C2C=CC1C3OC23,0.72846484
NCC1C2C=CC1C3OC23,0.667759
OCC1C2C=CC1C3OC23,0.7182534
CNC1C2C=CC1C3OC23,0.5749763
COC1C2C=CC1C3OC23,0.69643664
CCN1C2C=CC1C3OC23,0.5552104
CCC1C2C=CC1N3CC23,0.62940913
NCC1C2C=CC1N3CC23,0.69362587
OCC1C2C=CC1N3CC23,0.8463886
CNC1C2C=CC1N3CC23,0.71648246
COC1C2C=CC1N3CC23,0.82300246
C=CC1C2C=CC1C3CC23,0.7384647
O=CC1C2C=CC1C3CC23,0.93736744
N#CC1C2C=CC1C3CC23,0.9869765
N=CN1C2C=CC1C3CC23,0.6518942
O=CN1C2C=CC1C3CC23,0.59876394
C=NN1C2C=CC1C3CC23,1.4681878
C=CC1C2C=CC1C3NC23,0.6394792
O=CC1C2C=CC1C3NC23,0.7547928
N#CC1C2C=CC1C3NC23,1.0710696
N=CN1C2C=CC1C3NC23,0.72983766
O=CN1C2C=CC1C3NC23,0.75199735
C=NN1C2C=CC1C3NC23,0.89015985
C=CC1C2C=CC1C3OC23,0.74944186
O=CC1C2C=CC1C3OC23,1.0460688
N#CC1C2C=CC1C3OC23,1.269326
N=CN1C2C=CC1C3OC23,0.92393565
O=CN1C2C=CC1C3OC23,0.8855555
C=NN1C2C=CC1C3OC23,1.1720512
C=CC1C2C=CC1N3CC23,0.8116576
O=CC1C2C=CC1N3CC23,1.058894
N#CC1C2C=CC1N3CC23,1.2209431
C#CC1C2C=CC1C3CC23,1.0739994
C#CC1C2C=CC1C3NC23,0.80337274
C#CC1C2C=CC1C3OC23,1.0856942
C#CC1C2C=CC1N3CC23,1.186772
CC=C1C2C=CC1C3CC23,0.81493104
NN=C1C2C=CC1C3CC23,1.1976904
ON=C1C2C=CC1C3CC23,1.0857061
CC=C1C2C=CC1C3NC23,0.8203558
NN=C1C2C=CC1C3NC23,0.98903537
ON=C1C2C=CC1C3NC23,1.2944295
CC=C1C2C=CC1C3OC23,0.87460405
NN=C1C2C=CC1C3OC23,1.3180264
ON=C1C2C=CC1C3OC23,1.4301754
CC=C1C2C=CC1N3CC23,0.96585435
NN=C1C2C=CC1N3CC23,1.3020056
ON=C1C2C=CC1N3CC23,1.4234608
CC1C2CC(=C)C1C3CC23,0.756676
NC1C2CC(=C)C1C3CC23,0.62797517
OC1C2CC(=C)C1C3CC23,0.691496
CC1C2OC(=C)C1C3CC23,0.4952745
NC1C2OC(=C)C1C3CC23,0.6756524
OC1C2OC(=C)C1C3CC23,0.8422862
CN1C2CC(=C)C1C3CC23,0.46040505
CC1C2C3CC3N1CC2=C,0.7400738
CC1C2CC(=C)C1C3NC23,0.78009325
NC1C2CC(=C)C1C3NC23,0.42545265
OC1C2CC(=C)C1C3NC23,0.689783
CC1C2OC(=C)C1C3NC23,0.60853374
NC1C2OC(=C)C1C3NC23,0.65131116
OC1C2OC(=C)C1C3NC23,0.84353733
CN1C2CC(=C)C1C3NC23,0.2618969
CC1C2CC(=C)C1C3OC23,0.7545149
NC1C2CC(=C)C1C3OC23,0.76124305
OC1C2CC(=C)C1C3OC23,0.73644686
CC1C2OC(=C)C1C3OC23,0.6992461
NC1C2OC(=C)C1C3OC23,0.80666316
OC1C2OC(=C)C1C3OC23,0.9553473
CN1C2CC(=C)C1C3OC23,0.5285645
CC1C2CC(=C)C1C3CN23,0.53980106
NC1C2CC(=C)C1C3CN23,0.6373588
OC1C2CC(=C)C1C3CN23,0.75343585
CC1C2CC(=C)C1N3CC23,0.61382073
NC1C2CC(=C)C1N3CC23,0.6362692
OC1C2CC(=C)C1N3CC23,0.7858121
CC1C2OC(=C)C1N3CC23,0.741884
NC1C2OC(=C)C1N3CC23,1.0083083
OC1C2OC(=C)C1N3CC23,1.0296351
CC1CC2C3CC3C1C2=C,0.66545635
NC1CC2C3CC3C1C2=C,0.76984763
OC1CC2C3CC3C1C2=C,0.81670296
CC1NC2C3CC3C1C2=C,0.68339586
CC1OC2C3CC3C1C2=C,0.89021754
CN1CC2C3CC3C1C2=C,0.71795917
CC1CC2C3NC3C1C2=C,0.66924536
NC1CC2C3NC3C1C2=C,0.76427525
OC1CC2C3NC3C1C2=C,0.80321896
CC1NC2C3NC3C1C2=C,0.7452763
CC1OC2C3NC3C1C2=C,0.8628696
CN1CC2C3NC3C1C2=C,0.6810014
CC1CC2C3OC3C1C2=C,0.99089015
NC1CC2C3OC3C1C2=C,1.002934
OC1CC2C3OC3C1C2=C,0.9914887
CC1NC2C3OC3C1C2=C,1.0560626
CC1OC2C3OC3C1C2=C,0.9238018
CN1CC2C3OC3C1C2=C,0.84783953
CC1CC2N3CC3C1C2=C,0.7628783
NC1CC2N3CC3C1C2=C,0.83098835
OC1CC2N3CC3C1C2=C,0.71331364
CN1CC2N3CC3C1C2=C,0.7105377
CC1CC2C3CN3C1C2=C,0.6997145
NC1CC2C3CN3C1C2=C,0.6653144
OC1CC2C3CN3C1C2=C,0.75017065
CC1NC2C3CN3C1C2=C,0.7198936
CC1OC2C3CN3C1C2=C,0.94946516
C=C1CC2C3CC3C1C2=C,0.8927008
C=C1C2CC(=O)C1C3CC23,1.0480562
C=C1CC2C3CC3C1C2=O,1.009552
C=C1C2NC(=N)C1C3CC23,0.9026131
C=C1C2NC(=O)C1C3CC23,0.8471564
C=C1OC2C3CC3C1C2=C,1.0573208
C=C1C2OC(=O)C1C3CC23,1.2022382
C=C1OC2C3CC3C1C2=O,1.3539926
C=C1CC2C3NC3C1C2=C,0.84571016
C=C1C2CC(=O)C1C3NC23,0.89867556
C=C1CC2C3NC3C1C2=O,1.0736272
C=C1C2NC(=N)C1C3NC23,0.91918993
C=C1C2NC(=O)C1C3NC23,1.0462686
C=C1OC2C3NC3C1C2=C,1.1185988
C=C1C2OC(=O)C1C3NC23,1.1453943
C=C1OC2C3NC3C1C2=O,1.2418418
C=C1CC2C3OC3C1C2=C,1.067521
C=C1C2CC(=O)C1C3OC23,1.2056315
C=C1CC2C3OC3C1C2=O,1.4243898
C=C1C2NC(=N)C1C3OC23,1.137999
C=C1C2NC(=O)C1C3OC23,1.1206287
C=C1OC2C3OC3C1C2=C,1.2510914
C=C1C2OC(=O)C1C3OC23,1.3507377
C=C1OC2C3OC3C1C2=O,1.6032668
C=C1CC2N3CC3C1C2=C,0.8215656
C=C1C2CC(=O)C1C3CN23,0.94401425
C=C1CC2N3CC3C1C2=O,1.2924352
C=C1CC2C3CN3C1C2=C,0.8558706
C=C1C2CC(=O)C1N3CC23,1.0790433
C=C1CC2C3CN3C1C2=O,1.3127903
C=C1C2NC(=N)C1N3CC23,1.1899263
C=C1C2NC(=O)C1N3CC23,1.1739691
C=C1OC2C3CN3C1C2=C,1.0744311
C=C1C2OC(=O)C1N3CC23,1.4252831
C=C1OC2C3CN3C1C2=O,1.5171087
CC1C2C=C(C)C1C3CC23,0.81925225
CC1=CC2C(N)C1C3CC23,0.45843613
CC1=CC2C(O)C1C3CC23,0.49565515
CN1C2C=C(C)C1C3CC23,0.51375866
CC1C2C=C(C)C1C3NC23,0.7828612
CC1=CC2C(N)C1C3NC23,0.4715369
CC1=CC2C(O)C1C3NC23,0.36410457
CN1C2C=C(C)C1C3NC23,0.48247892
CC1C2C=C(C)C1C3OC23,0.7882707
CC1=CC2C(N)C1C3OC23,0.5415041
CC1=CC2C(O)C1C3OC23,0.5293803
CN1C2C=C(C)C1C3OC23,0.6773736
CC1C2C=C(C)C1C3CN23,0.72510743
CC1=CC2C(N)C1C3CN23,0.4557404
CC1=CC2C(O)C1C3CN23,0.5633664
CC1C2C=C(C)C1N3CC23,0.6108223
CC1=CC2C(N)C1N3CC23,0.5695798
CC1=CC2C(O)C1N3CC23,0.6465107
CC1=CC2C3CC3C1C2=C,0.89022404
CC1=CC2C3CC3C1C2=O,0.9625608
CC1=CC2C3NC3C1C2=C,0.92795527
CC1=CC2C3NC3C1C2=O,1.1020156
CC1=CC2C3OC3C1C2=C,1.0361425
CC1=CC2C3OC3C1C2=O,1.3805764
CC1=CC2N3CC3C1C2=C,0.73942757
CC1=CC2N3CC3C1C2=O,1.1398739
CC1=CC2C3CN3C1C2=C,0.8890928
CC1=CC2C3CN3C1C2=O,1.4061139
C=C1C2CCCC1C3CC23,0.74018097
C=C1C2CNCC1C3CC23,0.5993159
C=C1C2COCC1C3CC23,0.6402505
C=C1C2CCNC1C3CC23,0.4683646
C=C1C2CCOC1C3CC23,0.70283526
C=C1C2OCOC1C3CC23,0.610025
C=C1C2CCCC1C3NC23,0.6710571
C=C1C2CNCC1C3NC23,0.559704
C=C1C2COCC1C3NC23,0.7166916
C=C1C2CCNC1C3NC23,0.5149737
C=C1C2CCOC1C3NC23,0.597047
C=C1C2OCOC1C3NC23,0.6067732
C=C1C2CCCC1C3OC23,0.57832325
C=C1C2CNCC1C3OC23,0.593725
C=C1C2COCC1C3OC23,0.67087716
C=C1C2CCNC1C3OC23,0.5445486
C=C1C2CCOC1C3OC23,0.6723192
C=C1C2OCOC1C3OC23,0.54714024
C=C1C2CCCC1N3CC23,0.6421167
C=C1C2CNCC1N3CC23,0.7034731
C=C1C2COCC1N3CC23,0.7606373
C=C1C2CCNC1C3CN23,0.5426005
C=C1C2CCOC1C3CN23,0.6366757
CC1C2CC=CC1C3CC23,0.86288166
NC1C2CC=CC1C3CC23,0.7822239
OC1C2CC=CC1C3CC23,0.72776055
CC1C2OC=CC1C3CC23,0.55408216
NC1C2OC=CC1C3CC23,0.6381637
OC1C2OC=CC1C3CC23,0.7139342
CN1C2CC=CC1C3CC23,0.54389703
CC1C2C=CCN1C3CC23,0.70803607
CC1C2CC=CC1C3NC23,0.8236055
NC1C2CC=CC1C3NC23,0.5459597
OC1C2CC=CC1C3NC23,0.6331611
CC1C2OC=CC1C3NC23,0.4612327
NC1C2OC=CC1C3NC23,0.680778
OC1C2OC=CC1C3NC23,0.77398175
CN1C2CC=CC1C3NC23,0.42385337
CC1C2CC=CC1C3OC23,0.8021971
NC1C2CC=CC1C3OC23,0.7808999
OC1C2CC=CC1C3OC23,0.75676155
CC1C2OC=CC1C3OC23,0.5495307
NC1C2OC=CC1C3OC23,0.798138
OC1C2OC=CC1C3OC23,0.8556434
CN1C2CC=CC1C3OC23,0.6242093
CC1C2CC=CC1N3CC23,0.78370917
NC1C2CC=CC1N3CC23,0.8142161
OC1C2CC=CC1N3CC23,0.92164844
CC1C2OC=CC1N3CC23,0.6832154
NC1C2OC=CC1N3CC23,0.922943
OC1C2OC=CC1N3CC23,0.94239485
CC1C2CC=CC1C3CN23,0.79470545
NC1C2CC=CC1C3CN23,0.6695509
OC1C2CC=CC1C3CN23,0.9132887
C=C1C2CC=CC1C3CC23,0.8779031
O=C1C2CC=CC1C3CC23,0.87199104
C=C1C2NN=CC1C3CC23,0.99920535
C=C1C2NC=NC1C3CC23,0.81677204
C=C1C2OC=CC1C3CC23,0.74628454
O=C1C2OC=CC1C3CC23,0.9279115
C=C1C2ON=CC1C3CC23,0.97720987
C=C1C2CC=CC1C3NC23,0.75098014
O=C1C2CC=CC1C3NC23,0.7446509
C=C1C2NN=CC1C3NC23,0.8771626
C=C1C2NC=NC1C3NC23,0.79793036
C=C1C2OC=CC1C3NC23,0.7369938
O=C1C2OC=CC1C3NC23,0.9560146
C=C1C2ON=CC1C3NC23,0.9926828
C=C1C2CC=CC1C3OC23,0.9252878
O=C1C2CC=CC1C3OC23,1.0710101
C=C1C2NN=CC1C3OC23,1.0651888
C=C1C2NC=NC1C3OC23,1.0900893
C=C1C2OC=CC1C3OC23,1.0892305
O=C1C2OC=CC1C3OC23,1.2804638
C=C1C2ON=CC1C3OC23,1.2522453
C=C1C2CC=CC1N3CC23,0.9808975
O=C1C2CC=CC1N3CC23,0.9710586
C=C1C2NN=CC1N3CC23,1.0379367
C=C1C2OC=CC1N3CC23,0.98553604
O=C1C2OC=CC1N3CC23,1.1693316
C=C1C2ON=CC1N3CC23,1.1705439
C=C1C2CC=CC1C3CN23,0.9399103
O=C1C2CC=CC1C3CN23,0.81805044
CC1C2C3CC3C1C2C=C,0.65688825
NC1C2C3CC3C1C2C=C,0.8372576
OC1C2C3CC3C1C2C=C,0.92153263
CN1C2C3CC3C1C2C=C,0.6915047
CC1C2C3CC3N1C2C=C,0.970682
CC1C2C3NC3C1C2C=C,0.5221964
NC1C2C3NC3C1C2C=C,0.8596442
OC1C2C3NC3C1C2C=C,0.7849273
CN1C2C3NC3C1C2C=C,0.7344572
CC1C2C3OC3C1C2C=C,0.80609864
NC1C2C3OC3C1C2C=C,0.90430427
OC1C2C3OC3C1C2C=C,1.0741962
CN1C2C3OC3C1C2C=C,0.78154916
CC1C2C3CN3C1C2C=C,0.8608216
NC1C2C3CN3C1C2C=C,1.0057853
OC1C2C3CN3C1C2C=C,0.94522315
C=CC1C2C3CC3C1C2=O,1.0827378
C=CC1C2C3NC3C1C2=O,1.0184419
C=CC1C2C3OC3C1C2=O,1.4166733
C=CC1C2C3CN3C1C2=O,1.2919784
CC1CC2C=CC3CC3C12,0.71739113
NC1CC2C=CC3CC3C12,0.68909574
OC1CC2C=CC3CC3C12,0.6368428
CC1NC2C=CC3CC3C12,0.5755692
CC1OC2C=CC3CC3C12,0.73604524
CN1CC2C=CC3CC3C12,0.5991098
CC1CC2C=CC3CC3N12,0.56626225
CC1CC2C=CC3NC3C12,0.60407084
NC1CC2C=CC3NC3C12,0.6345037
OC1CC2C=CC3NC3C12,0.697163
CC1NC2C=CC3NC3C12,0.585886
CC1OC2C=CC3NC3C12,0.788576
CN1CC2C=CC3NC3C12,0.62595284
CC1CC2C=CC3OC3C12,1.0472186
NC1CC2C=CC3OC3C12,1.1052369
OC1CC2C=CC3OC3C12,1.0032147
CC1NC2C=CC3OC3C12,1.0350797
CC1OC2C=CC3OC3C12,1.1216595
CN1CC2C=CC3OC3C12,1.0656114
CC1CC2C=CC3CN3C12,0.7246628
NC1CC2C=CC3CN3C12,0.7118961
OC1CC2C=CC3CN3C12,0.7877127
CC1NC2C=CC3CN3C12,0.7021844
CC1OC2C=CC3CN3C12,0.80075824
O=C1CC2C=CC3CC3C12,1.0716021
O=C1NC2C=CC3CC3C12,1.2974089
O=C1OC2C=CC3CC3C12,1.2340332
O=C1CC2C=CC3CC3N12,0.53577477
O=C1CC2C=CC3NC3C12,0.89147764
O=C1NC2C=CC3NC3C12,1.1910414
O=C1OC2C=CC3NC3C12,1.3032498
O=C1CC2C=CC3OC3C12,1.4752218
O=C1NC2C=CC3OC3C12,1.6388174
O=C1OC2C=CC3OC3C12,1.6615566
O=C1CC2C=CC3CN3C12,1.1226028
O=C1NC2C=CC3CN3C12,1.4926418
O=C1OC2C=CC3CN3C12,1.5773779
O=C1CC2C=CC3CN3N12,1.0166711
C1C=CCC2CC2C3CC13,0.8570049
C1C=COC2CC2C3CC13,0.5717641
C1C2OC=COC3CC3C12,0.6651372
C1C=CCC2NC2C3CC13,0.66057456
C1C=COC2CC2C3NC13,0.6288385
C1C=CCC2OC2C3CC13,0.9048894
C1C=COC2CC2C3OC13,0.6767106
C1C=CCC2NC2C3NC13,0.72190315
C1C=CCC2OC2C3NC13,0.77992636
C1C=CCC2OC2C3OC13,0.9785101
C1C=CCN2CC2C3CC13,0.45921823
C1C2OC=CCN3CC3C12,0.8061074
C1C=CCN2CC2C3NC13,0.39331976
C1C=CCN2CC2C3OC13,0.59010285
C1C=CCN2CC2C3CN13,0.41294345
C1C=CCC2CN2C3CC13,0.46392924
C1C=COC2CC2N3CC13,0.63461006
C1CC2CC2C3CC3C=C1,0.7272129
C1OC=CC2CC2C3CC13,0.76705724
C1NC2CC2C3CC3C=C1,0.6925468
C1OC2CC2C3CC3C=C1,0.6202034
C1CC2CC2C3NC3C=C1,0.6258458
C1OC=CC2NC2C3CC13,0.8847728
C1NC2CC2C3NC3C=C1,0.6754
C1OC2CC2C3NC3C=C1,0.9004553
C1CC2CC2C3OC3C=C1,0.9605542
C1OC=CC2OC2C3CC13,1.0118675
C1NC2CC2C3OC3C=C1,0.9143235
C1OC2CC2C3OC3C=C1,0.84495103
C1CC2NC2C3CC3C=C1,0.6522041
C1OC=CC2CC2C3NC13,0.92322177
C1CC2NC2C3NC3C=C1,0.7223699
C1OC=CC2NC2C3NC13,0.91174555
C1CC2NC2C3OC3C=C1,1.0232502
C1OC=CC2OC2C3NC13,1.2650713
C1CC2OC2C3CC3C=C1,0.80483836
C1OC=CC2CC2C3OC13,0.7510846
C1CC2OC2C3NC3C=C1,0.95519793
C1OC=CC2NC2C3OC13,0.91972625
C1CC2OC2C3OC3C=C1,1.0450319
C1OC=CC2OC2C3OC13,1.1524271
C1CN2CC2C3CC3C=C1,0.5649768
C1CN2CC2C3NC3C=C1,0.6649319
C1CN2CC2C3OC3C=C1,0.94748735
C1CC2CC2N3CC3C=C1,0.46542493
C1OC=CC2CN2C3CC13,0.6667052
C1NC2CC2N3CC3C=C1,0.4966325
C1OC2CC2N3CC3C=C1,0.7339818
C1CC2CN2C3CC3C=C1,0.51129156
C1OC=CC2CC2N3CC13,0.5748498
C1C2C=CC=CC3CC3C12,0.9056325
C1C2C=CC=CC3NC3C12,0.8831415
C1C2C=CC=CC3OC3C12,1.1886326
N1C2C=CC=CC3NC3C12,0.9470936
N1C2C=CC=CC3OC3C12,1.3239273
O1C2C=CC=CC3OC3C12,1.6234376
C1C2C=CC=NN3CC3C12,1.1675112
C1C2C3NC3C=CC=NN12,0.9831362
C1C2C3OC3C=CC=NN12,1.4825284
C1C2C3CN3N=CC=CN12,0.6945453
C1C2C=CC=CC3CN3C12,0.79141206
C1CC2C=CC3CC3C2C1,0.6148114
C1NCC2C1C=CC3CC23,0.5166764
C1OCC2C1C=CC3CC23,0.5553287
C1CC2C3CC3C=CC2N1,0.7701476
C1CC2C3CC3C=CC2O1,0.76387936
C1CC2C=CC3CC3C2N1,0.67981845
C1CC2C=CC3CC3C2O1,0.708529
C1OC2C=CC3CC3C2O1,0.8537545
C1CC2C=CC3CC3N2C1,0.5784958
C1CC2C=CC3NC3C2C1,0.4702416
C1NCC2C1C=CC3NC23,0.5493552
C1OCC2C1C=CC3NC23,0.8160401
C1CC2C(N1)C=CC3NC23,0.6422199
C1CC2C3NC3C=CC2O1,0.98993903
C1CC2C=CC3NC3C2N1,0.52354693
C1CC2C=CC3NC3C2O1,0.67412186
C1OC2C=CC3NC3C2O1,0.7894838
C1CC2C=CC3OC3C2C1,0.88411885
C1NCC2C1C=CC3OC23,0.7175057
C1OCC2C1C=CC3OC23,0.82220256
C1CC2C(N1)C=CC3OC23,0.9260358
C1CC2C(O1)C=CC3OC23,0.75247526
C1CC2C=CC3OC3C2N1,0.9702931
C1CC2C=CC3OC3C2O1,0.8682138
C1OC2C=CC3OC3C2O1,1.0950992
C1CC2C=CC3CN3C2C1,0.56086147
C1NCC2C1C=CC3CN23,0.42460117
C1OCC2C1C=CC3CN23,0.58215094
C1CC2C(N1)C=CC3CN23,0.70143706
C1CC2C(O1)C=CC3CN23,0.88300335
C1CC2C3CC3CC=C2C1,0.7132892
C1CC2C3CC3OC=C2C1,0.7016938
C1NCC2=CCC3CC3C12,0.5312473
C1NCC2=COC3CC3C12,0.56152916
C1OCC2=CCC3CC3C12,0.57998383
C1OCC2=COC3CC3C12,0.60997564
C1CC2C3CC3CC=C2O1,0.4409293
C1CC2C3CC3OC=C2O1,0.54892266
C1CC2=CCC3CC3C2N1,0.7064041
C1CC2=COC3CC3C2N1,0.66278535
C1CC2=CCC3CC3C2O1,0.6836062
C1CC2=COC3CC3C2O1,0.7123405
C1OC2C3CC3CC=C2O1,0.57949483
C1OC2C3CC3OC=C2O1,0.7006228
C1CC2C3NC3CC=C2C1,0.693357
C1NCC2=CCC3NC3C12,0.30234626
C1OCC2=CCC3NC3C12,0.6466474
C1CC2C3NC3CC=C2O1,0.66837525
C1CC2=CCC3NC3C2N1,0.4128508
C1CC2=CCC3NC3C2O1,0.6782365
C1OC2C3NC3CC=C2O1,0.8093462
C1CC2C3OC3CC=C2C1,0.9256468
C1NCC2=CCC3OC3C12,0.707955
C1OCC2=CCC3OC3C12,0.7889271
C1CC2C3OC3CC=C2O1,0.67930865
C1CC2=CCC3OC3C2N1,0.79296446
C1CC2=CCC3OC3C2O1,0.8519897
C1OC2C3OC3CC=C2O1,0.9731851
C1CC2C3CN3CC=C2C1,0.84725004
C1NCC2=CCN3CC3C12,0.5587341
C1OCC2=CCN3CC3C12,0.8183855
C1CC2C3CN3CC=C2O1,0.6984385
C1CC2=CCN3CC3C2N1,0.54442894
C1CC2=CCN3CC3C2O1,0.8980837
C1OC2C3CN3CC=C2O1,0.8590969
C1CC2N3CC3CC=C2C1,0.8198785
C1NCC2=CCC3CN3C12,0.57395
C1OCC2=CCC3CN3C12,0.84231824
C1CC2N3CC3CC=C2O1,0.62891746
C1CC2C=CCC2C3CC13,0.8054399
C1NC2C=CCC2C3CC13,0.739768
C1OC2C=CCC2C3CC13,0.9906924
C1NC2CC2C3CC=CC13,0.70487237
C1OC2CC2C3CC=CC13,0.614665
C1CC2C=COC2C3CC13,0.6638682
C1NC2C=COC2C3CC13,0.6170507
C1OC2C=COC2C3CC13,0.79338974
C1NC2CC2C3OC=CC13,0.73078954
C1OC2CC2C3OC=CC13,0.7870332
C1CC2C=CCN2C3CC13,0.59401304
C1NC2CC2N3CC=CC13,0.5378202
C1OC2CC2N3CC=CC13,0.6566742
C1CC2C=CCC2C3NC13,0.75498194
C1NC2C=CCC2C3NC13,0.67113954
C1OC2C=CCC2C3NC13,0.91432494
C1CC2C=COC2C3NC13,0.5846252
C1NC2C=COC2C3NC13,0.7758874
C1OC2C=COC2C3NC13,0.9567485
C1CC2C=CCC2C3OC13,0.76208633
C1NC2C=CCC2C3OC13,0.76227427
C1OC2C=CCC2C3OC13,0.7528082
C1CC2C=COC2C3OC13,0.59722126
C1NC2C=COC2C3OC13,0.6915841
C1OC2C=COC2C3OC13,0.8408239
C1CN2CC2C3CC=CC13,0.7436418
C1CN2CC2C3OC=CC13,0.72744906
C1CC2C=CCC2N3CC13,0.68007874
C1NC2C=CCC2N3CC13,0.84171575
C1OC2C=CCC2N3CC13,1.0344703
C1C=CC2C=CC3CC3C12,0.75757074
C1C2C=CC3C=NNC3C12,0.880221
C1C2C=CC3N=CNC3C12,0.89992046
C1C2C=CC3C=COC3C12,0.97055256
C1C2C=CC3C=NOC3C12,1.2870281
C1C=CN2C=NC3CC3C12,0.74975914
C1N=CN2C=CC3CC3C12,0.7295244
C1C=CC2C=CC3CC3N12,0.6961364
C1C=CN2C=NC3CC3N12,0.74953085
C1C=CC2C=CC3NC3C12,0.642581
N1N=CC2C=CC3NC3C12,0.7956246
N1C=NC2C1C=CC3NC23,0.9861125
N1C2C=CC3C=COC3C12,1.0859956
N1C2C=CC3C=NOC3C12,1.337149
C1N=CN2C=CC3NC3C12,0.6918185
C1C=CC2C=CC3OC3C12,1.0159446
N1N=CC2C=CC3OC3C12,1.3242143
N1C=NC2C1C=CC3OC23,1.284815
O1C=CC2C=CC3OC3C12,1.174713
O1N=CC2C=CC3OC3C12,1.5931841
C1N=CN2C=CC3OC3C12,0.8374698
C1C=CC2N=CN3CC3C12,0.7647097
C1C=CC2C=NN3CC3C12,0.87256455
C1C2C3OC=CC3N=CN12,1.6425174
C1C2C3OC=CC3C=NN12,0.86121416
C1C=CN2C=NN3CC3C12,0.7381989
C1C=CC2C=CC3CN3C12,0.90685636
C1C=C2C=CCC2C3CC13,0.87703943
C1C=CC2=NNC3CC3C12,0.7614298
C1C=CC2=COC3CC3C12,0.6757446
C1C=CC2=NOC3CC3C12,1.0542909
C1C2NN=C3C=CNC3C12,1.0101839
C1C2ON=C3C=CNC3C12,1.2576947
C1C=C2C=NNC2C3CC13,0.878919
C1C2N=CC3=CNNC3C12,1.0019448
C1C2N=NC3=CNNC3C12,1.3300587
C1C2OC=C3C=NNC3C12,1.3340116
C1C=C2C=COC2C3CC13,0.82921654
C1C2NN=C3C=COC3C12,1.2919357
C1C2OC=C3C=COC3C12,1.2652053
C1C2ON=C3C=COC3C12,1.443799
C1C=C2C=NOC2C3CC13,1.1163828
C1C2N=CC3=CNOC3C12,1.1662029
C1C2N=NC3=CNOC3C12,1.2037319
C1C2OC=C3C=NOC3C12,1.5829884
C1C=CC2=NCC3CC3N12,0.72592497
C1C=CC2=NNC3CC3N12,0.5023061
C1C=CC2=NOC3CC3N12,0.7612215
C1N=c2cc[nH]n2C3CC13,0.77184474
C1C2NN=c3cc[nH]n3C12,0.93373066
C1C2ON=c3cc[nH]n3C12,1.0567794
C1N=c2ccon2C3CC13,0.8141808
C1C2NN=c3ccon3C12,1.1859385
C1C2ON=c3ccon3C12,1.3393942
C1C=C2C=CCC2C3NC13,0.9059724
C1C=C2C=NNC2C3NC13,1.0184375
C1C=C2C=COC2C3NC13,0.9789381
C1C=C2C=NOC2C3NC13,1.2035991
C1C=C2C=CCC2C3OC13,0.85405505
C1C=C2C=NNC2C3OC13,1.0141897
C1C=C2C=COC2C3OC13,0.96797544
C1C=C2C=NOC2C3OC13,1.3514177
C1C=CC2=CCN3CC3C12,0.79854226
C1C=C2C=NNC2C3CN13,0.85528207
C1C=C2C=COC2C3CN13,0.7774039
C1C=C2C=NOC2C3CN13,1.0337955
C1C=CC2=CCC3CN3C12,0.93631184
C1C=CC2=NCC3CN3N12,1.1273123
C1N=c2cc[nH]n2N3CC13,0.9438958
C1N=c2ccon2N3CC13,1.1861323
C1CC2CC2C3C=CCC13,0.73057824
C1NC2CC=CC2C3CC13,0.76172775
C1OC2CC=CC2C3CC13,0.9775249
C1NC2CC2C3C=CCC13,0.67757857
C1OC2CC2C3C=CCC13,0.7316692
C1CC2OC=CC2C3CC13,0.92951226
C1OC2OC=CC2C3CC13,0.9527658
C1NC2CC2C3C=COC13,0.62853146
C1OC2CC2C3C=COC13,0.70855755
C1CN2CC=CC2C3CC13,0.5531171
C1CC2NC2C3C=CCC13,0.69239753
C1NC2CC=CC2C3NC13,0.6980495
C1OC2CC=CC2C3NC13,0.89064974
C1CC2OC=CC2C3NC13,0.6789785
C1OC2OC=CC2C3NC13,0.9026726
C1CN2CC=CC2C3NC13,0.52440405
C1CC2OC2C3C=CCC13,0.85420203
C1NC2CC=CC2C3OC13,0.8134639
C1OC2CC=CC2C3OC13,0.8268874
C1CC2OC2C3C=COC13,0.74723935
C1OC2OC=CC2C3OC13,0.95412177
C1CN2CC=CC2C3OC13,0.70529914
C1CN2CC2C3C=CCC13,0.7400614
C1CN2CC2C3C=COC13,0.69989
C1CN2CC2C3C=CCN13,0.6456531
C1CC2CN2C3C=CCC13,0.69510597
C1NC2CC=CC2N3CC13,0.88396674
C1OC2CC=CC2N3CC13,1.0678145
C1CC2CN2C3C=COC13,0.662715
C1OC2OC=CC2N3CC13,1.2063776
C1C=CC2C1C=CC3CC23,0.7867617
C1C2C=CC3NN=CC3C12,1.3064541
C1C2C=CC3OC=CC3C12,1.3738362
C1C2C=CC3ON=CC3C12,1.5455528
C1C=CC2C3CC3C=NN12,0.9782735
C1C=CC2C3CC3N=CN12,0.9370896
C1N=CN2C1C=CC3CC23,1.1243681
C1C=NN2C1C=CC3CC23,1.135612
C1C=CC2C1C=CC3NC23,0.9422537
N1N=CC2C1C=CC3NC23,0.9596943
N1C2C=CC3OC=CC3C12,1.3532991
N1C2C=CC3ON=CC3C12,1.5549667
C1C=CC2C3NC3C=NN12,0.8960445
C1C=CC2C1C=CC3OC23,0.97830504
N1N=CC2C1C=CC3OC23,1.1215037
O1C=CC2C1C=CC3OC23,0.94825
O1N=CC2C1C=CC3OC23,1.3079413
C1C=CC2C3OC3C=NN12,1.2069025
C1C=CC2C1N=CN3CC23,0.7572593
C1C=CC2C1C=NN3CC23,0.8580196
C1C2C3C=COC3C=NN12,0.96592057
C1C=CC2C3CN3C=NN12,1.1346571
C1C=CC2C3CN3N=CN12,1.2156516
C1C=CC2C1C=CC3CN23,0.81751883
C1C2C=CC3NN=CC3N12,1.2890257
C1C2C=CC3OC=CC3N12,1.4045979
C1C2C=CC3ON=CC3N12,1.6367494
C1N=CN2C1C=CC3CN23,0.98777616
C1C=C2CC=CC2C3CC13,0.82603717
C1C=CC2C3CC3NN=C12,0.6535518
C1C2OC=C3CC=CC3C12,0.973369
C1C=CC2C3CC3ON=C12,1.1302689
C1N=C2NC=CC2C3CC13,0.8722723
C1C2NNC3=NC=CC3C12,1.1372921
C1C2ON=C3NC=CC3C12,1.2286122
C1C=C2OC=CC2C3CC13,0.82201105
C1C2NN=C3OC=CC3C12,1.3145763
C1C2OC=C3OC=CC3C12,1.156232
C1C2ON=C3OC=CC3C12,1.29787
C1C=C2N=CNC2C3CC13,0.844687
C1C2OC=C3N=CNC3C12,1.2683467
C1N=C2CC=CN2C3CC13,0.5682071
C1C=CN2C3CC3NN=C12,0.58324075
C1C=CN2C3CC3ON=C12,1.1215851
C1C=C2CN=CN2C3CC13,0.5463175
C1N=CN2C3CC3OC=C12,1.1403168
C1N=c2[nH]ccn2C3CC13,0.57921404
C1C2NN=c3[nH]ccn3C12,0.5646883
C1C2ON=c3[nH]ccn3C12,0.6846462
C1N=c2occn2C3CC13,0.6076412
C1C2NN=c3occn3C12,0.74570477
C1C2ON=c3occn3C12,0.8714086
C1C=C2CC=CC2C3NC13,0.80038595
C1N=C2NC=CC2C3NC13,0.89268494
C1C=C2OC=CC2C3NC13,0.87271285
C1C=C2N=CNC2C3NC13,0.9548087
C1C=C2CC=CC2C3OC13,0.88341385
C1N=C2NC=CC2C3OC13,1.1416171
C1C=C2OC=CC2C3OC13,1.1445884
C1C=C2N=CNC2C3OC13,0.9190134
C1C=C2CC=CC2C3CN13,0.91452205
C1C=C2OC=CC2C3CN13,0.5740844
C1C=C2N=CNC2C3CN13,0.75840604
C1C=C2CC=CC2N3CC13,1.038359
C1NC2=NC=CC2N3CC13,1.296126
C1C=C2OC=CC2N3CC13,1.1684958
C1N=C2CC=CN2N3CC13,0.9162668
C1C=C2CN=CN2N3CC13,0.8884934
C1N=c2[nH]ccn2N3CC13,0.71991843
C1N=c2occn2N3CC13,0.6553886
C1CC2C3CC3CCC2=C1,0.6868591
C1CC2C3CC3COC2=C1,0.67576903
C1CC2C3CC3NCC2=C1,0.5700696
C1CC2C3CC3OCC2=C1,0.75294006
C1CC2=COCC2C3CC13,0.5674198
C1OC2=COCC2C3CC13,0.8252765
C1NC2CC2C3COC=C13,0.5748299
C1OC=C2COC3CC3C12,0.71134317
C1CC2=CCNC2C3CC13,0.63995767
C1NC2C3CC3COC2=C1,0.67323065
C1NC2C3CC3NCC2=C1,0.6140189
C1NC2C3CC3OCC2=C1,0.71208936
C1CC2=CCOC2C3CC13,0.7727381
C1OC2C3CC3COC2=C1,0.70914155
C1OC2C3CC3NCC2=C1,0.66484916
C1OC2C3CC3OCC2=C1,0.7755404
C1CC2C3NC3CCC2=C1,0.55420846
C1CC2C3NC3COC2=C1,0.651782
C1CC2=COCC2C3NC13,0.5195601
C1OC=C2OCC3NC3C12,0.74055964
C1CC2=CCNC2C3NC13,0.7779858
C1NC2C3NC3COC2=C1,0.5834557
C1CC2=CCOC2C3NC13,0.7260644
C1OC2C3NC3COC2=C1,0.87087905
C1CC2C3OC3CCC2=C1,0.7681642
C1CC2C3OC3COC2=C1,0.67083097
C1CC2=COCC2C3OC13,0.44392142
C1OC=C2OCC3OC3C12,0.90759736
C1NC2C3OC3CCC2=C1,0.70009375
C1NC2C3OC3COC2=C1,0.8374282
C1CC2=CCOC2C3OC13,0.665072
C1OC2C3OC3COC2=C1,1.098593
C1CC2C3CN3CCC2=C1,0.7087427
C1OC=C2CCN3CC3C12,0.62657195
C1NC2C3CN3CCC2=C1,0.7788876
C1OC2C3CN3CCC2=C1,0.77941793
C1CC2N3CC3CCC2=C1,0.73675114
C1CC2N3CC3COC2=C1,0.67910326
C1CC2=COCC2N3CC13,0.7681662
C1OC=C2OCC3CN3C12,0.7900283
C1CC2C3CC3C=CC2=C1,1.0086782
C1OC=C2C=CC3CC3C12,0.96686953
C1NN=C2C=CC3CC3C12,1.1473718
C1ON=C2C=CC3CC3C12,1.4229325
C1NC2C3CC3C=CC2=C1,0.8429937
C1OC2C3CC3C=CC2=C1,0.91813767
C1CN2C3CC3C=CC2=N1,1.0028205
C1CC2C3NC3C=CC2=C1,0.9228289
C1OC=C2C=CC3NC3C12,0.7793834
C1NN=C2C=CC3NC3C12,0.9942899
C1ON=C2C=CC3NC3C12,1.4464451
C1NC2C3NC3C=CC2=C1,0.5600277
C1OC2C3NC3C=CC2=C1,0.95116544
C1CC2C3OC3C=CC2=C1,1.2117511
C1OC=C2C=CC3OC3C12,1.1143328
C1NN=C2C=CC3OC3C12,1.3830382
C1ON=C2C=CC3OC3C12,1.930648
C1NC2C3OC3C=CC2=C1,1.1113454
C1OC2C3OC3C=CC2=C1,1.2017651
C1CC2C3CN3N=CC2=C1,1.1430911
C1N=CC2=CNN3CC3C12,0.81549555
C1OC=C2C=NN3CC3C12,0.97547764
C1NN=C2C=CN3CC3C12,1.0303272
C1N=NC2=CNN3CC3C12,1.1910741
C1ON=C2C=CN3CC3C12,1.2900645
C1NC2C3CN3N=CC2=C1,1.117727
C1OC2C3CN3N=CC2=C1,1.4021076
C1CC2N3CC3C=CC2=C1,0.9585554
C1OC=C2C=CC3CN3C12,1.0494342
C1NN=C2C=CC3CN3C12,1.2517836
C1ON=C2C=CC3CN3C12,1.7142687
C1CN2N3CC3C=CC2=N1,1.214817
C1CC2=CC=CC2C3CC13,0.85827905
C1OC2=CC=CC2C3CC13,0.83928275
C1NC2CC2C3C=CC=C13,1.0198563
C1OC2CC2C3C=CC=C13,0.9256873
C1CC2=CC=CC2C3NC13,0.78217435
C1OC2=CC=CC2C3NC13,0.9476228
C1CC2=CC=CC2C3OC13,0.793909
C1OC2=CC=CC2C3OC13,1.0901624
C1CC2=CC=CC2C3CN13,0.99824816
C1CC2=CC=CC2N3CC13,0.9905139
C1OC2=CC=CC2N3CC13,1.3043002
C1C2C=CC3=CC=CC3C12,1.3245511
C1C2C=CC3=NN=CC3C12,2.2227037
C1C2C=Cc3cccn3C12,0.75359935
C1C2C=Cc3cncn3C12,0.7723328
C1C2C=Cc3nccn3C12,0.9736575
C1C2C=Cc3nncn3C12,1.1333132
C1C2C=Cc3ccnn3C12,1.4249043
C1C2C=Cc3cnnn3C12,1.5851303
C1C2C=Cc3ncnn3C12,1.7390157
C1C2C=Cc3nnnn3C12,2.1871693
N1C2C=CC3=CC=CC3C12,1.3600289
N1C2C=CC3=NN=CC3C12,2.1668773
O1C2C=CC3=CC=CC3C12,1.5348662
O1C2C=CC3=NN=CC3C12,2.287459
C1C2C3C=CC=C3C=NN12,1.5580664
C1C2C3C=NN=C3C=CN12,1.7711655
C1C2C=CC3=CC=CC3N12,1.5903922
C1C2C=CC3=NN=CC3N12,2.2596054
C1C2C=Cc3cccn3N12,1.1482656
C1C2C=Cc3cncn3N12,1.3131158
C1C2C=Cc3nccn3N12,1.414184
C1C2C=Cc3nncn3N12,1.8173889
C1C2C=Cc3ccnn3N12,1.552226
C1C2C=Cc3cnnn3N12,2.2007923
C1C2C=Cc3ncnn3N12,2.1402383
C1CC2CCC3CC3C2=C1,0.7050044
C1CC2NCC3CC3C2=C1,0.5567696
C1CC2OCC3CC3C2=C1,0.80035543
C1CC2CNC3CC3C2=C1,0.55532426
C1CC2COC3CC3C2=C1,0.815598
C1CC2COC=C2C3CC13,0.59719694
C1NC2COC=C2C3CC13,0.6642525
C1OC=C2C1OCC3CC23,0.81392455
C1NC2CC2C3=COCC13,0.5950897
C1OC=C2C1COC3CC23,0.81545687
C1CC2NCC=C2C3CC13,0.64826834
C1NC2CNC3CC3C2=C1,0.5972149
C1NC2COC3CC3C2=C1,0.6133594
C1CC2OCC=C2C3CC13,0.864499
C1OC2OCC3CC3C2=C1,0.9191774
C1NC2CC2C3=CCOC13,0.6673406
C1OC2COC3CC3C2=C1,0.7856877
C1CC2CCC3NC3C2=C1,0.51369786
C1CC2NCC3NC3C2=C1,0.6075652
C1CC2OCC3NC3C2=C1,0.7758429
C1CC2NC2C3=COCC13,0.5355976
C1NC2COC=C2C3NC13,0.7620151
C1OC=C2C1OCC3NC23,0.8911387
C1CC2NCC=C2C3NC13,0.6011041
C1CC2OCC=C2C3NC13,0.80088216
C1OC2OCC3NC3C2=C1,0.93083113
C1CC2CCC3OC3C2=C1,0.77216697
C1CC2NCC3OC3C2=C1,0.8163594
C1CC2OCC3OC3C2=C1,0.9981797
C1CC2COC=C2C3OC13,0.48653886
C1NC2COC=C2C3OC13,0.56612533
C1OC=C2C1OCC3OC23,0.64803016
C1NC2CCC3OC3C2=C1,0.8260491
C1CC2OCC=C2C3OC13,0.844281
C1OC2OCC3OC3C2=C1,1.2226722
C1CC2CCN3CC3C2=C1,0.59427893
C1CN2CC2C3=COCC13,0.5626612
C1CN2CC2C3=CCNC13,0.55587894
C1CN2CC2C3=CCOC13,0.7768111
C1CC2C=CC3CC3C2=C1,0.8199002
C1OC=C2C1C=CC3CC23,0.9667578
C1NC2C=CC3CC3C2=C1,0.60415554
C1OC2C=CC3CC3C2=C1,0.76758814
C1NN=C2C1C=CC3CC23,1.1084042
C1ON=C2C1C=CC3CC23,1.2554371
C1CN2C=NC3CC3C2=C1,0.49101532
C1NN2C=NC3CC3C2=C1,0.6489017
C1ON2C=NC3CC3C2=C1,0.9582262
C1CN2C=CC3CC3C2=N1,0.49807957
C1CC2C=CC3NC3C2=C1,0.71464527
C1OC=C2C1C=CC3NC23,0.9261519
C1NC2C=CC3NC3C2=C1,0.47083017
C1OC2C=CC3NC3C2=C1,0.8106114
C1NN=C2C1C=CC3NC23,1.0134257
C1ON=C2C1C=CC3NC23,1.5885398
C1CN2C=CC3NC3C2=N1,0.4528818
C1CC2C=CC3OC3C2=C1,1.0208012
C1OC=C2C1C=CC3OC23,1.2112907
C1NC2C=CC3OC3C2=C1,0.95686936
C1OC2C=CC3OC3C2=C1,1.2998514
C1NN=C2C1C=CC3OC23,1.3132284
C1ON=C2C1C=CC3OC23,1.7652926
C1CN2C=CC3OC3C2=N1,0.8883085
C1CC2N=CN3CC3C2=C1,0.7745173
C1CC2C=NN3CC3C2=C1,0.83761656
C1OC=C2C1N=CN3CC23,1.0348397
C1OC=C2C1C=NN3CC23,1.0763581
C1NC2C=NN3CC3C2=C1,0.90398896
C1OC2C=NN3CC3C2=C1,1.1482781
C1CN2C=NN3CC3C2=C1,0.68442994
C1NN2C=NN3CC3C2=C1,0.8650472
C1ON2C=NN3CC3C2=C1,1.124962
C1CC2C=CC3CN3C2=N1,0.8768023
C1NN=C2C1C=CC3CN23,0.931831
C1ON=C2C1C=CC3CN23,1.3985775
C1CN2C=CC3CN3C2=N1,0.5902967
C1CC2=CCC3CC3C2=C1,0.8500555
C1CC2=NNC3CC3C2=C1,0.766397
C1CC2=COC3CC3C2=C1,0.72122586
C1CC2=NOC3CC3C2=C1,1.0669608
C1N=CC2=C1NNC3CC23,0.90300393
C1C2ONC3=C(C=NC3)C12,1.4921737
C1OC=C2C3CC3CC=C12,1.1381181
C1OC=C2C3CC3NN=C12,1.2546374
C1OC=C2C3CC3OC=C12,1.2642053
C1OC=C2C3CC3ON=C12,1.7508259
C1NC2=NCC3CC3C2=C1,0.9025636
C1C=C2C3CC3NNC2=N1,0.61061037
C1C=C2C3CC3ONC2=N1,1.2267716
C1OC2=CCC3CC3C2=C1,0.75624657
C1OC2=NNC3CC3C2=C1,1.148806
C1OC2=COC3CC3C2=C1,0.92437744
C1OC2=NOC3CC3C2=C1,1.4380256
C1C2NN=c3o[nH]cc3C12,1.0212274
C1C2ON=c3o[nH]cc3C12,1.224691
C1NN=C2C3CC3CC=C12,1.2484066
C1NN=C2C3CC3NC=C12,0.8594425
C1C2NNC3=C(N=NC3)C12,1.6791309
C1NN=C2C3CC3OC=C12,1.3859508
C1N=NC2=C1NOC3CC23,1.4073752
C1ON=C2C3CC3CC=C12,1.3366612
C1ON=C2C3CC3NC=C12,1.3470837
C1ON=C2C3CC3OC=C12,1.6025689
C1CC2=CCC3NC3C2=C1,0.60215616
C1OC=C2C3NC3CC=C12,0.9317929
C1NC2=NCC3NC3C2=C1,0.8529062
C1OC2=CCC3NC3C2=C1,0.67485046
C1NN=C2C3NC3CC=C12,1.0642768
C1ON=C2C3NC3CC=C12,1.2859472
C1CC2=CCC3OC3C2=C1,0.9043244
C1OC=C2C3OC3CC=C12,1.2163763
C1NC2=NCC3OC3C2=C1,1.3125063
C1OC2=CCC3OC3C2=C1,1.0626813
C1NN=C2C3OC3CC=C12,1.3402677
C1ON=C2C3OC3CC=C12,1.4202895
C1CC2=CCN3CC3C2=C1,0.6632419
C1OC=C2C3CN3CC=C12,1.062554
C1OC2=CCN3CC3C2=C1,0.8397905
C1NN=C2C3CN3CC=C12,1.0776849
C1ON=C2C3CN3CC=C12,1.532175
C1CC2=CCC3CN3C2=N1,1.0149409
C1NN=C2N3CC3CC=C12,1.0514125
C1ON=C2N3CC3CC=C12,1.3394526
C1CC2C=CC=C2C3CC13,0.93231934
C1NC2C=CC=C2C3CC13,0.91160893
C1OC2C=CC=C2C3CC13,1.0411525
C1NC2CC2C3=CC=CC13,0.79260373
C1OC2CC2C3=CC=CC13,0.89182806
C1CC2C=CC=C2C3NC13,0.92141783
C1NC2C=CC=C2C3NC13,0.8745264
C1OC2C=CC=C2C3NC13,1.0428629
C1CC2C=CC=C2C3OC13,1.1004831
C1NC2C=CC=C2C3OC13,1.0544354
C1OC2C=CC=C2C3OC13,1.2650937
C1CN2CC2C3=CC=CC13,0.84618205
C1C2C=CC3C=CC=C3C12,0.9604126
C1C2C=CC3C=NN=C3C12,2.1006024
C1C2C=Cn3cccc3C12,0.75477076
C1C2C=Cn3cncc3C12,1.0843867
C1C2C=Cn3nccc3C12,1.238285
C1C2C=Cn3nncc3C12,1.4177772
C1C2C=Cn3ccnc3C12,1.0283223
C1C2C=Cn3cnnc3C12,1.4506055
C1C2C=Cn3ncnc3C12,1.7392235
C1C2C=Cn3nnnc3C12,2.0998738
N1C2C=CC3C=CC=C3C12,1.0645052
N1C2C=CC3C=NN=C3C12,1.9700819
N1C2C=Cn3cccc3C12,0.62478626
N1C2C=Cn3cncc3C12,1.0358645
N1C2C=Cn3nccc3C12,1.1277647
N1C2C=Cn3nncc3C12,1.2616203
N1C2C=Cn3ccnc3C12,0.95644546
N1C2C=Cn3cnnc3C12,1.430143
N1C2C=Cn3ncnc3C12,1.6240205
N1C2C=Cn3nnnc3C12,1.6592588
O1C2C=CC3C=CC=C3C12,1.3144639
O1C2C=CC3C=NN=C3C12,2.3213553
O1C2C=Cn3cccc3C12,0.7606162
O1C2C=Cn3cncc3C12,1.1384469
O1C2C=Cn3nccc3C12,1.385677
O1C2C=Cn3nncc3C12,1.7600766
O1C2C=Cn3ccnc3C12,1.1335278
O1C2C=Cn3cnnc3C12,1.4358662
O1C2C=Cn3ncnc3C12,1.9047855
O1C2C=Cn3nnnc3C12,2.3806615
C1C2N1C=NC3C=CC=C23,1.5418137
C1C2N1N=CC3C=CC=C23,1.5972652
C1C2C=CC3C=NN=C3N12,1.8158582
C1C2C=CC3N=CN=C3N12,1.6990286
C1C2C=Cn3cccc3N12,0.7221907
C1C2C=Cn3cncc3N12,1.0824107
C1C2C=Cn3nccc3N12,1.1632663
C1C2C=Cn3nncc3N12,1.6121694
C1C2C=Cn3ccnc3N12,0.8692864
C1C2C=Cn3cnnc3N12,1.451273
C1C2C=Cn3ncnc3N12,1.7129291
C1C2C=Cn3nnnc3N12,2.2617133
C1C=C2C=CC=C2C3CC13,0.91887134
C1C2NN=C3C=CC=C3C12,1.3537561
C1C2OC=C3C=CC=C3C12,1.278663
C1C2ON=C3C=CC=C3C12,1.7933286
C1C2ON=C3C=NC=C3C12,2.2736907
C1N=C2N=CC=C2C3CC13,1.528462
C1C2ON=C3N=CC=C3C12,2.2963185
C1C2ON=C3C=CN=C3C12,2.2466462
C1C2C=Cc3c[nH]nc3C12,1.1545062
C1C2OC=C3C=NN=C3C12,2.2988718
C1C=C2C=CC=C2C3NC13,1.1194552
C1N=C2N=CC=C2C3NC13,1.849232
N1C2C=Cc3c[nH]nc3C12,0.99693245
C1C=C2C=CC=C2C3OC13,1.5054567
C1N=C2N=CC=C2C3OC13,1.952599
O1C2C=Cc3c[nH]nc3C12,0.96274126
C1C=C2C=CC=C2C3CN13,0.9160286
C1C2N1C=Cc3c[nH]nc23,1.4473169
C1N=C2N=CC=C2N3CC13,1.8825628
C1C2C=Cc3c[nH]nc3N12,1.1197082
C1C=C2CCC3CC3C2=C1,1.1244082
C1OC2=CCC=C2C3CC13,0.8829349
C1C=C2CNC3CC3C2=C1,0.9212147
C1C=C2COC3CC3C2=C1,0.96025896
C1CC2=CCC=C2C3NC13,0.7963859
C1C=C2OCC3NC3C2=C1,0.9819777
C1CC2=CCC=C2C3OC13,0.97930396
C1OC2=CCC=C2C3OC13,1.0936278
C1C=C2CCN3CC3C2=C1,1.0057617
C1CC2=CCN=C2N3CC13,1.2513564
C1OC2=CCN=C2N3CC13,1.5622783
C1C=C2C=CC3CC3C2=C1,0.872921
C1C2C=Cc3c[nH]cc3C12,0.8067318
C1C2C=Cc3cocc3C12,1.1582507
C1C2C=Cc3[nH]ncc3C12,1.3932196
C1C2C=Cc3nocc3C12,1.7900258
C1C2C=Cc3conc3C12,1.6226784
C1C2C=Cc3[nH]nnc3C12,1.7916106
C1C2C=Cc3nonc3C12,2.3826592
C1C=C2C=CC3NC3C2=C1,0.79268837
N1C2C=Cc3c[nH]cc3C12,0.63162637
N1C2C=Cc3cocc3C12,1.0371623
N1C2C=Cc3[nH]ncc3C12,1.0368273
N1C2C=Cc3nocc3C12,1.5202793
N1C2C=Cc3conc3C12,1.4507594
N1C2C=Cc3[nH]nnc3C12,1.540149
N1C2C=Cc3nonc3C12,2.195191
C1C=C2C=CC3OC3C2=C1,1.3501738
O1C2C=Cc3c[nH]cc3C12,0.63598114
O1C2C=Cc3cocc3C12,1.1743165
O1C2C=Cc3[nH]ncc3C12,1.2542776
O1C2C=Cc3nocc3C12,2.170138
O1C2C=Cc3conc3C12,1.7594534
O1C2C=Cc3[nH]nnc3C12,1.6919976
O1C2C=Cc3nonc3C12,2.690875
C1C=C2C=NN3CC3C2=C1,1.276181
C1C=C2C3CN3C=NC2=N1,1.5017453
C1C2C=Cc3c[nH]cc3N12,0.63274884
C1C2C=Cc3cocc3N12,1.1776656
C1C2C=Cc3[nH]ncc3N12,1.2857579
C1C2C=Cc3nocc3N12,1.8331627
C1C=C2C=CC3CN3C2=N1,1.3177766
C1C2C=Cc3conc3N12,1.7746793
C1C2C=Cc3[nH]nnc3N12,1.8271674
C1C2C=Cc3nonc3N12,2.5010076
C1CC2=C(C1)C3CC3CC2,0.44907832
C1CC2=C(C1)C3CC3CO2,0.707971
C1CC2=C(C1)C3CC3NC2,0.5185111
C1CC2=C(C1)C3CC3OC2,0.5820972
C1CC2=C(CNC2)C3CC13,0.28539175
C1NCC2=C1OCC3CC23,0.4920582
C1NCC2=C1CNC3CC23,0.43633166
C1NCC2=C1COC3CC23,0.7795613
C1CC2=C(COC2)C3CC13,0.60058624
C1OC2=C(COC2)C3CC13,0.65538275
C1NC2CC2C3=C1COC3,0.8524018
C1OCC2=C1COC3CC23,0.8447466
C1CC2=C(CCC3CC23)O1,0.5156546
C1CC2=C(CNC3CC23)O1,0.53696775
C1CC2=C(COC3CC23)O1,0.80606973
C1CC2=C(O1)C3CC3CC2,0.6766231
C1CC2=C(O1)C3CC3CO2,0.7678138
C1CC2=C(O1)C3CC3NC2,0.51868534
C1CC2=C(O1)C3CC3OC2,0.50389844
C1OC2=C(O1)C3CC3CC2,0.6728022
C1OC2=C(O1)C3CC3NC2,0.61445713
C1OC2=C(O1)C3CC3OC2,0.57775605
C1CC2=C(C1)C3NC3CC2,0.4642335
C1CC2=C(C1)C3NC3CO2,0.57045496
C1CC2=C(CNC2)C3NC13,0.54788053
C1NCC2=C1OCC3NC23,0.62531984
C1CC2=C(COC2)C3NC13,0.5603594
C1OC2=C(COC2)C3NC13,0.9370196
C1CC2=C(CCC3NC23)O1,0.4860488
C1CC2=C(O1)C3NC3CC2,0.57207596
C1CC2=C(O1)C3NC3CO2,0.47608012
C1CC2=C(OCO2)C3NC13,0.5590989
C1CC2=C(C1)C3OC3CC2,0.76600885
C1CC2=C(C1)C3OC3CO2,0.83164704
C1CC2=C(CNC2)C3OC13,0.5373341
C1NCC2=C1OCC3OC23,0.5492896
C1CC2=C(COC2)C3OC13,0.5485692
C1OC2=C(COC2)C3OC13,0.8076129
C1CC2=C(CCC3OC23)O1,0.6253791
C1CC2=C(O1)C3OC3CC2,0.89953935
C1CC2=C(O1)C3OC3CO2,0.9227232
C1OC2=C(O1)C3OC3CC2,1.2252767
C1CC2=C(C1)C3CN3CC2,0.5785531
C1CC2=C(CNC2)C3CN13,0.5920134
C1CC2=C(COC2)C3CN13,0.647611
C1CC2=C(CCN3CC23)O1,0.51702344
C1CC2=C(O1)C3CN3CC2,0.6766698
C1OC2=C(O1)C3CN3CC2,0.5405702
C1CC2=C(C1)C3CC3C=C2,0.71859425
C1NCC2=C1C=CC3CC23,0.83378375
C1OCC2=C1C=CC3CC23,0.913452
C1CC2=C(O1)C=CC3CC23,0.79797673
C1CC2=C(O1)C3CC3C=C2,0.71943414
C1OC2=C(O1)C3CC3C=C2,0.9043764
C1CC2=C(C1)C3NC3C=C2,0.6971482
C1NCC2=C1C=CC3NC23,0.79617155
C1OCC2=C1C=CC3NC23,1.0023446
C1CC2=C(O1)C=CC3NC23,0.93450606
C1CC2=C(O1)C3NC3C=C2,0.7545358
C1OC2=C(O1)C3NC3C=C2,0.88203347
C1CC2=C(C1)C3OC3C=C2,1.0091417
C1NCC2=C1C=CC3OC23,0.9454467
C1OCC2=C1C=CC3OC23,0.86893356
C1CC2=C(O1)C=CC3OC23,0.8978019
C1CC2=C(O1)C3OC3C=C2,1.4856198
C1OC2=C(O1)C3OC3C=C2,1.5012217
C1CC2=C(C1)C3CN3N=C2,1.2121919
C1NCC2=C1C=NN3CC23,1.1886578
C1OCC2=C1C=NN3CC23,1.2680331
C1CC2=C(O1)C=NN3CC23,1.276051
C1CC2=C(N1)C3CN3N=C2,0.8437787
C1CC2=C(O1)C3CN3N=C2,1.0448973
C1OC2=C(O1)C3CN3N=C2,0.9939298
C1CC2=C(CC=C2)C3CC13,0.7256694
C1OC2=C(CC=C2)C3CC13,0.88644767
C1NC2CC2C3=C1C=CC3,0.8294446
C1OC2CC2C3=C1C=CC3,0.9596169
C1CC2=C(CC=C2)C3NC13,0.6691888
C1OC2=C(CC=C2)C3NC13,0.9143842
C1CC2=C(CC=C2)C3OC13,0.71602315
C1OC2=C(CC=C2)C3OC13,1.0540069
C1CC2=C(CC=C2)C3CN13,0.7462677
C1C=CC2=C1C3CC3C=C2,1.0540618
C1C2C=Cc3cc[nH]c3C12,0.9239224
C1C2C=Cc3[nH]cnc3C12,1.3217303
C1C2C=Cc3nn[nH]c3C12,1.7235023
C1C2C=Cc3ccoc3C12,1.2400182
C1C2C=Cc3cnoc3C12,1.9299855
C1C2C=Cc3ncoc3C12,1.7737812
C1C2C=Cc3nnoc3C12,2.6795738
C1C=CC2=C1C3NC3C=C2,0.8780096
N1C2C=Cc3cc[nH]c3C12,0.92391616
N1C2C=Cc3[nH]cnc3C12,1.073258
N1C2C=Cc3nn[nH]c3C12,1.5372676
N1C2C=Cc3ccoc3C12,1.2462848
N1C2C=Cc3cnoc3C12,1.9300121
N1C2C=Cc3ncoc3C12,1.4894323
N1C2C=Cc3nnoc3C12,2.3931994
C1C=CC2=C1C3OC3C=C2,1.5796002
O1C2C=Cc3cc[nH]c3C12,1.0270367
O1C2C=Cc3[nH]cnc3C12,1.2832512
O1C2C=Cc3nn[nH]c3C12,2.130103
O1C2C=Cc3ccoc3C12,1.4043118
O1C2C=Cc3cnoc3C12,2.079864
O1C2C=Cc3ncoc3C12,1.8389517
O1C2C=Cc3nnoc3C12,2.8303368
C1C=CC2=C1C3CN3N=C2,1.1766741
C1C2C=Cc3cc[nH]c3N12,0.7884877
C1C2C=Cc3[nH]cnc3N12,1.2590802
C1C2C=Cc3nn[nH]c3N12,1.8084358
C1C2C=Cc3ccoc3N12,1.2323402
C1C2C=Cc3cnoc3N12,1.9496626
C1C2C=Cc3ncoc3N12,1.8755823
C1C2C=Cc3nnoc3N12,2.6191554
C1CC2=C(C=CC2)C3CC13,0.73169506
C1OC2=C(C=CC2)C3CC13,0.87787163
C1NC2CC2C3=C1CC=C3,0.98848885
C1OC2CC2C3=C1CC=C3,0.95756793
C1N=c2o[nH]cc2C3CC13,0.93075615
C1CC2=C(C=CC2)C3NC13,0.6856656
C1OC2=C(C=CC2)C3NC13,0.8960892
C1N=c2o[nH]cc2C3NC13,1.0249674
C1CC2=C(C=CC2)C3OC13,0.7566922
C1OC2=C(C=CC2)C3OC13,0.82805014
C1N=c2o[nH]cc2C3OC13,0.9219018
C1CC2=C(C=CC2)C3CN13,0.9162252
C1N=c2o[nH]cc2N3CC13,0.94824934
C1C=CC2=C1C=CC3CC23,1.0399808
C1C2C=Cc3[nH]ccc3C12,1.0072485
C1C2C=Cc3occc3C12,1.31138
C1C2C=Cc3oncc3C12,1.6764473
C1C2C=Cc3ocnc3C12,1.5006763
C1C2C=Cc3onnc3C12,2.388629
C1C=CC2=C1C=CC3NC23,1.1872382
N1C2C=Cc3[nH]ccc3C12,0.87767416
N1C2C=Cc3occc3C12,0.92259353
N1C2C=Cc3oncc3C12,1.4449325
N1C2C=Cc3ocnc3C12,1.3434708
N1C2C=Cc3onnc3C12,2.2724133
C1C=CC2=C1C=CC3OC23,1.129502
O1C2C=Cc3[nH]ccc3C12,0.82229245
O1C2C=Cc3occc3C12,1.3056003
O1C2C=Cc3oncc3C12,1.9822464
O1C2C=Cc3ocnc3C12,1.6831874
O1C2C=Cc3onnc3C12,2.5994284
C1C=CC2=C1C=NN3CC23,1.332532
C1C2C=Cc3[nH]ccc3N12,1.0832173
C1C2C=Cc3occc3N12,1.2005755
C1C2C=Cc3oncc3N12,1.7597202
C1C2C=Cc3ocnc3N12,1.6099764
C1C2C=Cc3onnc3N12,2.540478
C1CC1C2CC3C=CCC23,0.76841813
C1CC1C2CC3C=COC23,0.4186205
C1CC1C2NC3C=CCC23,0.5733359
C1CC1C2NC3C=COC23,0.44079566
C1CC1C2OC3C=CCC23,0.9295325
C1CC1C2OC3C=COC23,0.60424197
C1CC1N2CC3C=CCC23,0.50150645
C1CC1C2CC3C=CCN23,0.5513269
C1NC1C2CC3C=CCC23,0.64590454
C1NC1C2CC3C=COC23,0.531265
C1NC1C2NC3C=CCC23,0.58457094
C1NC1C2NC3C=COC23,0.5543326
C1NC1C2OC3C=CCC23,0.9772472
C1NC1C2OC3C=COC23,0.66630924
C1NC1C2CC3C=CCN23,0.38557795
C1OC1C2CC3C=CCC23,0.65226626
C1OC1C2CC3C=COC23,0.7253307
C1OC1C2NC3C=CCC23,0.7117991
C1OC1C2NC3C=COC23,0.6839595
C1OC1C2OC3C=CCC23,1.0806397
C1OC1C2OC3C=COC23,0.90603906
C1OC1C2CC3C=CCN23,0.48110297
C1CN1C2CC3C=CCC23,0.5694897
C1CN1C2CC3C=COC23,0.5848806
C1CC1C2CC3CC=CC23,0.7928441
C1CC1C2CC3OC=CC23,0.7011653
C1CC1C2NC3CC=CC23,0.590165
C1CC1C2OC3CC=CC23,0.9144381
C1CC1N2CC3CC=CC23,0.463111
C1CC1N2CC3OC=CC23,0.6732987
C1CC1C2CN3CC=CC23,0.51437306
C1NC1C2CC3CC=CC23,0.70710653
C1NC1C2CC3OC=CC23,0.82196367
C1NC1C2NC3CC=CC23,0.3981907
C1NC1C2OC3CC=CC23,0.8813875
C1NC1C2CN3CC=CC23,0.4773389
C1OC1C2CC3CC=CC23,0.60697573
C1OC1C2CC3OC=CC23,0.8047199
C1OC1C2NC3CC=CC23,0.54647714
C1OC1C2OC3CC=CC23,0.9627205
C1OC1C2CN3CC=CC23,0.57776964
C1CN1C2CC3CC=CC23,0.67788994
C1CN1C2CC3OC=CC23,0.74231327
C1CN1C2CN3CC=CC23,0.42957896
CC1C2CC=CC3CC3C12,0.7566506
NC1C2CC=CC3CC3C12,0.60173476
OC1C2CC=CC3CC3C12,0.5592193
CC1C2OC=CC3CC3C12,0.63161254
NC1C2OC=CC3CC3C12,0.63861674
OC1C2OC=CC3CC3C12,0.78160155
CC1C2CC=CC3NC3C12,0.56020164
NC1C2CC=CC3NC3C12,0.58408254
OC1C2CC=CC3NC3C12,0.6809058
CC1C2OC=CC3NC3C12,0.72485036
NC1C2OC=CC3NC3C12,0.6966434
OC1C2OC=CC3NC3C12,0.7095403
CC1C2CC=CC3OC3C12,0.92698795
NC1C2CC=CC3OC3C12,1.1370901
OC1C2CC=CC3OC3C12,1.0957433
CC1C2OC=CC3OC3C12,0.7675208
NC1C2OC=CC3OC3C12,0.8051957
OC1C2OC=CC3OC3C12,0.86211
CN1C2CC=CC3CC3C12,0.43435448
CN1C2CC=CC3NC3C12,0.4823768
CN1C2CC=CC3OC3C12,0.97324914
CC1C2C3CC3C=CCN12,0.68593746
CC1C2C3NC3C=CCN12,0.5635927
CC1C2C3OC3C=CCN12,0.7856864
CC1C2CC=CC3CN3C12,0.56013536
NC1C2CC=CC3CN3C12,0.6454631
OC1C2CC=CC3CN3C12,0.6444197
CC1C2OC=CC3CN3C12,0.559268
NC1C2OC=CC3CN3C12,0.66952914
OC1C2OC=CC3CN3C12,0.76545185
CC1C2CC=CC3CC3N12,0.59611523
CC1C2C=CCC3CC3C12,0.8002795
NC1C2C=CCC3CC3C12,0.69787276
OC1C2C=CCC3CC3C12,0.66499704
CC1C2C=COC3CC3C12,0.6335804
NC1C2C=COC3CC3C12,0.5872762
OC1C2C=COC3CC3C12,0.65406334
CC1C2C=CCC3NC3C12,0.70645076
NC1C2C=CCC3NC3C12,0.6137632
OC1C2C=CCC3NC3C12,0.8638652
CC1C2C=CCC3OC3C12,0.9426414
NC1C2C=CCC3OC3C12,1.0352902
OC1C2C=CCC3OC3C12,0.96288276
CN1C2C=CCC3CC3C12,0.526129
CN1C2C=COC3CC3C12,0.36559796
CN1C2C=CCC3NC3C12,0.51953727
CN1C2C=CCC3OC3C12,0.80192226
CC1C2C=CCN3CC3C12,0.6859466
NC1C2C=CCN3CC3C12,0.77277595
OC1C2C=CCN3CC3C12,0.84667265
CN1C2C=CCN3CC3C12,0.6388681
CC1C2C=CCC3CN3C12,0.60397154
NC1C2C=CCC3CN3C12,0.6721247
OC1C2C=CCC3CN3C12,0.70494044
CC1C2C=CCC3CC3N12,0.51807606
CC1C2C=COC3CC3N12,0.5923747
C=CC1C2CCC3CC3C12,0.58394885
C=CC1C2CNC3CC3C12,0.33868974
C=CC1C2COC3CC3C12,0.5804757
C=CC1C2NCC3CC3C12,0.4042584
C=CC1C2OCC3CC3C12,0.56962353
C=CC1C2CCC3NC3C12,0.5717257
C=CC1C2NCC3NC3C12,0.33675495
C=CC1C2OCC3NC3C12,0.8268615
C=CC1C2CCC3OC3C12,0.7028975
C=CC1C2NCC3OC3C12,0.7830332
C=CC1C2OCC3OC3C12,0.7939613
C=CC1C2CCN3CC3C12,0.4415334
C=CC1C2C3CC3CCN12,0.4890891
C=CC1C2C3NC3CCN12,0.4327285
C=CC1C2C3OC3CCN12,0.62119746
C=CC1C2C3CN3CCN12,0.6754124
C=CC1C2CCC3CN3C12,0.47628698
C=CC1C2NCC3CN3C12,0.47746554
C=CC1C2OCC3CN3C12,0.5496018
C=CC1C2CCC3CC3N12,0.5248534
C=CC1C2CNC3CC3N12,0.4128826
C=CC1C2COC3CC3N12,0.7824513
CCC1C2C=CC3CC3C12,0.69966966
NCC1C2C=CC3CC3C12,0.4940603
OCC1C2C=CC3CC3C12,0.48263118
CNC1C2C=CC3CC3C12,0.4789261
COC1C2C=CC3CC3C12,0.630244
CCC1C2C=CC3NC3C12,0.5739847
NCC1C2C=CC3NC3C12,0.49277028
OCC1C2C=CC3NC3C12,0.5455421
CNC1C2C=CC3NC3C12,0.51633877
COC1C2C=CC3NC3C12,0.6026164
CCC1C2C=CC3OC3C12,0.97511387
NCC1C2C=CC3OC3C12,0.9616605
OCC1C2C=CC3OC3C12,1.0193837
CNC1C2C=CC3OC3C12,0.9214076
COC1C2C=CC3OC3C12,0.95906687
CCN1C2C=CC3CC3C12,0.41451716
CCN1C2C=CC3NC3C12,0.43537158
CCN1C2C=CC3OC3C12,0.8843558
CCC1C2C=CC3CN3C12,0.63314915
NCC1C2C=CC3CN3C12,0.5213905
OCC1C2C=CC3CN3C12,0.72566706
CNC1C2C=CC3CN3C12,0.51663184
COC1C2C=CC3CN3C12,0.78631437
CCC1C2C=CC3CC3N12,0.74317354
NCC1C2C=CC3CC3N12,0.59044415
OCC1C2C=CC3CC3N12,0.6108453
C=CC1C2C=CC3CC3C12,0.56795126
O=CC1C2C=CC3CC3C12,0.7673139
N#CC1C2C=CC3CC3C12,1.0020838
C=CC1C2C=CC3NC3C12,0.65165657
O=CC1C2C=CC3NC3C12,0.6434453
N#CC1C2C=CC3NC3C12,0.9717047
C=CC1C2C=CC3OC3C12,1.0204507
O=CC1C2C=CC3OC3C12,1.2949299
N#CC1C2C=CC3OC3C12,1.6733967
N=CN1C2C=CC3CC3C12,0.68961453
O=CN1C2C=CC3CC3C12,0.7707422
C=NN1C2C=CC3CC3C12,0.9501018
N=CN1C2C=CC3NC3C12,0.6909176
O=CN1C2C=CC3NC3C12,0.64069986
C=NN1C2C=CC3NC3C12,0.8811085
N=CN1C2C=CC3OC3C12,1.1494753
O=CN1C2C=CC3OC3C12,1.3580284
C=NN1C2C=CC3OC3C12,1.3185904
C=CC1C2C=NN3CC3C12,0.9356973
C=CC1C2N=CN3CC3C12,0.80750716
C=CC1C2C3CC3N=CN12,1.1752094
C=CC1C2C3CC3C=NN12,1.044871
C=CC1C2C3NC3C=NN12,0.956743
C=CC1C2C3OC3C=NN12,1.3914834
C=CC1C2C3CN3N=CN12,1.4214292
C=CC1C2C3CN3C=NN12,1.1004283
C=CC1C2C=CC3CN3C12,0.82826304
O=CC1C2C=CC3CN3C12,0.8180592
N#CC1C2C=CC3CN3C12,1.1717153
C=CC1C2C=CC3CC3N12,0.67200935
O=CC1C2C=CC3CC3N12,0.65155596
N#CC1C2C=CC3CC3N12,1.0703331
C#CC1C2C=CC3CC3C12,0.8919139
C#CC1C2C=CC3NC3C12,0.75631094
C#CC1C2C=CC3OC3C12,1.3557576
C#CC1C2C=CC3CN3C12,0.9216733
C#CC1C2C=CC3CC3N12,0.6918813
CC1C2C=CC(C3CC3)C12,0.81174034
NC1C2C=CC(C3CC3)C12,0.88421786
OC1C2C=CC(C3CC3)C12,0.71946245
CC1C2C=CC(C3CN3)C12,0.7718552
NC1C2C=CC(C3CN3)C12,0.7776013
OC1C2C=CC(C3CN3)C12,0.74511075
CC1C2C=CC(C3CO3)C12,0.7464955
NC1C2C=CC(C3CO3)C12,1.0109218
OC1C2C=CC(C3CO3)C12,1.0783887
CC1C2C=CC(C12)N3CC3,0.73880255
NC1C2C=CC(C12)N3CC3,0.71431535
OC1C2C=CC(C12)N3CC3,0.8453533
CN1C2C=CC(C3CC3)C12,0.68625814
CN1C2C=CC(C3CN3)C12,0.57312816
CN1C2C=CC(C3CO3)C12,0.8156011
CN1C2C=CC(C12)N3CC3,0.61756414
CC1C2C=CC(C3CC3)N12,0.66286993
CC1C2C=CC(C3CN3)N12,0.72469246
CC1C2C=CC(C3CO3)N12,0.47315007
CC1C2CC=C(C3CC3)C12,0.7150067
NC1C2CC=C(C3CC3)C12,0.7066906
OC1C2CC=C(C3CC3)C12,0.76252973
CC1C2OC=C(C3CC3)C12,0.7273804
NC1C2OC=C(C3CC3)C12,0.84496737
OC1C2OC=C(C3CC3)C12,0.9457532
CC1C2CC=C(C3CN3)C12,0.696083
NC1C2CC=C(C3CN3)C12,0.68460053
OC1C2CC=C(C3CN3)C12,0.7320815
CC1C2OC=C(C3CN3)C12,0.66017747
NC1C2OC=C(C3CN3)C12,0.7638105
OC1C2OC=C(C3CN3)C12,1.0326496
CC1C2CC=C(C3CO3)C12,0.79862916
NC1C2CC=C(C3CO3)C12,1.1858884
OC1C2CC=C(C3CO3)C12,1.1610286
CC1C2OC=C(C3CO3)C12,0.9819319
NC1C2OC=C(C3CO3)C12,1.2759055
OC1C2OC=C(C3CO3)C12,1.0895276
CN1C2CC=C(C3CC3)C12,0.55572444
CN1C2CC=C(C3CN3)C12,0.50065476
CN1C2CC=C(C3CO3)C12,1.0023514
CC1C2N1CC=C2C3CC3,0.8465126
CC1C2N1CC=C2C3CN3,0.9580244
CC1C2N1CC=C2C3CO3,1.0018715
C1CC2C1C=CCC3CC23,0.7687314
C1CC2C1C=COC3CC23,0.7484641
C1NC2C=CCC3CC3C12,0.73852277
C1NC2C=COC3CC3C12,0.677675
C1OC2C=CCC3CC3C12,0.87137574
C1OC2C=COC3CC3C12,0.7996055
C1NC2C1C=CCC3CC23,0.55530703
C1NC2C1C=COC3CC23,0.70578694
C1OC2C1C=CCC3CC23,0.7117075
C1OC2C1C=COC3CC23,0.87042737
C1CN2C1C=CCC3CC23,0.36326912
C1CN2C1C=COC3CC23,0.6823206
C1CC2C1C=CCC3NC23,0.83153266
C1NC2C=CCC3NC3C12,0.4534265
C1OC2C=CCC3NC3C12,0.99374366
C1NC2C1C=CCC3NC23,0.54066885
C1OC2C1C=CCC3NC23,0.8858998
C1CC2C1C=CCC3OC23,0.8876247
C1NC2C=CCC3OC3C12,0.97706175
C1OC2C=CCC3OC3C12,1.0097834
C1NC2C1C=CCC3OC23,0.7614574
C1OC2C1C=CCC3OC23,0.93143606
C1CC2C1C=CCN3CC23,0.703553
C1NC2C=CCN3CC3C12,0.79755336
C1OC2C=CCN3CC3C12,1.1271384
C1NC2C1C=CCN3CC23,0.73257893
C1OC2C1C=CCN3CC23,0.9141904
C1CC2C1C=CCC3CN23,0.72838956
C1NC2C=CCC3CN3C12,0.7523437
C1OC2C=CCC3CN3C12,1.1148697
C1CC2C1CC=CC3CC23,0.7691461
C1CC2C1OC=CC3CC23,0.6424782
C1NC2CC=CC3CC3C12,0.693298
C1OC2CC=CC3CC3C12,0.78479606
C1NC2C1CC=CC3CC23,0.6136732
C1NC2C1OC=CC3CC23,0.6949862
C1OC2C1CC=CC3CC23,0.70393926
C1OC2C1OC=CC3CC23,0.85147643
C1CN2CC=CC3CC3C12,0.5151024
C1CN2C1CC=CC3CC23,0.48004517
C1CC2C1CC=CC3NC23,0.8783813
C1CC2C1OC=CC3NC23,0.7997029
C1NC2CC=CC3NC3C12,0.6016919
C1OC2CC=CC3NC3C12,0.97663546
C1NC2C1CC=CC3NC23,0.6625501
C1NC2C1OC=CC3NC23,0.77565336
C1OC2C1CC=CC3NC23,1.0276554
C1OC2C1OC=CC3NC23,1.0850295
C1CN2CC=CC3NC3C12,0.46471786
C1CC2C1CC=CC3OC23,1.133511
C1CC2C1OC=CC3OC23,0.7247386
C1NC2CC=CC3OC3C12,1.0848167
C1OC2CC=CC3OC3C12,1.0981165
C1NC2C1CC=CC3OC23,1.0115069
C1NC2C1OC=CC3OC23,0.74150336
C1OC2C1CC=CC3OC23,1.0274469
C1OC2C1OC=CC3OC23,1.0186745
C1CN2CC=CC3OC3C12,0.93851805
C1CC2C1CC=CC3CN23,0.6511807
C1CC2C1OC=CC3CN23,0.687358
C1NC2CC=CC3CN3C12,0.82054675
C1OC2CC=CC3CN3C12,0.9901229
C1CC1C2C=CC3CCC23,0.74687535
C1CC1C2C=CC3NCC23,0.44860592
C1CC1C2C=CC3OCC23,0.7750743
C1CC1C2C=CC3CNC23,0.61546373
C1CC1C2C=CC3COC23,0.5228623
C1CC1C2C=CC3CCN23,0.550041
C1CC2C1C=CC2C3CN3,0.69324905
C1NC1C2C=CC3NCC23,0.6653746
C1NC1C2C=CC3OCC23,0.81746835
C1NC1C2C=CC3CNC23,0.6838441
C1NC1C2C=CC3COC23,0.7434773
C1CN2C1C=CC2C3CN3,0.64652854
C1CC2C1C=CC2C3CO3,0.76199514
C1NC2C=CC(C3CO3)C12,0.9348219
C1OC1C2C=CC3OCC23,0.8791257
C1NC2C1C=CC2C3CO3,0.777496
C1OC1C2C=CC3COC23,0.75264424
C1CN2C1C=CC2C3CO3,0.5343092
C1CC2C1C=CC2N3CC3,0.7046919
C1NC2C=CC(C12)N3CC3,0.6386387
C1OC2C=CC(C12)N3CC3,0.84566957
C1NC2C1C=CC2N3CC3,0.83717656
C1OC2C1C=CC2N3CC3,1.0841209
C1CC2C1CC=C2C3CC3,0.65714616
C1CC2C1OC=C2C3CC3,0.7396978
C1CC1C2=CCC3NCC23,0.5208116
C1CC1C2=CCC3OCC23,0.5269378
C1CC1C2=CCC3CNC23,0.63375217
C1CC1C2=COC3CNC23,0.4292904
C1CC1C2=CCC3COC23,0.48514754
C1CC1C2=COC3COC23,0.58879226
C1CC1C2=CCN3CCC23,0.60352653
C1CC2C1CC=C2C3CN3,0.56349325
C1CC2C1OC=C2C3CN3,0.7422323
C1NC1C2=CCC3NCC23,0.6892626
C1NC1C2=CCC3OCC23,0.74028504
C1NC2C1CC=C2C3CN3,0.7239059
C1NC1C2=COC3CNC23,0.68621695
C1NC1C2=CCC3COC23,0.65926427
C1NC1C2=COC3COC23,0.6633373
C1CN2CC=C(C3CN3)C12,0.3892608
C1CC2C1CC=C2C3CO3,0.8620448
C1CC2C1OC=C2C3CO3,0.7984214
C1NC2CC=C(C3CO3)C12,0.9625512
C1OC1C2=CCC3OCC23,1.0733683
C1NC2C1CC=C2C3CO3,0.82561326
C1NC2C1OC=C2C3CO3,0.6916642
C1OC2C1CC=C2C3CO3,0.95187986
C1OC2C1OC=C2C3CO3,1.1818709
C1CN2CC=C(C3CO3)C12,0.8252696
C=C1CCC2CC3CC3C12,0.56898314
C=C1OCC2CC3CC3C12,0.25874144
C=C1CNC2CC3CC3C12,0.5628393
C=C1COC2CC3CC3C12,0.41466296
C=C1CCC2NC3CC3C12,0.41885364
C=C1OCC2NC3CC3C12,0.43844488
C=C1CCC2OC3CC3C12,0.54981685
C=C1OCC2OC3CC3C12,0.8706174
C=C1COC2OC3CC3C12,0.93873113
C=C1CCN2CC3CC3C12,0.49050757
C=C1CCC2CC3NC3C12,0.5245353
C=C1OCC2CC3NC3C12,0.47532102
C=C1CNC2CC3NC3C12,0.6107468
C=C1COC2CC3NC3C12,0.56123215
C=C1CCN2CC3NC3C12,0.44449952
C=C1CCC2CC3OC3C12,0.8011744
C=C1OCC2CC3OC3C12,0.8217951
C=C1CNC2CC3OC3C12,0.75010896
C=C1COC2CC3OC3C12,0.68237424
C=C1CCN2CC3OC3C12,0.72768754
C=C1CCC2CN3CC3C12,0.6074432
C=C1OCC2CN3CC3C12,0.5517102
C=C1CNC2CN3CC3C12,0.49719968
C=C1COC2CN3CC3C12,0.7177395
C=C1CCC2CC3CN3C12,0.4533434
C=C1OCC2CC3CN3C12,0.5234046
C=C1CNC2CC3CN3C12,0.5526269
C=C1COC2CC3CN3C12,0.5544588
CC1C=CC2CC3CC3C12,0.54441845
NC1C=CC2CC3CC3C12,0.66515154
OC1C=CC2CC3CC3C12,0.5198611
CC1C=CC2NC3CC3C12,0.3335853
NC1C=CC2NC3CC3C12,0.6267202
OC1C=CC2NC3CC3C12,0.5748482
CC1C=CC2OC3CC3C12,0.69744873
NC1C=CC2OC3CC3C12,0.8671615
OC1C=CC2OC3CC3C12,0.85894364
CC1C=CC2CC3CC3N12,0.49818256
CC1C=CC2CC3NC3C12,0.45269233
NC1C=CC2CC3NC3C12,0.5828729
OC1C=CC2CC3NC3C12,0.62314737
CC1C=CC2CC3OC3C12,0.88776016
NC1C=CC2CC3OC3C12,0.81669176
OC1C=CC2CC3OC3C12,0.7864259
CC1C=CC2CN3CC3C12,0.5900315
NC1C=CC2CN3CC3C12,0.61417323
OC1C=CC2CN3CC3C12,0.60058564
CC1C=CC2CC3CN3C12,0.53655535
NC1C=CC2CC3CN3C12,0.5940469
OC1C=CC2CC3CN3C12,0.60461265
C=C1C=CC2CC3CC3C12,0.71301246
O=C1C=CC2CC3CC3C12,1.2249385
C=C1C=CC2NC3CC3C12,0.73514223
O=C1C=CC2NC3CC3C12,1.1560074
C=C1C=CC2OC3CC3C12,0.93060476
O=C1C=CC2OC3CC3C12,1.3871193
C=C1C=NN2CC3CC3C12,0.9185554
N=C1C=CC2CC3CC3N12,0.53740144
O=C1C=CC2CC3CC3N12,0.8223997
C=C1C=CC2CC3NC3C12,0.80992174
O=C1C=CC2CC3NC3C12,1.162709
C=C1C=NN2CC3NC3C12,0.86155546
C=C1C=CC2CC3OC3C12,0.9336997
O=C1C=CC2CC3OC3C12,1.4436605
C=C1C=NN2CC3OC3C12,1.1527482
C=C1C=CC2CN3CC3C12,0.78146404
O=C1C=CC2CN3CC3C12,1.270415
C=C1C=CC2CC3CN3C12,0.88845164
O=C1C=CC2CC3CN3C12,1.1790578
N=C1C=CC2CC3CN3N12,1.023126
O=C1C=CC2CC3CN3N12,1.1713371
CC1=CCC2CC3CC3C12,0.5283479
CC1=COC2CC3CC3C12,0.3165902
CC1=CCC2NC3CC3C12,0.3885341
CC1=CCC2OC3CC3C12,0.5949958
CC1=COC2OC3CC3C12,0.75959426
CC1=CCN2CC3CC3C12,0.4108537
CC1=CCC2CC3NC3C12,0.44585273
CC1=COC2CC3NC3C12,0.54513234
CC1=CCN2CC3NC3C12,0.37402257
CC1=CCC2CC3OC3C12,0.80991036
CC1=COC2CC3OC3C12,0.6047216
CC1=CCN2CC3OC3C12,0.66070616
CC1=CCC2CN3CC3C12,0.5664858
CC1=COC2CN3CC3C12,0.7321108
CC1=CCC2CC3CN3C12,0.42813075
CC1=COC2CC3CN3C12,0.5059871
CC1CC=C2CC3CC3C12,0.58523226
NC1CC=C2CC3CC3C12,0.64155096
OC1CC=C2CC3CC3C12,0.5297717
CC1OC=C2CC3CC3C12,0.46337262
CC1CC=C2OC3CC3C12,0.45953706
NC1CC=C2OC3CC3C12,0.5382689
OC1CC=C2OC3CC3C12,0.74091935
CC1OC=C2OC3CC3C12,0.6423313
CN1CC=C2CC3CC3C12,0.5106234
CN1CC=C2OC3CC3C12,0.35528782
CC1CC=C2CC3NC3C12,0.47660074
NC1CC=C2CC3NC3C12,0.49569786
OC1CC=C2CC3NC3C12,0.6676989
CC1OC=C2CC3NC3C12,0.7388327
CN1CC=C2CC3NC3C12,0.53766745
CC1CC=C2CC3OC3C12,0.90518874
NC1CC=C2CC3OC3C12,0.8355123
OC1CC=C2CC3OC3C12,0.9161409
CC1OC=C2CC3OC3C12,0.94838023
CN1CC=C2CC3OC3C12,0.73731786
CC1CC=C2CN3CC3C12,0.5901461
NC1CC=C2CN3CC3C12,0.68768215
OC1CC=C2CN3CC3C12,0.7522528
CC1OC=C2CN3CC3C12,0.6763394
CN1CC=C2CN3CC3C12,0.6177178
CC1CC=C2CC3CN3C12,0.48115963
NC1CC=C2CC3CN3C12,0.61734444
OC1CC=C2CC3CN3C12,0.6569051
CC1OC=C2CC3CN3C12,0.65913993
C=C1CC=C2CC3CC3C12,0.7173614
O=C1CC=C2CC3CC3C12,0.94235295
N=C1NC=C2CC3CC3C12,0.6466615
O=C1NC=C2CC3CC3C12,0.9831599
C=C1OC=C2CC3CC3C12,0.7632456
O=C1OC=C2CC3CC3C12,0.7751746
C=C1CN=C2NC3CC3C12,0.7932725
C=C1CC=C2OC3CC3C12,0.76307774
O=C1CC=C2OC3CC3C12,1.0133091
N=C1NC=C2OC3CC3C12,0.92989385
O=C1NC=C2OC3CC3C12,1.1950597
C=C1OC=C2OC3CC3C12,0.80064523
O=C1OC=C2OC3CC3C12,0.8696293
N=C1CC=C2CC3CC3N12,0.47184125
O=C1CC=C2CC3CC3N12,0.540824
C=C1CN=C2CC3CC3N12,0.6634755
C=C1CN=C2NC3CC3N12,0.6261983
N=C1CC=C2OC3CC3N12,0.52682066
O=C1CC=C2OC3CC3N12,0.5040772
C=C1CN=C2OC3CC3N12,0.73597383
C=C1CC=C2CC3NC3C12,0.8030341
O=C1CC=C2CC3NC3C12,0.9362352
N=C1NC=C2CC3NC3C12,0.7267474
O=C1NC=C2CC3NC3C12,1.0246321
C=C1OC=C2CC3NC3C12,0.82386404
O=C1OC=C2CC3NC3C12,0.948158
C=C1CC=C2CC3OC3C12,1.0697497
O=C1CC=C2CC3OC3C12,1.3492461
N=C1NC=C2CC3OC3C12,1.2017559
O=C1NC=C2CC3OC3C12,1.6173421
C=C1OC=C2CC3OC3C12,1.1482712
O=C1OC=C2CC3OC3C12,1.382738
C=C1CC=C2CN3CC3C12,0.8866638
O=C1CC=C2CN3CC3C12,1.0638181
N=C1NC=C2CN3CC3C12,0.8769499
O=C1NC=C2CN3CC3C12,1.0027639
C=C1OC=C2CN3CC3C12,0.9340272
O=C1OC=C2CN3CC3C12,1.1459527
C=C1CN=C2NN3CC3C12,1.0404779
C=C1CC=C2CC3CN3C12,0.89112854
O=C1CC=C2CC3CN3C12,0.9445212
N=C1NC=C2CC3CN3C12,0.84441566
O=C1NC=C2CC3CN3C12,1.1652664
C=C1OC=C2CC3CN3C12,0.907585
O=C1OC=C2CC3CN3C12,0.9612163
N=C1CC=C2CC3CN3N12,0.9905312
O=C1CC=C2CC3CN3N12,1.1012566
C=C1CN=C2CC3CN3N12,1.1208583
CC1=CC=C2CC3CC3C12,0.62506634
CC1=CC=C2OC3CC3C12,0.61084855
CC1=CC=C2CC3NC3C12,0.6558083
CC1=CC=C2CC3OC3C12,1.0285493
CC1=CC=C2CN3CC3C12,0.807371
CC1=CC=C2CC3CN3C12,0.81392074
CC1CCC2=CC3CC3C12,0.48494205
NC1CCC2=CC3CC3C12,0.54896855
OC1CCC2=CC3CC3C12,0.56540126
CC1NCC2=CC3CC3C12,0.41728485
CC1OCC2=CC3CC3C12,0.59134984
CC1COC2=CC3CC3C12,0.52392125
NC1COC2=CC3CC3C12,0.65113896
OC1COC2=CC3CC3C12,0.7035358
CN1CCC2=CC3CC3C12,0.37225217
CC1CCC2=CC3NC3C12,0.4157472
NC1CCC2=CC3NC3C12,0.4355747
OC1CCC2=CC3NC3C12,0.64542913
CC1NCC2=CC3NC3C12,0.46808133
CC1OCC2=CC3NC3C12,0.7090239
CC1COC2=CC3NC3C12,0.51737475
NC1COC2=CC3NC3C12,0.6591251
OC1COC2=CC3NC3C12,0.7502914
CN1CCC2=CC3NC3C12,0.45423114
CC1CCC2=CC3OC3C12,0.7691708
NC1CCC2=CC3OC3C12,0.9264244
OC1CCC2=CC3OC3C12,1.0552288
CC1NCC2=CC3OC3C12,0.71418434
CC1OCC2=CC3OC3C12,1.104205
CC1COC2=CC3OC3C12,0.6335057
NC1COC2=CC3OC3C12,0.6381486
OC1COC2=CC3OC3C12,0.83822626
CN1CCC2=CC3OC3C12,0.76489276
CC1CCC2=CC3CN3C12,0.5148455
NC1CCC2=CC3CN3C12,0.6091529
OC1CCC2=CC3CN3C12,0.84034663
CC1NCC2=CC3CN3C12,0.5914432
CC1OCC2=CC3CN3C12,0.8084245
CC1COC2=CC3CN3C12,0.5522069
NC1COC2=CC3CN3C12,0.85244656
OC1COC2=CC3CN3C12,1.0255464
C=C1CCC2=CC3CC3C12,0.5982033
O=C1CCC2=CC3CC3C12,0.80619735
N=C1NCC2=CC3CC3C12,0.60767376
O=C1NCC2=CC3CC3C12,0.8822653
C=C1OCC2=CC3CC3C12,0.74232614
O=C1OCC2=CC3CC3C12,0.9274759
C=C1COC2=CC3CC3C12,0.7407038
O=C1COC2=CC3CC3C12,0.84729755
N=C1CCC2=CC3CC3N12,0.33983555
O=C1CCC2=CC3CC3N12,0.5276606
N=C1NCC2=CC3CC3N12,0.34580266
O=C1NCC2=CC3CC3N12,0.6041256
N=C1OCC2=CC3CC3N12,0.6026649
O=C1OCC2=CC3CC3N12,0.54541206
N=C1COC2=CC3CC3N12,0.50904995
O=C1COC2=CC3CC3N12,0.51737845
C=C1CCC2=NC3CC3N12,0.71038043
C=C1OCC2=NC3CC3N12,0.8847557
C=C1CNC2=NC3CC3N12,0.7275661
C=C1COC2=NC3CC3N12,0.82938254
C=C1CCC2=CC3NC3C12,0.6801593
O=C1CCC2=CC3NC3C12,0.7494465
N=C1NCC2=CC3NC3C12,0.630114
O=C1NCC2=CC3NC3C12,0.95919204
C=C1OCC2=CC3NC3C12,0.725937
O=C1OCC2=CC3NC3C12,0.922013
C=C1COC2=CC3NC3C12,0.7470008
O=C1COC2=CC3NC3C12,0.80746907
C=C1CCC2=CC3OC3C12,1.146739
O=C1CCC2=CC3OC3C12,1.4474405
N=C1NCC2=CC3OC3C12,1.346681
O=C1NCC2=CC3OC3C12,1.8198043
C=C1OCC2=CC3OC3C12,1.4046265
O=C1OCC2=CC3OC3C12,1.4878764
C=C1COC2=CC3OC3C12,0.8747511
O=C1COC2=CC3OC3C12,1.212562
C=C1CCC2=NN3CC3C12,1.0883572
C=C1OCC2=NN3CC3C12,1.2898593
C=C1COC2=NN3CC3C12,1.1680838
C=C1CCC2=CC3CN3C12,0.8517045
O=C1CCC2=CC3CN3C12,1.0958563
N=C1NCC2=CC3CN3C12,0.94334406
O=C1NCC2=CC3CN3C12,1.24132
C=C1OCC2=CC3CN3C12,1.137484
O=C1OCC2=CC3CN3C12,0.9889146
C=C1COC2=CC3CN3C12,1.0658791
O=C1COC2=CC3CN3C12,0.78861606
N=C1CCC2=CC3CN3N12,0.90158
O=C1CCC2=CC3CN3N12,1.1679236
N=C1NCC2=CC3CN3N12,1.1891587
O=C1NCC2=CC3CN3N12,1.2741716
N=C1OCC2=CC3CN3N12,1.2818309
O=C1OCC2=CC3CN3N12,1.2753394
N=C1COC2=CC3CN3N12,1.014663
O=C1COC2=CC3CN3N12,1.1119732
CC1C=CC2=CC3CC3C12,0.7356382
NC1C=CC2=CC3CC3C12,0.9109151
OC1C=CC2=CC3CC3C12,0.8570217
CN1N=CC2=CC3CC3C12,0.9337784
CC1C=CC2=NC3CC3N12,0.92432785
Cn1ccc2=NC3CC3n12,0.69335234
Nn1ccc2=NC3CC3n12,0.8071737
On1ccc2=NC3CC3n12,0.81283224
CC1C=CC2=CC3NC3C12,0.71577936
NC1C=CC2=CC3NC3C12,0.862919
OC1C=CC2=CC3NC3C12,0.85581076
CN1N=CC2=CC3NC3C12,1.0207618
CC1C=CC2=CC3OC3C12,1.1323199
NC1C=CC2=CC3OC3C12,1.3311232
OC1C=CC2=CC3OC3C12,1.2870034
CN1N=CC2=CC3OC3C12,1.5183507
CC1C=CC2=NN3CC3C12,1.3013858
NC1C=CC2=NN3CC3C12,1.4149909
OC1C=CC2=NN3CC3C12,1.4359801
CN1N=CC2=CN3CC3C12,1.0661952
CN1C=CC2=NN3CC3C12,0.99072164
CC1C=CC2=CC3CN3C12,0.8816761
NC1C=CC2=CC3CN3C12,1.1572031
OC1C=CC2=CC3CN3C12,1.0974221
C=C1C=CC2=CC3CC3C12,1.0934813
O=C1C=CC2=CC3CC3C12,1.1874815
N=C1C=CC2=CC3CC3N12,0.8137392
O=C1C=CC2=CC3CC3N12,0.9002002
N=C1N=CC2=CC3CC3N12,1.0354205
O=C1N=CC2=CC3CC3N12,1.114334
N=C1C=CC2=NC3CC3N12,1.1428905
O=C1C=CC2=NC3CC3N12,1.2221068
C=C1C=CC2=CC3NC3C12,1.0500273
O=C1C=CC2=CC3NC3C12,1.325627
C=C1C=CC2=CC3OC3C12,1.5502619
O=C1C=CC2=CC3OC3C12,1.8554517
C=C1C=CC2=NN3CC3C12,1.38539
O=C1C=CC2=NN3CC3C12,1.9390203
C=C1C=CC2=CC3CN3C12,1.3569413
O=C1C=CC2=CC3CN3C12,1.407321
N=C1C=CC2=CC3CN3N12,1.4331019
O=C1C=CC2=CC3CN3N12,1.5358459
N=C1N=CC2=CC3CN3N12,1.7544308
O=C1N=CC2=CC3CN3N12,1.8754603
CC1=CCC2=CC3CC3C12,0.67892885
CC1=COC2=CC3CC3C12,0.6797768
CC1=CN=C2NC3CC3C12,0.6717154
CC1=NCC2=CC3CC3N12,0.6227104
CC1=CCC2=NC3CC3N12,0.83728147
Cc1c[nH]c2=NC3CC3n12,0.7365211
Nc1c[nH]c2=NC3CC3n12,0.88511586
Oc1c[nH]c2=NC3CC3n12,0.6784549
Cc1coc2=NC3CC3n12,0.8755205
Nc1coc2=NC3CC3n12,0.96822345
Oc1coc2=NC3CC3n12,1.2144052
CC1=CCC2=CC3NC3C12,0.7974142
CC1=COC2=CC3NC3C12,0.6605005
CC1=CCC2=CC3OC3C12,1.0500375
CC1=COC2=CC3OC3C12,0.791378
CC1=CCC2=NN3CC3C12,1.0017766
CC1=CN=C2NN3CC3C12,0.9347232
CC1=COC2=NN3CC3C12,1.1353806
CC1=CCC2=CC3CN3C12,0.82673734
CC1=COC2=CC3CN3C12,0.8232503
CC1=NCC2=CC3CN3N12,1.1161659
CC1=C2C(CC1)CC3CC23,0.53428215
CC1=C2C(CO1)CC3CC23,0.3609227
CC1=C2C(CC3CC23)NC1,0.39756668
CC1=C2C(CC3CC23)OC1,0.57208914
CC1=C2C(CC1)NC3CC23,0.42521384
CC1=C2C(CO1)NC3CC23,0.52188534
CC1=C2C(CC1)OC3CC23,0.46974453
CC1=C2C(CO1)OC3CC23,0.82889557
CC1=C2C3CC3OC2OC1,0.95892143
CC1=C2C(CC1)CC3NC23,0.66469723
CC1=C2C(CO1)CC3NC23,0.44034526
CC1=C2C(CC3NC23)NC1,0.43384454
CC1=C2C(CC3NC23)OC1,0.6377291
CC1=C2C(CC1)CC3OC23,0.65714544
CC1=C2C(CO1)CC3OC23,0.57225055
CC1=C2C(CC3OC23)NC1,0.7914429
CC1=C2C(CC3OC23)OC1,0.87411904
CC1=C2C(CC1)CN3CC23,0.5855616
CC1=C2C(CO1)CN3CC23,0.6091219
CC1=C2C(CN3CC23)NC1,0.5162605
CC1=C2C(CN3CC23)OC1,0.78372335
CC1=C2C(CC3CC23)C=C1,0.62454236
CC1=C2C3CC3NC2C=C1,0.90758693
CC1=C2C3CC3OC2C=C1,0.85625035
CC1=C2C(CC3NC23)C=C1,0.7285201
CC1=C2C(CC3OC23)C=C1,0.8446636
CC1=C2C(CN3CC23)C=C1,0.64573085
CC1=C2C3CC3CC2=CC1,0.83263886
CC1=C2C3CC3N=C2NC1,0.6811029
NC1=C2C3CC3N=C2NC1,0.86057705
CC1=C2C3CC3OC2=CC1,0.8993291
CC1=C2C3NC3CC2=CC1,0.5756386
CC1=C2C3OC3CC2=CC1,1.0903385
CC1=C2C3CN3CC2=CC1,0.6257992
CC1=C2C3CN3NC2=NC1,1.3466514
NC1=C2C3CN3N=C2NC1,1.1708949
CC1=C2C3CC3C=C2CC1,0.6415944
CC1=C2C3CC3C=C2CO1,0.814947
CC1=C2C3CC3C=C2OC1,0.6248588
CC1=C2C3NC3C=C2CC1,0.5604309
CC1=C2C3NC3C=C2CO1,0.8720615
CC1=C2C3NC3C=C2OC1,0.7766136
CC1=C2C3OC3C=C2CC1,1.0940901
CC1=C2C3OC3C=C2CO1,1.4454176
CC1=C2C3OC3C=C2OC1,1.0016283
CC1=C2C3CN3N=C2CC1,1.3277394
NC1=C2C3CN3N=C2CC1,1.4812788
CC1=NCC2=C1C3CN3N2,1.2839237
N=C1NCC2=C1C3CN3N2,1.0801499
CC1=C2C3CN3N=C2CO1,1.3327361
NC1=C2C3CN3N=C2CO1,1.5091214
CC1=C2C3CN3N=C2OC1,1.3916605
NC1=C2C3CN3N=C2OC1,1.318604
Cc1[nH]oc2=NN3CC3c12,1.2206365
Nc1[nH]oc2=NN3CC3c12,1.341554
Oc1[nH]oc2=NN3CC3c12,1.8503834
CC1=C2C3CC3C=C2C=C1,1.0518914
CC1=C2C3CC3N=C2N=C1,1.7635032
NC1=C2C3CC3N=C2N=C1,1.9941369
CC1=C2C3NC3C=C2C=C1,0.98959315
CC1=C2C3OC3C=C2C=C1,1.7319019
CC1=C2C3CN3N=C2C=C1,1.8702316
NC1=C2C3CN3N=C2C=C1,1.777871
CC1=C2C3CN3N=C2C=N1,2.059585
NC1=C2C3CN3N=C2C=N1,1.9912661
CC1=C2C3CN3N=C2N=C1,2.1753163
NC1=C2C3CN3N=C2N=C1,2.34517
CC1CCC2=C1C3CC3C2,0.43163908
NC1CCC2=C1C3CC3C2,0.4665181
OC1CCC2=C1C3CC3C2,0.57739747
CC1NCC2=C1C3CC3C2,0.39447665
CC1OCC2=C1C3CC3C2,0.6402195
CC1COC2=C1C3CC3C2,0.495037
NC1COC2=C1C3CC3C2,0.60790473
OC1COC2=C1C3CC3C2,0.61943686
CC1CCC2=C1C3CC3O2,0.430419
NC1CCC2=C1C3CC3O2,0.7061604
OC1CCC2=C1C3CC3O2,0.57249415
CC1NCC2=C1C3CC3O2,0.6395328
CC1OCC2=C1C3CC3O2,0.523628
CC1CCC2=C1C3NC3C2,0.55054677
NC1CCC2=C1C3NC3C2,0.54354817
OC1CCC2=C1C3NC3C2,0.61478615
CC1NCC2=C1C3NC3C2,0.56287825
CC1OCC2=C1C3NC3C2,0.59925616
CC1COC2=C1C3NC3C2,0.42582485
NC1COC2=C1C3NC3C2,0.52259576
OC1COC2=C1C3NC3C2,0.6277181
CC1CCC2=C1C3OC3C2,0.8353085
NC1CCC2=C1C3OC3C2,0.7002555
OC1CCC2=C1C3OC3C2,0.8011514
CC1NCC2=C1C3OC3C2,0.5916896
CC1OCC2=C1C3OC3C2,0.87565947
CC1COC2=C1C3OC3C2,0.4991353
NC1COC2=C1C3OC3C2,0.57568413
OC1COC2=C1C3OC3C2,0.8473792
CC1CCC2=C1C3CN3C2,0.5250572
NC1CCC2=C1C3CN3C2,0.7112998
OC1CCC2=C1C3CN3C2,0.7214308
CC1NCC2=C1C3CN3C2,0.60043633
CC1OCC2=C1C3CN3C2,0.80020905
CC1COC2=C1C3CN3C2,0.55199873
NC1COC2=C1C3CN3C2,0.7598119
OC1COC2=C1C3CN3C2,0.8737861
C=C1CCC2=C1C3CC3C2,0.61237806
O=C1CCC2=C1C3CC3C2,0.6780405
N=C1NCC2=C1C3CC3C2,0.65039384
O=C1NCC2=C1C3CC3C2,0.62448984
C=C1OCC2=C1C3CC3C2,0.68752927
O=C1OCC2=C1C3CC3C2,0.9002807
C=C1COC2=C1C3CC3C2,0.6130089
O=C1CCC2=C1C3CC3N2,0.60997033
N=C1NCC2=C1C3CC3N2,0.5298667
O=C1NCC2=C1C3CC3N2,0.54992795
O=C1OCC2=C1C3CC3N2,0.5753815
C=C1CCC2=C1C3CC3O2,0.5532011
O=C1CCC2=C1C3CC3O2,0.9965782
N=C1NCC2=C1C3CC3O2,0.92927444
O=C1NCC2=C1C3CC3O2,0.8902826
C=C1OCC2=C1C3CC3O2,0.7952164
O=C1OCC2=C1C3CC3O2,0.9204236
C=C1CCC2=C1C3NC3C2,0.68092656
O=C1CCC2=C1C3NC3C2,0.7570879
N=C1NCC2=C1C3NC3C2,0.6603875
O=C1NCC2=C1C3NC3C2,0.7547873
C=C1OCC2=C1C3NC3C2,0.68859524
O=C1OCC2=C1C3NC3C2,0.88454807
C=C1COC2=C1C3NC3C2,0.6739713
C=C1CCC2=C1C3OC3C2,0.96938336
O=C1CCC2=C1C3OC3C2,1.3539739
N=C1NCC2=C1C3OC3C2,1.2939006
O=C1NCC2=C1C3OC3C2,1.369036
C=C1OCC2=C1C3OC3C2,1.1901592
O=C1OCC2=C1C3OC3C2,1.4860598
C=C1COC2=C1C3OC3C2,0.89940333
C=C1CCC2=C1C3CN3C2,0.84321034
O=C1CCC2=C1C3CN3C2,1.1209842
N=C1NCC2=C1C3CN3C2,0.9920423
O=C1NCC2=C1C3CN3C2,0.97550845
C=C1OCC2=C1C3CN3C2,0.9659946
O=C1OCC2=C1C3CN3C2,0.9232512
C=C1COC2=C1C3CN3C2,0.91467667
CC1C=CC2=C1C3CC3C2,0.93726945
NC1C=CC2=C1C3CC3C2,0.9510676
OC1C=CC2=C1C3CC3C2,0.9175363
CC1C=CC2=C1C3CC3O2,0.7213251
NC1C=CC2=C1C3CC3O2,1.0196356
OC1C=CC2=C1C3CC3O2,0.9656743
CC1C=CC2=C1C3NC3C2,0.93139803
NC1C=CC2=C1C3NC3C2,0.7984948
OC1C=CC2=C1C3NC3C2,0.8948281
CC1C=CC2=C1C3OC3C2,1.1409279
NC1C=CC2=C1C3OC3C2,1.1806847
OC1C=CC2=C1C3OC3C2,1.2722692
CC1C=CC2=C1C3CN3C2,1.0998933
NC1C=CC2=C1C3CN3C2,1.27221
OC1C=CC2=C1C3CN3C2,1.1264763
C=C1C=CC2=C1C3CC3C2,1.0468881
O=C1C=CC2=C1C3CC3C2,1.2356882
N=C1N=CC2=C1C3CC3C2,1.4943146
O=C1N=CC2=C1C3CC3C2,1.6827905
O=C1C=NC2=C1C3CC3C2,1.5204993
O=C1C=CC2=C1C3CC3N2,0.9875382
N=C1N=CC2=C1C3CC3N2,1.2418219
O=C1N=CC2=C1C3CC3N2,1.3038865
O=C1C=NC2=C1C3CC3N2,1.1900984
C=C1C=CC2=C1C3CC3O2,1.1973099
O=C1C=CC2=C1C3CC3O2,1.4090208
N=C1N=CC2=C1C3CC3O2,1.5723451
O=C1N=CC2=C1C3CC3O2,1.7503694
O=C1C=NC2=C1C3CC3O2,1.7897019
C=C1C=CC2=C1C3NC3C2,1.0714005
O=C1C=CC2=C1C3NC3C2,1.3884062
N=C1N=CC2=C1C3NC3C2,1.6386335
O=C1N=CC2=C1C3NC3C2,1.7487662
O=C1C=NC2=C1C3NC3C2,1.6724694
C=C1C=CC2=C1C3OC3C2,1.5008748
O=C1C=CC2=C1C3OC3C2,1.7124034
N=C1N=CC2=C1C3OC3C2,1.9339532
O=C1N=CC2=C1C3OC3C2,2.45967
O=C1C=NC2=C1C3OC3C2,2.0056732
C=C1C=CC2=C1C3CN3C2,1.3506498
O=C1C=CC2=C1C3CN3C2,1.4614843
N=C1N=CC2=C1C3CN3C2,1.7472345
O=C1N=CC2=C1C3CN3C2,1.9371792
O=C1C=NC2=C1C3CN3C2,1.8288239
N=C1N=CC2=C1N3CC3C2,1.5143988
O=C1N=CC2=C1N3CC3C2,1.7981191
CC1=CCC2=C1C3CC3C2,0.66530305
Cc1[nH]oc2=NC3CC3c12,0.96343195
CC1=CCC2=C1C3CC3O2,0.66457784
CC1=CCC2=C1C3NC3C2,0.7622845
CC1=CCC2=C1C3OC3C2,0.9283603
CC1=CCC2=C1C3CN3C2,0.8899392
C=CCC1C2CC3CC3C12,0.58856755
C=COC1C2CC3CC3C12,0.23576444
C=CCC1C2NC3CC3C12,0.49525985
C=COC1C2NC3CC3C12,0.41498157
C=CCC1C2OC3CC3C12,0.70837337
C=COC1C2OC3CC3C12,0.85477996
C=CCC1C2CC3NC3C12,0.49386504
C=COC1C2CC3NC3C12,0.41619846
C=CCC1C2CC3OC3C12,0.6699765
C=COC1C2CC3OC3C12,0.6674576
C=CCN1C2CC3CC3C12,0.4060277
C=CCN1C2CC3NC3C12,0.387733
C=CCN1C2CC3OC3C12,0.65723586
C=CCC1C2CN3CC3C12,0.32868508
C=COC1C2CN3CC3C12,0.18383878
C=CCN1C2CN3CC3C12,0.3763259
C=CCC1C2C3CC3CN12,0.60713744
C=CCC1C2C3NC3CN12,0.3953896
C=CCC1C2C3OC3CN12,0.664955
C=CCC1C2CC3CN3C12,0.5711151
C=COC1C2CC3CN3C12,0.7084222
C=CCC1C2CC3CC3N12,0.5029583
CC=CC1C2CC3CC3C12,0.6080038
CC=CC1C2NC3CC3C12,0.46255204
CC=CC1C2OC3CC3C12,0.8212883
CC=CC1C2CC3NC3C12,0.5141793
CC=CC1C2CC3OC3C12,0.71333706
CC=CC1C2CN3CC3C12,0.27483496
CC=CC1C2C3CC3CN12,0.5450703
CC=CC1C2C3NC3CN12,0.5176232
CC=CC1C2C3OC3CN12,0.7085841
CC=CC1C2CC3CN3C12,0.5878471
CC=CC1C2CC3CC3N12,0.5003648
C1CC1C=C2CCC3CC23,0.8046395
C1CC1C=C2OCC3CC23,0.47038046
C1CC1C=C2CNC3CC23,0.61256105
C1CC1C=C2COC3CC23,0.8653691
C1CC(=CC2CN2)C3CC13,0.6207017
C1NC1C=C2OCC3CC23,0.66112375
C1NC1C=C2CNC3CC23,0.6430389
C1NC1C=C2COC3CC23,1.0413814
C1CC(=CC2CO2)C3CC13,0.78493637
C1OC1C=C2OCC3CC23,0.8139177
C1NC2CC2C1=CC3CO3,0.9411053
C1OC1C=C2COC3CC23,1.0860325
C1CC1C=C2CCC3NC23,0.7401668
C1CC1C=C2OCC3NC23,0.585188
C1CC(=CC2CN2)C3NC13,0.61727387
C1NC1C=C2OCC3NC23,0.88944453
C1CC(=CC2CO2)C3NC13,0.65190583
C1OC1C=C2OCC3NC23,0.9430992
C1CC1C=C2CCC3OC23,0.7612418
C1CC1C=C2OCC3OC23,0.62248635
C1CC(=CC2CN2)C3OC13,0.6852244
C1NC1C=C2OCC3OC23,0.8791748
C1CC(=CC2CO2)C3OC13,0.5732621
C1OC1C=C2OCC3OC23,0.7943516
C1CC1C=C2CCN3CC23,0.6498295
C1NC1C=C2CCN3CC23,0.6604329
C1OC1C=C2CCN3CC23,1.1111497
C1CC1CC2C=CC3CC23,0.7392155
C1CC1NC2C=CC3CC23,0.53603595
C1CC1OC2C=CC3CC23,0.5011975
C1NC1CC2C=CC3CC23,0.68951577
C1OC1CC2C=CC3CC23,0.7075818
C1CC1CC2C=CC3NC23,0.69190395
C1CC1NC2C=CC3NC23,0.62384796
C1CC1OC2C=CC3NC23,0.5710231
C1NC1CC2C=CC3NC23,0.67819923
C1OC1CC2C=CC3NC23,0.9512522
C1CC1CC2C=CC3OC23,0.95600927
C1CC1NC2C=CC3OC23,0.84370804
C1CC1OC2C=CC3OC23,0.8727871
C1NC1CC2C=CC3OC23,0.9167235
C1OC1CC2C=CC3OC23,1.1096088
C1CN1CC2C=CC3CC23,0.671482
C1CN1CC2C=CC3NC23,0.70650965
C1CN1CC2C=CC3OC23,1.0851998
C1CC1CC2C=CC3CN23,0.7774747
C1NC1CC2C=CC3CN23,0.64792204
C1OC1CC2C=CC3CN23,0.7646048
C1CN1CC2C=CC3CN23,0.7426889
C1CC1C=C2C=CC3CC23,0.96457344
C1NC1C=C2C=CC3CC23,0.8928579
C1OC1C=C2C=CC3CC23,1.2541716
C1CC1C=C2C=CC3NC23,1.1721337
C1NC1C=C2C=CC3NC23,1.0736524
C1OC1C=C2C=CC3NC23,1.2196232
C1CC1C=C2C=CC3OC23,1.2956759
C1NC1C=C2C=CC3OC23,1.1950117
C1OC1C=C2C=CC3OC23,1.481967
C1CN1N=C2C=CC3CC23,1.0415624
C1CN1N=C2C=CC3NC23,1.1611549
C1CN1N=C2C=CC3OC23,1.4787412
C1CC1C=C2C=NN3CC23,1.3306926
C1NC1C=C2C=NN3CC23,1.445197
C1OC1C=C2C=NN3CC23,1.6372311
C1CN1N=C2C=CN3CC23,1.3274852
C1CN1C=C2C=NN3CC23,1.087553
C1CC1N=C2C=CC3CN23,0.85599333
C1CN1N=C2C=CC3CN23,1.113302
C1CC1CC2=CCC3CC23,0.7041967
C1CC1OC2=CCC3CC23,0.46527937
C1CC1CC2=COC3CC23,0.6910829
C1CC1OC2=COC3CC23,0.6460799
C1NC1CC2=CCC3CC23,0.6355019
C1NC1CC2=COC3CC23,0.8650298
C1OC1CC2=CCC3CC23,0.73392415
C1OC1CC2=COC3CC23,0.90278435
C1CC1CC2=CCC3NC23,0.68584156
C1CC1OC2=CCC3NC23,0.4960104
C1NC1CC2=CCC3NC23,0.57440954
C1OC1CC2=CCC3NC23,0.8170723
C1CC1CC2=CCC3OC23,0.73083985
C1CC1OC2=CCC3OC23,0.51577127
C1NC1CC2=CCC3OC23,0.8873505
C1OC1CC2=CCC3OC23,0.97179484
C1CN1CC2=CCC3CC23,0.6699196
C1CN1CC2=COC3CC23,0.9121088
C1CN1CC2=CCC3NC23,0.50794995
C1CN1CC2=CCC3OC23,1.0386376
C1CC1CC2=CCN3CC23,0.7498572
C1CC1OC2=CCN3CC23,0.7201874
C1NC1CC2=CCN3CC23,0.7473486
C1OC1CC2=CCN3CC23,1.0095567
C1CN1CC2=CCN3CC23,0.772509
C1C=CCC2C1CC3CC23,0.72794497
C1C=COC2CC3CC3C12,0.41659844
C1C=COC2C1CC3CC23,0.4291182
C1C2CC2C3OC=COC13,0.5742868
C1C=CCC2C1NC3CC23,0.39371958
C1C=COC2C1NC3CC23,0.57463545
C1C=CCC2C1OC3CC23,0.7737925
C1C=COC2OC3CC3C12,0.8318578
C1C=COC2C1OC3CC23,0.66340554
C1C2OC3OC=COC3C12,0.91189504
C1C=CCN2CC3CC3C12,0.3073655
C1C=CCN2C1CC3CC23,0.38008246
C1C=CCC2C1CC3NC23,0.6055901
C1C=COC2CC3NC3C12,0.56408817
C1C=COC2C1CC3NC23,0.45486686
C1C2NC2C3OC=COC13,0.6439657
C1C=CCN2CC3NC3C12,0.31777135
C1C=CCC2C1CC3OC23,0.574773
C1C=COC2CC3OC3C12,0.5984986
C1C=COC2C1CC3OC23,0.6070038
C1C2OC=COC2C3OC13,0.6688306
C1C=CCN2CC3OC3C12,0.6542714
C1C=CCC2C1CN3CC23,0.53801066
C1C=COC2CN3CC3C12,0.7550458
C1C=COC2C1CN3CC23,0.66653454
C1C2OC=COC2C3CN13,0.40283677
C1C=CCC2C1CC3CN23,0.6145518
C1C=COC2CC3CN3C12,0.62522376
C1CC2C(CC3CC23)C=C1,0.7005375
C1OC=CC2CC3CC3C12,0.452421
C1NC2C(CC3CC23)C=C1,0.6819512
C1OC2C(CC3CC23)C=C1,0.57205796
C1CC2C3CC3NC2C=C1,0.6991296
C1OC=CC2NC3CC3C12,0.61559516
C1NC2C3CC3NC2C=C1,0.8259597
C1OC2C(NC3CC23)C=C1,0.6448425
C1CC2C3CC3OC2C=C1,0.86373925
C1OC=CC2OC3CC3C12,0.844153
C1NC2C3CC3OC2C=C1,0.80618155
C1OC2C3CC3OC2C=C1,0.8267029
C1CN2C(CC3CC23)C=C1,0.5985913
C1CC2C(CC3NC23)C=C1,0.62521744
C1OC=CC2CC3NC3C12,0.52502114
C1NC2C(CC3NC23)C=C1,0.6919101
C1OC2C(CC3NC23)C=C1,0.89619595
C1CC2C(CC3OC23)C=C1,0.8613977
C1OC=CC2CC3OC3C12,0.77728844
C1NC2C(CC3OC23)C=C1,0.91627705
C1OC2C(CC3OC23)C=C1,0.9660927
C1CC2C(CN3CC23)C=C1,0.6784965
C1OC=CC2CN3CC3C12,0.6268834
C1NC2C(CN3CC23)C=C1,0.67285454
C1OC2C(CN3CC23)C=C1,0.75753623
C1CC2C(CC3CN23)C=C1,0.65853727
C1OC=CC2CC3CN3C12,0.5895036
C1CC2CC3CC3C2C=C1,0.73117197
C1OC=CC2C1CC3CC23,0.4570174
C1NC2CC3CC3C2C=C1,0.7192944
C1OC2CC3CC3C2C=C1,0.85290873
C1CC2NC3CC3C2C=C1,0.58146113
C1OC=CC2C1NC3CC23,0.62649506
C1CC2OC3CC3C2C=C1,0.79260737
C1OC=CC2C1OC3CC23,0.82859004
C1OC2OC3CC3C2C=C1,1.0822744
C1CN2CC3CC3C2C=C1,0.6162426
C1CC2CC3NC3C2C=C1,0.5900499
C1OC=CC2C1CC3NC23,0.5561456
C1NC2CC3NC3C2C=C1,0.79167783
C1OC2CC3NC3C2C=C1,0.9465296
C1CN2CC3NC3C2C=C1,0.701933
C1CC2CC3OC3C2C=C1,0.8395704
C1OC=CC2C1CC3OC23,0.69915766
C1NC2CC3OC3C2C=C1,0.9063399
C1OC2CC3OC3C2C=C1,0.9840969
C1CN2CC3OC3C2C=C1,0.7714013
C1CC2CN3CC3C2C=C1,0.6210528
C1OC=CC2C1CN3CC23,0.57895285
C1NC2CN3CC3C2C=C1,0.76080984
C1OC2CN3CC3C2C=C1,0.96358883
C1CC2CC3CN3C2C=C1,0.6840488
C1OC=CC2C1CC3CN23,0.69286054
C1NC2CC3CN3C2C=C1,0.8217113
C1OC2CC3CN3C2C=C1,1.0102133
C1C2CC2C3C=CC=CC13,0.755926
C1C2NC3C=CC=CC3C12,0.83959454
C1C2OC3C=CC=CC3C12,1.0678657
C1C2CN3N=CC=CC3C12,1.0591573
C1C2CC2N3N=CC=CC13,1.0621014
C1C2NC2C3C=CC=CC13,0.7723551
C1C2NC2C3C=CC=NN13,0.952891
C1C2OC2C3C=CC=CC13,0.93834054
C1C2OC2C3C=CC=NN13,1.2606562
C1C2C=CC=CC2C3CN13,1.1205052
C1C2CN2C3C=CC=CC13,1.0408301
C1CC=C2CC3CC3C2C1,0.6745685
C1CC2C3CC3CC2=CO1,0.58029336
C1NCC2C3CC3CC2=C1,0.69506043
C1OCC2C3CC3CC2=C1,0.8221752
C1CC=C2CC3CC3C2N1,0.76770335
C1CC=C2CC3CC3C2O1,0.7132102
C1OC=C2CC3CC3C2O1,0.7902611
C1CC=C2OC3CC3C2C1,0.49181682
C1CC2C3CC3OC2=CO1,0.6900459
C1NCC2C3CC3OC2=C1,0.80453587
C1OCC2C3CC3OC2=C1,0.84970677
C1CC=C2OC3CC3C2N1,0.80080795
C1CC=C2OC3CC3C2O1,0.85783654
C1OC=C2OC3CC3C2O1,1.180026
C1CC=C2CC3NC3C2C1,0.4214357
C1CC2C3NC3CC2=CO1,0.6562185
C1NCC2C3NC3CC2=C1,0.6093041
C1OCC2C3NC3CC2=C1,0.8038986
C1CC=C2CC3NC3C2N1,0.48261067
C1CC=C2CC3NC3C2O1,0.5969592
C1OC=C2CC3NC3C2O1,0.69996953
C1CC=C2CC3OC3C2C1,0.8537472
C1CC2C3OC3CC2=CO1,0.65851223
C1NCC2C3OC3CC2=C1,0.84190416
C1OCC2C3OC3CC2=C1,0.9898231
C1CC=C2CC3OC3C2N1,1.0084821
C1CC=C2CC3OC3C2O1,0.9034115
C1OC=C2CC3OC3C2O1,0.9227833
C1CC=C2CN3CC3C2C1,0.5768854
C1CC2C3CN3CC2=CO1,0.76341265
C1NCC2C3CN3CC2=C1,0.66151834
C1OCC2C3CN3CC2=C1,0.96608734
C1CC=C2CN3CC3C2N1,0.70993674
C1CC=C2CN3CC3C2O1,0.87836576
C1OC=C2CN3CC3C2O1,0.9544481
C1CC=C2CC3CN3C2C1,0.5619339
C1CC2N3CC3CC2=CO1,0.7114196
C1NCC2N3CC3CC2=C1,0.68912005
C1OCC2N3CC3CC2=C1,0.8162819
C1C=CC=C2CC3CC3C12,0.6829377
C1C2CC3=CC=NNC3C12,0.96281976
C1C2CC3=CC=COC3C12,1.0140752
C1C2CC3=CC=NOC3C12,1.4161459
C1C2N=C3C=CNNC3C12,0.942702
C1C2N=C3C=CNOC3C12,0.9898261
C1C=CC=C2OC3CC3C12,0.6930931
C1C2OC3=CC=NNC3C12,1.2136426
C1C2OC3=CC=COC3C12,1.116593
C1C2OC3=CC=NOC3C12,1.4843074
C1C=CC=C2CC3NC3C12,0.69216007
C1C2NC2C3NN=CC=C13,1.1164343
C1C2NC2C3OC=CC=C13,0.9523729
C1C2NC2C3ON=CC=C13,1.5556247
C1C=CC=C2CC3OC3C12,0.96582294
C1C2OC2C3NN=CC=C13,1.3413256
C1C2OC2C3OC=CC=C13,1.2556397
C1C2OC2C3ON=CC=C13,1.6006607
C1C=CC=C2CN3CC3C12,0.7593149
C1C2C3NN=CC=C3CN12,1.3929005
C1C2C3OC=CC=C3CN12,1.1981559
C1C2C3ON=CC=C3CN12,1.5594108
C1C=CC=C2CC3CN3C12,0.8364169
C1C=CC2C3CC3CC2=C1,0.8556917
C1C2CC3=COC=CC3C12,0.8168864
C1C2CC3=CN=CNC3C12,0.6065432
C1C=CC2C3CC3NC2=N1,0.67209065
C1C=CC2C3CC3OC2=C1,0.8172618
C1C2OC3=COC=CC3C12,0.8244825
C1C2OC3=CN=CNC3C12,0.993572
C1C=C2CC3CC3N2C=N1,0.8644568
C1C=CN2C3CC3CC2=N1,0.7040839
C1C=CN2C3CC3NC2=N1,0.5479833
C1C=C2OC3CC3N2C=N1,0.9412693
C1C=CN2C3CC3OC2=N1,0.6974131
C1C=CC2C3NC3CC2=C1,0.7336013
C1C2NC2C3C=COC=C13,0.8856368
C1C2NC2C3N=CNC=C13,0.75398636
C1C=CC2C3OC3CC2=C1,0.9379885
C1C2OC2C3C=COC=C13,1.0672675
C1C2OC2C3N=CNC=C13,0.9335891
C1C=CC2C3CN3CC2=C1,0.7720648
C1C2C3C=COC=C3CN12,0.88596475
C1C2C3N=CNC=C3CN12,1.0395536
C1C=CC2C3CN3NC2=N1,0.74389064
C1C=CC2N3CC3CC2=C1,0.63088596
C1C2CC3=COC=CC3N12,0.8599458
C1C=C2CC3CN3N2C=N1,0.89897406
C1C=CN2N3CC3CC2=N1,1.2310245
C1CC=C2C(C1)CC3CC23,0.5686934
C1NCC2CC3CC3C2=C1,0.721996
C1OCC2CC3CC3C2=C1,0.72447246
C1CC2CC3CC3C2=CO1,0.5656265
C1CC=C2C(CC3CC23)N1,0.5510396
C1CC=C2C(CC3CC23)O1,0.7079759
C1OC=C2C(CC3CC23)O1,0.7227216
C1CC=C2C(C1)NC3CC23,0.35772148
C1NCC2NC3CC3C2=C1,0.60654944
C1OCC2NC3CC3C2=C1,0.64273894
C1CC2NC3CC3C2=CO1,0.61005104
C1CC=C2C(C1)OC3CC23,0.62343323
C1NCC2OC3CC3C2=C1,0.7519485
C1OCC2OC3CC3C2=C1,0.868567
C1CC2OC3CC3C2=CO1,0.59890807
C1CC=C2C(O1)OC3CC23,0.7943021
C1OC=C2C(O1)OC3CC23,0.8071795
C1CC=C2C(C1)CC3NC23,0.55228925
C1NCC2CC3NC3C2=C1,0.51648325
C1OCC2CC3NC3C2=C1,0.5726661
C1CC2CC3NC3C2=CO1,0.658408
C1CC=C2C(CC3NC23)N1,0.35972083
C1CC=C2C(CC3NC23)O1,0.6724381
C1OC=C2C(CC3NC23)O1,0.8279072
C1CC=C2C(C1)CC3OC23,0.6107353
C1NCC2CC3OC3C2=C1,0.9422066
C1OCC2CC3OC3C2=C1,1.0250357
C1CC2CC3OC3C2=CO1,0.79567754
C1CC=C2C(CC3OC23)N1,0.5367452
C1CC=C2C(CC3OC23)O1,0.72315484
C1OC=C2C(CC3OC23)O1,0.9448776
C1CC=C2C(C1)CN3CC23,0.38717163
C1NCC2CN3CC3C2=C1,0.6835412
C1OCC2CN3CC3C2=C1,0.72104967
C1CC2CN3CC3C2=CO1,0.69128734
C1CC=C2C(CN3CC23)N1,0.42848915
C1CC=C2C(CN3CC23)O1,0.91671824
C1OC=C2C(CN3CC23)O1,0.90305716
C1C=CC=C2C1CC3CC23,0.75261945
C1C2CC2C3=CC=NNC13,0.95655596
C1C2CC2C3=CC=COC13,0.79186803
C1C2CC2C3=CC=NOC13,1.5192367
C1C=CC=C2C1NC3CC23,0.8235384
C1C=CC=C2C1OC3CC23,1.1490769
C1C2OC3OC=CC=C3C12,1.2014178
C1C2OC3ON=CC=C3C12,1.7321533
C1C=CC=C2C1CC3NC23,0.8234874
C1C2NC2C3=CC=NNC13,1.0421234
C1C2NC2C3=CC=COC13,0.89145386
C1C2NC2C3=CC=NOC13,1.5990037
C1C=CC=C2C1CC3OC23,0.9607825
C1C2NN=CC=C2C3OC13,1.3288163
C1C2OC2C3=CC=COC13,1.0834492
C1C2OC2C3=CC=NOC13,1.937373
C1C=CC=C2C1CN3CC23,0.869968
C1C2NN=CC=C2C3CN13,0.8900222
C1C2OC=CC=C2C3CN13,0.6306957
C1C2ON=CC=C2C3CN13,1.3047981
C1C2CN2C3=CC=NNC13,1.0289727
C1C2CN2C3=CC=NOC13,1.629377
C1C=CC2CC3CC3C2=C1,0.8374232
C1C2CC2C3=COC=CC13,0.9114858
C1C2CC2C3=CN=CNC13,0.7088698
C1C=CC2NC3CC3C2=C1,0.64131826
C1C2NC3C=COC=C3C12,0.8044901
C1C=CC2OC3CC3C2=C1,0.9647223
C1C2OC3C=COC=C3C12,1.1599919
C1C=C2C3CC3CN2C=N1,0.70129514
C1C=CN2CC3CC3C2=N1,0.6162546
C1C=C2C3CC3NN2C=N1,0.50660163
C1C=CN2NC3CC3C2=N1,0.7969843
C1C=C2C3CC3ON2C=N1,0.7980944
C1C=CN2OC3CC3C2=N1,0.86509556
C1C=CC2CC3NC3C2=C1,0.42421427
C1C2NC2C3=COC=CC13,0.9090735
C1C2NC2C3=CN=CNC13,0.76361465
C1C=C2C3NC3CN2C=N1,0.5918621
C1C=CN2CC3NC3C2=N1,0.55439264
C1C=CC2CC3OC3C2=C1,0.94281256
C1C2OC2C3=COC=CC13,1.2353157
C1C2NC=NC=C2C3OC13,1.0586492
C1C=C2C3OC3CN2C=N1,0.94901097
C1C=CN2CC3OC3C2=N1,0.95775616
C1C=CC2CN3CC3C2=C1,0.6920296
C1C2C=COC=C2C3CN13,0.6330033
C1C2N=CNC=C2C3CN13,0.67750907
C1C=CC2CC3CN3C2=N1,0.9143853
C1C=CN2CC3CN3C2=N1,0.5934516
C1CC=C2C3CC3CC2=C1,0.93548095
C1OC=C2CC3CC3C2=C1,0.90166724
C1OC=C2C3CC3CC2=C1,0.90457237
C1NN=C2CC3CC3C2=C1,1.0081179
C1ON=C2CC3CC3C2=C1,1.3506106
C1NN=C2C3CC3CC2=C1,1.1572591
C1ON=C2C3CC3CC2=C1,1.3790095
C1CC=C2C3CC3N=C2N1,0.95614797
C1NN=C2NC3CC3C2=C1,0.81424093
C1ON=C2NC3CC3C2=C1,1.1523684
C1CC=C2C3CC3OC2=C1,0.8714969
C1OC=C2OC3CC3C2=C1,1.1630545
C1OC=C2C3CC3OC2=C1,1.2411542
C1NN=C2OC3CC3C2=C1,1.3217652
C1ON=C2OC3CC3C2=C1,1.3221222
C1NN=C2C3CC3OC2=C1,1.3673878
C1ON=C2C3CC3OC2=C1,1.610794
C1CC=C2C3NC3CC2=C1,0.9054204
C1OC=C2CC3NC3C2=C1,0.7459725
C1OC=C2C3NC3CC2=C1,0.8685814
C1NN=C2CC3NC3C2=C1,0.8178575
C1ON=C2CC3NC3C2=C1,1.2168083
C1NN=C2C3NC3CC2=C1,0.9859189
C1ON=C2C3NC3CC2=C1,1.4775919
C1CC=C2C3OC3CC2=C1,1.0893528
C1OC=C2CC3OC3C2=C1,1.2814738
C1OC=C2C3OC3CC2=C1,1.2988427
C1NN=C2CC3OC3C2=C1,1.4052981
C1ON=C2CC3OC3C2=C1,1.7001289
C1NN=C2C3OC3CC2=C1,1.4534522
C1ON=C2C3OC3CC2=C1,1.5792475
C1CC=C2C3CN3CC2=C1,0.9265162
C1OC=C2CN3CC3C2=C1,0.9448885
C1OC=C2C3CN3CC2=C1,0.94355166
C1NN=C2CN3CC3C2=C1,1.1574737
C1ON=C2CN3CC3C2=C1,1.5088569
C1NN=C2C3CN3CC2=C1,1.0429062
C1ON=C2C3CN3CC2=C1,1.4281336
C1CC=C2C3CN3N=C2N1,1.0371844
C1NN=C2NN3CC3C2=C1,1.2235721
C1ON=C2NN3CC3C2=C1,1.3709468
C1CN=C2N3CC3CC2=C1,1.0090002
C1NN=C2N3CC3CC2=C1,1.1139712
C1ON=C2N3CC3CC2=C1,1.4886132
C1C2N=c3cc[nH]cc3C12,0.96674424
C1C2N=c3cc[nH]nc3C12,1.3371257
C1CCC2=CC3CC3C2C1,0.6818234
C1CC2C3CC3C=C2CN1,0.6026369
C1CC2C3CC3C=C2CO1,0.8807829
C1CC2=CC3CC3C2CN1,0.7394391
C1CC2=CC3CC3C2CO1,0.7813931
C1COC2=CC3CC3C2C1,0.34368566
C1OCC2C3CC3C=C2O1,0.75112015
C1CNC2C3CC3C=C2C1,0.74437284
C1COC2=CC3CC3C2N1,0.7286339
C1COC2C3CC3C=C2C1,0.7321255
C1OCC2=CC3CC3C2O1,0.8687427
C1COC2=CC3CC3C2O1,0.7820656
C1CCC2=CC3NC3C2C1,0.48901516
C1CC2C3NC3C=C2CN1,0.7755209
C1CC2C3NC3C=C2CO1,0.89876986
C1CC2=CC3NC3C2CN1,0.910123
C1CC2=CC3NC3C2CO1,0.8763148
C1COC2=CC3NC3C2C1,0.5982855
C1OCC2C3NC3C=C2O1,0.6966486
C1CNC2C3NC3C=C2C1,0.80717677
C1COC2=CC3NC3C2N1,0.7352843
C1COC2C3NC3C=C2C1,0.7733577
C1OCC2=CC3NC3C2O1,0.70940936
C1COC2=CC3NC3C2O1,0.7363467
C1CCC2=CC3OC3C2C1,0.98340297
C1CC2C3OC3C=C2CN1,1.0091882
C1CC2C3OC3C=C2CO1,1.0206784
C1CC2=CC3OC3C2CN1,1.0553788
C1CC2=CC3OC3C2CO1,1.0782334
C1COC2=CC3OC3C2C1,0.92725736
C1OCC2C3OC3C=C2O1,0.90448695
C1CNC2C3OC3C=C2C1,0.9988251
C1COC2=CC3OC3C2N1,0.9872222
C1COC2C3OC3C=C2C1,0.95925516
C1OCC2=CC3OC3C2O1,1.0372723
C1COC2=CC3OC3C2O1,1.0811166
C1CCC2=CC3CN3C2C1,0.65201837
C1CC2N3CC3C=C2CN1,0.7391086
C1CC2N3CC3C=C2CO1,0.9218031
C1CC2=CC3CN3C2CN1,0.9980191
C1CC2=CC3CN3C2CO1,0.9993609
C1COC2=CC3CN3C2C1,0.5778224
C1OCC2N3CC3C=C2O1,0.9059865
C1C=CCC2=CC3CC3C12,0.60289705
C1N=CNC2=CC3CC3C12,0.7213905
C1C=COC2=CC3CC3C12,0.6456666
C1N=CNC2C3CC3C=C12,0.79253936
C1C=NNC2C3CC3C=C12,0.83759904
C1C2C=C3N=CNNC3C12,1.0120707
C1C2C=C3OC=NNC3C12,1.0214357
C1C2C=C3CC=COC3C12,0.81892455
C1C=NOC2C3CC3C=C12,1.1716436
C1C2C=C3N=CNOC3C12,1.0076878
C1C2C=C3OC=COC3C12,1.0277741
C1C2C=C3OC=NOC3C12,1.4115974
C1C=CN=C2NC3CC3C12,0.6213769
C1C2N=C3NC=COC3C12,1.1335689
C1C=CCC2=NC3CC3N12,0.7640891
C1C=CNC2=NC3CC3N12,0.740939
C1C=CCC2=CC3NC3C12,0.6531658
C1N=CNC2=CC3NC3C12,0.7573385
C1C=COC2=CC3NC3C12,0.6747925
C1N=CNC2C3NC3C=C12,0.8645519
C1C=NNC2C3NC3C=C12,0.91122067
N1C=NNC2C3NC3C=C12,1.1385821
N1N=COC2=CC3NC3C12,0.7684706
C1C=COC2C3NC3C=C12,0.9412483
C1C=NOC2C3NC3C=C12,1.2318571
N1C=NOC2C3NC3C=C12,1.1817827
N1C2C=C3OC=COC3C12,0.93585163
N1C2C=C3OC=NOC3C12,1.1593192
C1C=CCC2=CC3OC3C12,1.0516479
C1N=CNC2=CC3OC3C12,0.8805773
C1C=COC2=CC3OC3C12,0.70251614
C1N=CNC2C3OC3C=C12,1.0945245
C1C=NNC2C3OC3C=C12,1.1780447
N1C=NNC2C3OC3C=C12,1.1427895
N1N=COC2=CC3OC3C12,1.1807834
C1C=COC2C3OC3C=C12,1.0965475
C1C=NOC2C3OC3C=C12,1.3663751
N1C=NOC2C3OC3C=C12,1.6687869
O1C=COC2=CC3OC3C12,0.8458418
O1C=NOC2C3OC3C=C12,1.8751129
C1C=CCC2=NN3CC3C12,1.0046375
C1C=CN=C2NN3CC3C12,0.8612045
C1C=COC2=NN3CC3C12,1.0353036
C1C=COC2C3CN3N=C12,1.1325381
C1C2C3OC=CN=C3NN12,1.2509152
C1C2C3OC=COC3=NN12,1.2507676
C1C=CCC2=CC3CN3C12,0.82457066
C1N=CNC2=CC3CN3C12,0.98935103
C1C=COC2=CC3CN3C12,0.88448584
C1CC2C3CC3C=C2C=C1,0.9825582
C1NN=CC2=CC3CC3C12,0.89947164
C1OC=CC2=CC3CC3C12,0.8897376
C1ON=CC2=CC3CC3C12,1.3259048
C1NC2C3CC3C=C2C=C1,0.92697734
C1OC2C3CC3C=C2C=C1,1.0722524
C1CN2C3CC3N=C2C=C1,0.97064614
C1NN2C3CC3N=C2C=C1,0.88932717
C1ON2C3CC3N=C2C=C1,1.2987074
C1CC2C3NC3C=C2C=C1,1.0066649
C1NN=CC2=CC3NC3C12,1.0368519
C1OC=CC2=CC3NC3C12,0.9290453
C1ON=CC2=CC3NC3C12,1.4780499
C1NC2C3NC3C=C2C=C1,0.8454209
C1OC2C3NC3C=C2C=C1,1.1948589
C1CC2C3OC3C=C2C=C1,1.3138716
C1NN=CC2=CC3OC3C12,1.3916382
C1OC=CC2=CC3OC3C12,1.2136996
C1ON=CC2=CC3OC3C12,2.019013
C1NC2C3OC3C=C2C=C1,1.2419974
C1OC2C3OC3C=C2C=C1,1.4933976
C1NN=CC2=CN3CC3C12,1.0180103
C1ON=CC2=CN3CC3C12,1.2403232
C1CC2C3CN3N=C2C=C1,1.268468
C1N=CC=C2NN3CC3C12,0.9233322
C1N=NC=C2NN3CC3C12,1.2833005
C1OC=CC2=NN3CC3C12,1.3438221
C1NC2C3CN3N=C2C=C1,1.3586301
C1OC2C3CN3N=C2C=C1,1.6651056
C1CC2N3CC3C=C2C=C1,0.98305863
C1NN=CC2=CC3CN3C12,1.3793273
C1OC=CC2=CC3CN3C12,1.1396366
C1ON=CC2=CC3CN3C12,1.6387025
C1CC2=CC3CC3C2C=C1,0.94336087
C1OC=CC2C3CC3C=C12,0.98366797
C1NN=CC2C3CC3C=C12,0.9789758
C1ON=CC2C3CC3C=C12,1.394796
C1OC2=CC3CC3C2C=C1,1.0961174
C1CC2=CC3CC3N2C=N1,0.8659723
C1NN=CN2C3CC3C=C12,0.8212291
C1ON=CN2C3CC3C=C12,1.1232659
C1CC2=NC3CC3N2C=C1,0.80645466
C1OC=CN2C3CC3N=C12,1.1054497
C1NC2=NC3CC3N2C=C1,1.0191447
C1OC2=NC3CC3N2C=C1,1.3433777
C1CC2=CC3NC3C2C=C1,0.98898673
C1OC=CC2C3NC3C=C12,0.81796193
C1NN=CC2C3NC3C=C12,0.8947492
C1ON=CC2C3NC3C=C12,1.332677
C1OC2=CC3NC3C2C=C1,1.0299987
C1CC2=CC3OC3C2C=C1,1.0283972
C1OC=CC2C3OC3C=C12,1.2987071
C1NN=CC2C3OC3C=C12,1.382533
C1ON=CC2C3OC3C=C12,1.64156
C1OC2=CC3OC3C2C=C1,1.3379902
C1CC2=NN3CC3C2C=C1,1.221159
C1OC=CC2C3CN3N=C12,1.2712016
C1OC2=NN3CC3C2C=C1,1.4324168
C1CC2=CC3CN3C2C=C1,1.0485351
C1OC=CC2N3CC3C=C12,1.02904
C1NN=CC2N3CC3C=C12,1.0468793
C1ON=CC2N3CC3C=C12,1.5448991
C1OC2=CC3CN3C2C=C1,0.9241699
C1CC2=CC3CN3N2C=N1,0.96236086
C1NN=CN2N3CC3C=C12,1.0829295
C1ON=CN2N3CC3C=C12,1.215208
C1C2C=C3C=CC=CC3C12,1.4531397
C1C2C=C3C=NN=CC3C12,2.0373898
C1C2C=C3C=NN=CN3C12,2.1139112
C1C2N=c3ccccn3C12,1.2676631
C1C2N=c3cnccn3C12,1.4651603
C1C2N=c3ccncn3C12,1.5836871
C1C2N=c3ncccn3C12,1.5420076
C1C2N=c3nnccn3C12,1.7762896
C1C2N=c3cccnn3C12,1.9414264
C1C2N=c3ccnnn3C12,2.1258974
N1C2C=C3C=CC=CC3C12,1.4963574
N1C2C=C3C=NN=CC3C12,2.167859
O1C2C=C3C=CC=CC3C12,1.6365868
O1C2C=C3C=NN=CC3C12,2.043424
C1C2C3C=NN=CC3=CN12,1.7288342
C1C2C3C=CC=CC3=NN12,1.4439248
C1C2C=C3C=CC=CC3N12,1.666038
C1C2C=C3C=NN=CC3N12,2.2075276
C1C2C=C3C=NN=CN3N12,2.3345535
C1CC=C2C3CC3C=C2C1,0.9557334
C1NCC2=CC3CC3C2=C1,0.66764116
C1OCC2=CC3CC3C2=C1,0.90876794
C1CC2=CC3CC3C2=CO1,0.71273124
C1CC=C2C3CC3C=C2O1,0.75125766
C1OC=C2C3CC3C=C2O1,0.89445424
C1CC2=CC3CC3C2=NN1,0.89492995
C1CC2=CC3CC3C2=NO1,1.2418958
C1ON=C2C3CC3C=C2O1,1.5656143
C1CC=C2C3NC3C=C2C1,0.81445426
C1NCC2=CC3NC3C2=C1,0.5593434
C1OCC2=CC3NC3C2=C1,0.9076019
C1CC2=CC3NC3C2=CO1,0.7944144
C1CC=C2C3NC3C=C2O1,0.7188144
C1OC=C2C3NC3C=C2O1,0.88423526
C1CC2=CC3NC3C2=NN1,0.85054594
C1CC2=CC3NC3C2=NO1,1.2071172
C1ON=C2C3NC3C=C2O1,1.4819585
C1CC=C2C3OC3C=C2C1,1.2976588
C1NCC2=CC3OC3C2=C1,1.096659
C1OCC2=CC3OC3C2=C1,1.5739785
C1CC2=CC3OC3C2=CO1,1.2334734
C1CC=C2C3OC3C=C2O1,1.1675202
C1OC=C2C3OC3C=C2O1,1.2212487
C1CC2=CC3OC3C2=NN1,1.2023457
C1CC2=CC3OC3C2=NO1,1.5320053
C1ON=C2C3OC3C=C2O1,1.8346665
C1CC2=CN3CC3C2=NN1,1.0993458
C1CC2=CN3CC3C2=NO1,1.4229715
C1ON=C2C3CN3C=C2O1,1.4903287
C1CC=C2C3CN3N=C2C1,1.28653
C1NCC2=NN3CC3C2=C1,1.1655
C1OCC2=NN3CC3C2=C1,1.3153559
C1CC2=C(C=N1)C3CN3N2,1.1473182
C1CC2=NN3CC3C2=CO1,1.2400815
C1CC=C2C3CN3N=C2O1,1.1886984
C1OC=C2C3CN3N=C2O1,1.3338823
C1CC2=C(N=N1)C3CN3N2,1.3226911
C1CN=C2N3CC3C=C2C1,0.99593484
C1CC2=CC3CN3C2=NN1,1.0590597
C1CC2=CC3CN3C2=NO1,1.3575178
C1CN=C2N3CC3C=C2O1,1.0652118
C1ON=C2N3CC3C=C2O1,1.6648088
C1C=CC=C2C3CC3C=C12,1.0249715
C1C2C=C3OC=CC=C3C12,1.2245235
C1C=NN=C2C3CC3C=C12,1.6301693
C1C2C=C3N=CNN=C3C12,1.4503365
C1C2C=C3OC=NN=C3C12,1.7503031
C1C=CC=C2C3NC3C=C12,0.96123
N1C2C=C3OC=CC=C3C12,1.0877272
C1C=NN=C2C3NC3C=C12,1.5039772
N1C=NC2=CC3NC3C2=N1,1.5652603
N1C2C=C3OC=NN=C3C12,1.226885
C1C=CC=C2C3OC3C=C12,1.592775
O1C=CC=C2C3OC3C=C12,1.5739685
C1C=NN=C2C3OC3C=C12,1.9680005
N1C=NC2=CC3OC3C2=N1,2.1848893
O1C=NN=C2C3OC3C=C12,1.9169558
C1C=NN=C2C3CN3C=C12,1.8184034
C1C2N1C=C3N=CNN=C23,1.8112955
C1C2N1C=C3OC=NN=C23,2.3397295
C1C=CC=C2C3CN3N=C12,1.6077045
C1C2N1N=c3occcc23,1.4999839
C1C2N1N=c3onccc23,2.0808902
C1C2N1N=c3ocncc23,1.9087447
C1C2N1N=c3onncc23,2.7878237
C1C2N1N=c3occnc23,1.9704942
C1N=CN=C2N3CC3C=C12,1.4307407
C1C=NN=C2N3CC3C=C12,1.5319332
C1C2C=C3N=CNN=C3N12,1.5648507
C1C2C=C3OC=NN=C3N12,1.9718989
C1C=CC2=CC3CC3C2=C1,0.8811497
C1C2C=C3C=COC=C3C12,1.3468167
C1C2N=c3nn[nH]cc3C12,1.7680281
C1C2N=c3ncocc3C12,1.6809608
C1C2N=c3nnocc3C12,2.6375296
C1C=CC2=CC3NC3C2=C1,0.87924707
N1C2C=C3C=COC=C3C12,1.1880116
C1C=CC2=CC3OC3C2=C1,1.5104432
O1C=CC2=CC3OC3C2=C1,1.7381049
C1C2N1N=c3cc[nH]cc23,1.3066127
C1C2N1N=c3cn[nH]cc23,1.7442966
C1C2N1N=c3ccocc23,1.6919361
C1C2N1N=c3cnocc23,2.4217885
C1C2N1N=c3nn[nH]cc23,2.2839231
C1C2N1N=c3ncocc23,2.074238
C1C2N1N=c3nnocc23,2.76259
C1C2N1N=c3cc[nH]nc23,1.7224935
C1C2N1N=c3cconc23,2.4539132
C1C=CC2=CC3CN3C2=N1,1.3949038
C1CCC2=C(C1)CC3CC23,0.75204104
C1CC2=C(CN1)CC3CC23,0.49437335
C1CC2=C(CO1)CC3CC23,0.5344529
C1CC2=C(CN1)C3CC3C2,0.5687458
C1CC2=C(CO1)C3CC3C2,0.7418357
C1COC2=C(C1)C3CC3C2,0.4317395
C1OCC2=C(CC3CC23)O1,0.6776126
C1COC2=C(C1)CC3CC23,0.18325561
C1OCC2=C(O1)C3CC3C2,0.6119673
C1COC2=C(CC3CC23)O1,0.4869922
C1CCC2=C(C1)OC3CC23,0.6024673
C1CC2=C(CN1)OC3CC23,0.74791545
C1CC2=C(CO1)OC3CC23,0.9515193
C1CC2=C(CN1)C3CC3O2,0.6199962
C1CC2=C(CO1)C3CC3O2,0.5684893
C1COC2=C(C1)OC3CC23,0.58446556
C1OCC2=C(O1)C3CC3O2,0.6634162
C1CCC2=C(C1)CC3NC23,0.62426424
C1CC2=C(CN1)CC3NC23,0.48450002
C1CC2=C(CO1)CC3NC23,0.4539052
C1CC2=C(CN1)C3NC3C2,0.55085945
C1CC2=C(CO1)C3NC3C2,0.6645819
C1COC2=C(C1)C3NC3C2,0.37586012
C1OCC2=C(CC3NC23)O1,0.73738223
C1COC2=C(C1)CC3NC23,0.33032015
C1OCC2=C(O1)C3NC3C2,0.72294605
C1COC2=C(CC3NC23)O1,0.57493585
C1CCC2=C(C1)CC3OC23,0.52362174
C1CC2=C(CN1)CC3OC23,0.5232104
C1CC2=C(CO1)CC3OC23,0.5485591
C1CC2=C(CN1)C3OC3C2,0.6431378
C1CC2=C(CO1)C3OC3C2,0.7981328
C1COC2=C(C1)C3OC3C2,0.66691655
C1OCC2=C(CC3OC23)O1,0.8685925
C1COC2=C(C1)CC3OC23,0.47931904
C1OCC2=C(O1)C3OC3C2,0.86154187
C1COC2=C(CC3OC23)O1,0.7082948
C1CCC2=C(C1)CN3CC23,0.51954406
C1CC2=C(CN1)CN3CC23,0.52055293
C1CC2=C(CO1)CN3CC23,0.71700144
C1CC2=C(CN1)C3CN3C2,0.768751
C1CC2=C(CO1)C3CN3C2,0.7857199
C1COC2=C(C1)C3CN3C2,0.6892966
C1OCC2=C(CN3CC23)O1,0.8402262
C1COC2=C(C1)CN3CC23,0.4573685
C1OCC2=C(O1)C3CN3C2,0.75075233
C1COC2=C(CN3CC23)O1,0.7414618
C1C=CCC2=C1CC3CC23,0.64054954
C1N=CNC2=C1C3CC3C2,0.7119905
C1C2CC3=C(CC=CO3)C12,0.79654753
C1N=CNC2=C1CC3CC23,0.8656916
C1C2CC3=C(OC=CC3)C12,0.7702872
C1C2CC3=C(OC=CO3)C12,0.79982626
C1C2OC3=C(CC=CC3)C12,1.0104156
C1C2OC3=C(CN=CN3)C12,1.0965031
C1NC=NC2=C1OC3CC23,0.7568917
C1C2OC3=C(OC=CC3)C12,0.8997065
C1C=CCC2=C1CC3NC23,0.697633
C1N=CNC2=C1C3NC3C2,0.8444036
C1C=COC2=C1C3NC3C2,0.60033745
C1N=CNC2=C1CC3NC23,0.8357784
C1C=COC2=C1CC3NC23,0.54660285
C1C2NC2C3=C1OC=CO3,0.6331279
C1C=CCC2=C1CC3OC23,0.83319616
C1N=CNC2=C1C3OC3C2,1.1028818
C1C=COC2=C1C3OC3C2,0.7657795
C1N=CNC2=C1CC3OC23,0.8172564
C1C=COC2=C1CC3OC23,0.5529845
C1C2OC2C3=C1OC=CO3,0.74618596
C1C=CCC2=C1CN3CC23,0.7647669
C1N=CNC2=C1C3CN3C2,1.1607496
C1C=COC2=C1C3CN3C2,0.87122834
C1N=CNC2=C1CN3CC23,1.0320783
C1C=COC2=C1CN3CC23,0.796463
C1C2N1CC3=C2OC=CO3,0.8887603
C1CC2=C(CC3CC23)C=C1,0.6437746
C1NN=CC2=C1C3CC3C2,1.157711
C1OC=CC2=C1C3CC3C2,0.873395
C1ON=CC2=C1C3CC3C2,1.2967757
C1OC2=C(CC3CC23)C=C1,0.69164133
C1CC2=C(OC3CC23)C=C1,0.65947133
C1NN=CC2=C1C3CC3O2,1.3827628
C1OC=CC2=C1C3CC3O2,1.0000561
C1ON=CC2=C1C3CC3O2,1.6951814
C1OC2=C(OC3CC23)C=C1,0.96222955
C1CC2=C(CC3NC23)C=C1,0.7489696
C1NN=CC2=C1C3NC3C2,1.0567876
C1OC=CC2=C1C3NC3C2,0.9371551
C1ON=CC2=C1C3NC3C2,1.4193809
C1OC2=C(CC3NC23)C=C1,0.86958396
C1CC2=C(CC3OC23)C=C1,0.9193458
C1NN=CC2=C1C3OC3C2,1.6027507
C1OC=CC2=C1C3OC3C2,1.2945954
C1ON=CC2=C1C3OC3C2,2.0553699
C1OC2=C(CC3OC23)C=C1,1.2144464
C1CC2=C(CN3CC23)C=C1,0.7873
C1NN=CC2=C1C3CN3C2,1.3850677
C1OC=CC2=C1C3CN3C2,1.1345075
C1ON=CC2=C1C3CN3C2,1.615045
C1OC2=C(CN3CC23)C=C1,0.9923232
C1NN=CC2=C1N3CC3C2,0.9467453
C1ON=CC2=C1N3CC3C2,1.2677355
C1CC2=C(C=C1)C3CC3C2,0.92733574
C1OC=CC2=C1CC3CC23,0.8636703
C1NN=CC2=C1CC3CC23,1.2045097
C1ON=CC2=C1CC3CC23,1.455851
C1OC2=C(C=C1)C3CC3C2,0.6493714
C1NN=CC2=C1NC3CC23,0.8719536
C1ON=CC2=C1NC3CC23,1.008649
C1CC2=C(C=C1)C3CC3O2,0.75380945
C1OC=CC2=C1OC3CC23,0.9162825
C1NN=CC2=C1OC3CC23,1.1523067
C1ON=CC2=C1OC3CC23,1.5331516
C1CC2=C(C=C1)C3NC3C2,0.6355153
C1OC=CC2=C1CC3NC23,0.91482615
C1NN=CC2=C1CC3NC23,1.0957894
C1ON=CC2=C1CC3NC23,1.4176029
C1OC2=C(C=C1)C3NC3C2,0.86283726
C1CC2=C(C=C1)C3OC3C2,0.9315659
C1OC=CC2=C1CC3OC23,0.8768055
C1NN=CC2=C1CC3OC23,1.239094
C1ON=CC2=C1CC3OC23,1.6330103
C1OC2=C(C=C1)C3OC3C2,1.0713128
C1CC2=C(C=C1)C3CN3C2,0.9808162
C1OC=CC2=C1CN3CC23,1.093832
C1NN=CC2=C1CN3CC23,1.2463775
C1ON=CC2=C1CN3CC23,1.4557
C1OC2=C(C=C1)C3CN3C2,1.2027789
C1CC1CC2C3CC=CC23,0.7576963
C1CC1NC2C3CC=CC23,0.6300353
C1CC1OC2C3CC=CC23,0.8500215
C1CC1CC2C3OC=CC23,0.7623225
C1CC1NC2C3OC=CC23,0.78881305
C1CC1OC2C3OC=CC23,0.97017515
C1NC1CC2C3CC=CC23,0.7876931
C1NC1CC2C3OC=CC23,0.95517004
C1OC1CC2C3CC=CC23,0.7229279
C1OC1CC2C3OC=CC23,0.8404093
C1CN1CC2C3CC=CC23,0.89919645
C1CN1CC2C3OC=CC23,0.9069211
C1CC1CN2C3CC=CC23,0.6972019
C1NC1CN2C3CC=CC23,0.6724133
C1OC1CN2C3CC=CC23,0.83425456
C1CC1CC2C3C=CCN23,0.8459754
C1NC1CC2C3C=CCN23,0.78573954
C1OC1CC2C3C=CCN23,0.76435125
C1CN1CC2C3C=CCN23,0.82115597
C=CC1CC2CC3CC3C12,0.6345938
C=CC1CC2NC3CC3C12,0.43967855
C=CC1CC2OC3CC3C12,0.5866205
C=CC1NC2CC3CC3C12,0.4352273
C=CC1OC2CC3CC3C12,0.35031644
C=CC1CN2CC3CC3C12,0.3881989
C=CC1CC2CC3CC3N12,0.48363408
C=CC1CC2CC3NC3C12,0.39491168
C=CC1NC2CC3NC3C12,0.4572414
C=CC1OC2CC3NC3C12,0.59700334
C=CC1CN2CC3NC3C12,0.33742958
C=CC1CC2CC3OC3C12,0.585936
C=CC1NC2CC3OC3C12,0.670412
C=CC1OC2CC3OC3C12,0.6392857
C=CC1CN2CC3OC3C12,0.69551575
C=CC1CC2CN3CC3C12,0.5726592
C=CC1NC2CN3CC3C12,0.34754235
C=CC1OC2CN3CC3C12,0.7010657
C=CC1CC2CC3CN3C12,0.49713182
C=CC1NC2CC3CN3C12,0.5655897
C=CC1OC2CC3CN3C12,0.7004778
C1C2CC2C34CC3C=CC14,0.70066524
C1C2NC3C=CC4CC34C12,0.56310564
C1C2OC3C=CC4CC34C12,0.8344244
C1C2NC2C34CC3C=CC14,0.8493393
C1C2OC2C34CC3C=CC14,1.0897838
C1C2CC2C34NC3C=CC14,0.90508217
C1C2NC3C=CC4NC34C12,0.5631743
C1C2OC3C=CC4NC34C12,0.7826874
C1C2NC2C34NC3C=CC14,0.90000486
C1C2OC2C34NC3C=CC14,0.921034
C1C2CC2C34OC3C=CC14,1.1133732
C1C2NC3C=CC4OC34C12,0.9238707
C1C2OC3C=CC4OC34C12,1.1758195
C1C2NC2C34OC3C=CC14,1.0749905
C1C2OC2C34OC3C=CC14,1.2575694
C1C2C=CC3CC23C4CN14,0.8583909
C1C2C=CC3NC23C4CN14,0.6868225
C1C2C=CC3OC23C4CN14,0.64734054
C1C2CN2C34CC3C=CC14,0.94351834
C1C=C2CC3CC3C24CC14,0.8488932
C1C2CC3=COC4CC34C12,0.58237684
C1C=C2OC3CC3C24CC14,0.9388831
C1C2OC3=COC4CC34C12,0.51546806
C1C=C2CC3NC3C24CC14,0.78255284
C1C2NC2C34CC3OC=C14,0.84646463
C1C=C2CC3OC3C24CC14,0.91171
C1C2OC2C34CC3OC=C14,0.9982726
C1C=C2CC3CC3C24NC14,0.741305
C1C=C2OC3CC3C24NC14,0.75142205
C1C=C2CC3NC3C24NC14,0.6919852
C1C=C2CC3OC3C24NC14,0.9714833
C1C=C2CC3CC3C24OC14,0.665528
C1C=C2OC3CC3C24OC14,0.8539898
C1C=C2CC3NC3C24OC14,0.918091
C1C=C2CC3OC3C24OC14,1.022846
C1C=C2CN3CC3C24CC14,0.5744099
C1C2N1CC3=COC4CC234,0.97142744
C1C=C2CN3CC3C24NC14,0.72871387
C1C=C2CN3CC3C24OC14,0.81309366
C1C=C2CC3CC3C24CN14,0.83027637
C1C2OC3=CCN4CC34C12,0.88069725
C1C=C2CC3NC3C24CN14,0.7590575
C1C=C2CC3OC3C24CN14,0.8338783
C1C=C2CN3CC3C24CN14,0.6387064
C1C=C2CC3CN3C24CC14,0.8784218
C1C2CC3=COC4CC34N12,0.7161388
C1C=CC2C3CC4CC4C123,0.5354854
C1C2CC3C4C=COC34C12,0.8144567
C1C2NC3C4C=CCC34C12,0.504995
C1C2NC3C4C=COC34C12,0.7443288
C1C2OC3C4C=CCC34C12,0.8911518
C1C2OC3C4C=COC34C12,0.96040636
C1C2NC2C34CC=CC3C14,0.7364473
C1C2NC2C34OC=CC3C14,1.1139121
C1C2OC2C34CC=CC3C14,0.997224
C1C2OC2C34OC=CC3C14,1.4075171
C1C=CC2C3CN4CC4C123,0.50564754
C1C2C3C=COC23C4CN14,0.3725085
C1C2CN2C34CC=CC3C14,0.83942217
C1C2CN3C4C=CCC34C12,0.6207913
C1C=CC2N3CC4NC4C123,0.3108922
C1C=CC2N3CC4OC4C123,0.8385135
C1C=CC23C1C2CC4CC34,0.48495257
C1C2CC3C4OC=CC34C12,0.9963001
C1C=CC23C1C2NC4CC34,0.6703671
C1C2NC3C4OC=CC34C12,1.0008845
C1C=CC23C1C2OC4CC34,0.74848974
C1C2OC3C4OC=CC34C12,1.2978178
C1C=CC23C1C2CC4NC34,0.634059
C1C2NC2C34C=COC3C14,0.92575675
C1C=CC23C1C2CC4OC34,0.6105155
C1C2OC2C34C=COC3C14,1.1950506
C1C=CC23C1C2CN4CC34,0.4623452
C1C2C3OC=CC23C4CN14,0.55258584
C1C=CC23C4CC4CC2N13,0.58791256
C1C2NC2C34C=CCN3C14,0.5942966
C1C2OC2C34C=CCN3C14,1.0116216
C1C=CC23C4CN4CC2N13,0.7519481
C1C=CC23C1C2CC4CN34,0.40232423
C1C2CN2C34C=COC3C14,0.92174214
C1C=CC23C4CC4CN2C13,0.49399865
C1C=CC23C4NC4CN2C13,0.72665495
C1C=CC23C4OC4CN2C13,0.83988714
CC1C2C3C(C)C3C(=C)C12,0.8757125
CC1C2C3C(N)C3C(=C)C12,0.66600764
CC1C2C3C(O)C3C(=C)C12,0.74318326
NC1C2C3C(N)C3C(=C)C12,0.7780425
NC1C2C3C(O)C3C(=C)C12,0.8862703
OC1C2C3C(O)C3C(=C)C12,0.9313949
CC1C2C3C(N3C)C(=C)C12,0.57417977
CN1C2C3C(N)C3C(=C)C12,0.6386398
CN1C2C3C(O)C3C(=C)C12,0.6398422
CN1C2C3C(N3C)C(=C)C12,0.69860023
CC1C2C1C(=C)C3C(C)N23,0.6907106
CC1C2N1C3C(N)C3C2=C,0.8034964
CC1C2N1C3C(O)C3C2=C,0.8766297
CC1C2C3C(C)C1C(=C)C23,0.7518375
CC1C2C3C(N)C1C(=C)C23,0.58797425
CC1C2C3C(O)C1C(=C)C23,0.53373426
NC1C2C3C(N)C1C(=C)C23,0.5890308
NC1C2C3C(O)C1C(=C)C23,0.64588565
OC1C2C3C(O)C1C(=C)C23,0.80332154
CC1C2C3C2C(=C)C1N3C,0.5980506
CN1C2C3C(N)C1C(=C)C23,0.4984822
CN1C2C3C(O)C1C(=C)C23,0.5602772
CC1C2C3N2C(C)C1C3=C,0.7965293
CC1C2C(N)C3C(N13)C2=C,0.7971526
CC1C2C(O)C3C(N13)C2=C,0.8247242
CC1C2C3C2C(=C)C1C3=C,0.83648086
CC1C2C3C2C(=O)C1C3=C,1.1750566
NC1C2C3C2C(=C)C1C3=C,0.76270443
OC1C2C3C2C(=C)C1C3=C,0.68407214
OC1C2C3C2C(=O)C1C3=C,1.303677
CN1C2C3C2C(=C)C1C3=C,0.534037
CN1C2C3C2C(=O)C1C3=C,1.0039462
CC1C2C(=C)C3C(N13)C2=C,0.94023
CC1C2C(=C)C3C(N13)C2=O,1.5865077
C=C1C2C3C2C(=C)C1C3=C,0.80597687
C=C1C2C3C2C(=O)C1C3=C,1.5164698
C=C1C2C3C2C(=O)C1C3=O,1.9157423
C=CC12CC3C4C1CC2C34,0.70506173
C=CC12NC3C4C1CC2C34,0.9810666
C=CC12OC3C4C1CC2C34,1.0272918
C=CC12CC3C4C1NC2C34,0.6227679
C=CC12NC3C4C1NC2C34,0.6679692
C=CC12OC3C4C1NC2C34,0.81195045
C=CC12CC3C4C1OC2C34,0.65474904
C=CC12NC3C4C1OC2C34,0.7364555
C=CC12OC3C4C1OC2C34,0.9836733
C=CC12CC3C4C1CN2C34,0.96083
C=CC12CN3C4C1CC2C34,0.9294431
C=CC12CN3C4C1NC2C34,0.69610655
C=CC12CN3C4C1OC2C34,0.8123194
C=CC12CC3C4C1CC2N34,0.8787989
CC(C=C)C1C2CCC1C2,0.5179023
NC(C=C)C1C2CCC1C2,0.48305926
OC(C=C)C1C2CCC1C2,0.38612646
CC(C=C)C1C2CNC1C2,0.44277504
NC(C=C)C1C2CNC1C2,0.37432316
OC(C=C)C1C2CNC1C2,0.22348534
CC(C=C)C1C2COC1C2,0.6104932
NC(C=C)C1C2COC1C2,0.6457396
OC(C=C)C1C2COC1C2,0.5941248
CC(C=C)C1C2CCC1N2,0.5976994
NC(C=C)C1C2CCC1N2,0.56493413
OC(C=C)C1C2CCC1N2,0.46721366
CC(C=C)C1C2CCC1O2,0.6792943
NC(C=C)C1C2CCC1O2,0.8260728
OC(C=C)C1C2CCC1O2,0.62457776
CC(C=C)N1C2CCC1C2,0.33140677
CC(C=C)C1C2CCN1C2,0.34218344
NC(C=C)C1C2CCN1C2,0.28889441
OC(C=C)C1C2CCN1C2,0.20545158
CCC(=C)C1C2CCC1C2,0.603735
NCC(=C)C1C2CCC1C2,0.5175336
OCC(=C)C1C2CCC1C2,0.59369385
COC(=C)C1C2CCC1C2,0.5034063
CCC(=C)C1C2CNC1C2,0.4954674
NCC(=C)C1C2CNC1C2,0.37351164
OCC(=C)C1C2CNC1C2,0.41584358
COC(=C)C1C2CNC1C2,0.37394828
CCC(=C)C1C2COC1C2,0.7028706
NCC(=C)C1C2COC1C2,0.6734961
OCC(=C)C1C2COC1C2,0.79437256
COC(=C)C1C2COC1C2,0.82299054
CCC(=C)C1C2CCC1N2,0.634391
NCC(=C)C1C2CCC1N2,0.54939514
OCC(=C)C1C2CCC1N2,0.58560145
COC(=C)C1C2CCC1N2,0.39669448
CCC(=C)C1C2CCC1O2,0.6621408
NCC(=C)C1C2CCC1O2,0.74772894
OCC(=C)C1C2CCC1O2,0.73802507
COC(=C)C1C2CCC1O2,0.7242314
CCC(=C)C1C2CCN1C2,0.39553258
NCC(=C)C1C2CCN1C2,0.30896834
OCC(=C)C1C2CCN1C2,0.24817804
COC(=C)C1C2CCN1C2,0.24500754
C=CC(=C)C1C2CCC1C2,0.87960297
C=C(C=O)C1C2CCC1C2,1.5088553
C=C(C#N)C1C2CCC1C2,1.5541408
C=CC(=O)C1C2CCC1C2,1.6287825
C=CC(=C)C1C2CNC1C2,0.5613405
C=C(C=O)C1C2CNC1C2,1.2788787
C=C(C#N)C1C2CNC1C2,1.3968071
C=CC(=O)C1C2CNC1C2,1.4108166
C=CC(=C)C1C2COC1C2,0.92066646
C=C(C=O)C1C2COC1C2,1.4456884
C=C(C#N)C1C2COC1C2,1.6129788
C=CC(=O)C1C2COC1C2,1.6262195
C=CC(=C)C1C2CCC1N2,0.8223871
C=C(C=O)C1C2CCC1N2,1.4305854
C=C(C#N)C1C2CCC1N2,1.6482769
C=CC(=O)C1C2CCC1N2,1.5816655
C=CC(=C)C1C2CCC1O2,1.0097435
C=C(C=O)C1C2CCC1O2,1.8442069
C=C(C#N)C1C2CCC1O2,1.9095542
C=CC(=O)C1C2CCC1O2,1.8921067
C=CC(=N)N1C2CCC1C2,0.45723745
C=CC(=O)N1C2CCC1C2,0.9738809
C=CC(=C)C1C2CCN1C2,0.45239285
C=C(C=O)C1C2CCN1C2,1.2073001
C=C(C#N)C1C2CCN1C2,1.2414325
C=CC(=O)C1C2CCN1C2,1.409914
C=C(C#C)C1C2CCC1C2,1.1313708
C=C(C#C)C1C2CNC1C2,0.8313279
C=C(C#C)C1C2COC1C2,1.1037904
C=C(C#C)C1C2CCC1N2,1.2305751
C=C(C#C)C1C2CCC1O2,1.4123198
C=C(C#C)C1C2CCN1C2,0.8429088
CC=C(C)C1C2CCC1C2,0.572524
CC=C(C)C1C2CNC1C2,0.40066478
CC=C(C)C1C2COC1C2,0.58675265
CC=C(C)C1C2CCC1N2,0.5542251
CC=C(C)C1C2CCC1O2,0.6471224
CC=C(C)C1C2CCN1C2,0.3746068
CCC(C)C1C2CC1C=C2,0.69765306
CC(CN)C1C2CC1C=C2,0.5874496
CC(CO)C1C2CC1C=C2,0.774157
CCC(N)C1C2CC1C=C2,0.631533
NCC(N)C1C2CC1C=C2,0.69403005
NC(CO)C1C2CC1C=C2,0.643778
CCC(O)C1C2CC1C=C2,0.7493424
NCC(O)C1C2CC1C=C2,0.745108
OCC(O)C1C2CC1C=C2,0.88686246
CNC(C)C1C2CC1C=C2,0.5982078
COC(C)C1C2CC1C=C2,0.7357104
CCC(C)C1C2NC1C=C2,0.68776363
CC(CN)C1C2NC1C=C2,0.65879875
CC(CO)C1C2NC1C=C2,0.69321835
CCC(N)C1C2NC1C=C2,0.7315919
NCC(N)C1C2NC1C=C2,0.68262184
NC(CO)C1C2NC1C=C2,0.71587473
CCC(O)C1C2NC1C=C2,0.7009061
NCC(O)C1C2NC1C=C2,0.8158389
OCC(O)C1C2NC1C=C2,0.9408204
CNC(C)C1C2NC1C=C2,0.63896185
COC(C)C1C2NC1C=C2,0.71299005
CCC(C)C1C2OC1C=C2,0.64685184
CC(CN)C1C2OC1C=C2,0.5354864
CC(CO)C1C2OC1C=C2,0.70391387
CCC(N)C1C2OC1C=C2,0.5563687
NCC(N)C1C2OC1C=C2,0.6992901
NC(CO)C1C2OC1C=C2,0.88259363
CCC(O)C1C2OC1C=C2,0.6992108
NCC(O)C1C2OC1C=C2,0.761008
OCC(O)C1C2OC1C=C2,0.9606961
CNC(C)C1C2OC1C=C2,0.6361925
COC(C)C1C2OC1C=C2,0.7158575
CCN(C)C1C2CC1C=C2,0.5337434
CCN(C)C1C2NC1C=C2,0.724795
CCN(C)C1C2OC1C=C2,0.6088587
CCC(C)N1C2CC1C=C2,0.6348316
CC(CN)N1C2CC1C=C2,0.59028804
CC(CO)N1C2CC1C=C2,0.57484204
CC(C=C)C1C2CC1C=C2,0.8145468
CC(C=O)C1C2CC1C=C2,1.0650015
CC(C#N)C1C2CC1C=C2,1.0553137
NC(C=C)C1C2CC1C=C2,0.7759943
OC(C=C)C1C2CC1C=C2,0.63241196
OC(C=O)C1C2CC1C=C2,1.2506537
OC(C#N)C1C2CC1C=C2,1.1837325
CC(C=C)C1C2NC1C=C2,0.77966785
CC(C=O)C1C2NC1C=C2,0.8713205
CC(C#N)C1C2NC1C=C2,0.8143797
NC(C=C)C1C2NC1C=C2,0.5647062
OC(C=C)C1C2NC1C=C2,0.5787914
OC(C=O)C1C2NC1C=C2,1.0238891
OC(C#N)C1C2NC1C=C2,1.2064506
CC(C=C)C1C2OC1C=C2,0.7241997
CC(C=O)C1C2OC1C=C2,1.0806035
CC(C#N)C1C2OC1C=C2,0.94017017
NC(C=C)C1C2OC1C=C2,0.696931
OC(C=C)C1C2OC1C=C2,0.6127737
OC(C=O)C1C2OC1C=C2,1.4542143
OC(C#N)C1C2OC1C=C2,1.5415026
CN(C=N)C1C2CC1C=C2,0.56136155
CN(C=O)C1C2CC1C=C2,0.7994287
NN(C=N)C1C2CC1C=C2,0.64171046
NN(C=O)C1C2CC1C=C2,1.0702106
ON(C=N)C1C2CC1C=C2,0.8143544
ON(C=O)C1C2CC1C=C2,1.0770969
CN(N=C)C1C2CC1C=C2,0.7237343
CN(C=N)C1C2NC1C=C2,0.66368276
CN(C=O)C1C2NC1C=C2,0.6750904
NN(C=N)C1C2NC1C=C2,0.7200501
NN(C=O)C1C2NC1C=C2,0.987913
ON(C=N)C1C2NC1C=C2,0.80821455
ON(C=O)C1C2NC1C=C2,1.0976475
CN(N=C)C1C2NC1C=C2,0.71878
CN(C=N)C1C2OC1C=C2,0.6612848
CN(C=O)C1C2OC1C=C2,0.88962835
NN(C=N)C1C2OC1C=C2,0.83068466
NN(C=O)C1C2OC1C=C2,1.1183552
ON(C=N)C1C2OC1C=C2,1.016812
ON(C=O)C1C2OC1C=C2,1.1361436
CN(N=C)C1C2OC1C=C2,0.7689855
CC(C=C)N1C2CC1C=C2,0.60580903
CC(C=O)N1C2CC1C=C2,0.8354437
CC(C#N)N1C2CC1C=C2,0.8577658
CN(C=N)N1C2CC1C=C2,0.4611367
CN(C=O)N1C2CC1C=C2,0.7510253
CC(C#C)C1C2CC1C=C2,0.83132267
NC(C#C)C1C2CC1C=C2,0.9557601
OC(C#C)C1C2CC1C=C2,1.0619129
CC(C#C)C1C2NC1C=C2,0.6749618
NC(C#C)C1C2NC1C=C2,0.6870556
OC(C#C)C1C2NC1C=C2,0.9063056
CC(C#C)C1C2OC1C=C2,0.67171824
NC(C#C)C1C2OC1C=C2,0.8635498
OC(C#C)C1C2OC1C=C2,1.215372
CC(C#C)N1C2CC1C=C2,0.6275433
CCC(=C)C1C2CC1C=C2,0.86934835
NCC(=C)C1C2CC1C=C2,0.76479805
OCC(=C)C1C2CC1C=C2,0.73956996
CCC(=O)C1C2CC1C=C2,1.1785588
OCC(=O)C1C2CC1C=C2,1.3241631
CNC(=N)C1C2CC1C=C2,0.7556618
NNC(=N)C1C2CC1C=C2,0.92628264
ONC(=N)C1C2CC1C=C2,1.0600508
CNC(=O)C1C2CC1C=C2,0.79502106
NNC(=O)C1C2CC1C=C2,1.031516
ONC(=O)C1C2CC1C=C2,1.1994184
COC(=C)C1C2CC1C=C2,0.7300863
COC(=O)C1C2CC1C=C2,1.04398
CCC(=C)C1C2NC1C=C2,0.7461911
NCC(=C)C1C2NC1C=C2,0.83122486
OCC(=C)C1C2NC1C=C2,0.8641618
CCC(=O)C1C2NC1C=C2,1.0430214
OCC(=O)C1C2NC1C=C2,1.0286051
CNC(=N)C1C2NC1C=C2,0.8509033
NNC(=N)C1C2NC1C=C2,0.7407718
ONC(=N)C1C2NC1C=C2,1.05031
CNC(=O)C1C2NC1C=C2,0.66329634
NNC(=O)C1C2NC1C=C2,0.970994
ONC(=O)C1C2NC1C=C2,1.2030529
COC(=C)C1C2NC1C=C2,0.64217556
COC(=O)C1C2NC1C=C2,0.8505618
CCC(=C)C1C2OC1C=C2,0.85121644
NCC(=C)C1C2OC1C=C2,0.8203967
OCC(=C)C1C2OC1C=C2,0.723939
CCC(=O)C1C2OC1C=C2,1.1097275
OCC(=O)C1C2OC1C=C2,1.4435164
CNC(=N)C1C2OC1C=C2,0.81102395
NNC(=N)C1C2OC1C=C2,0.9833361
ONC(=N)C1C2OC1C=C2,1.2024611
CNC(=O)C1C2OC1C=C2,0.8278024
NNC(=O)C1C2OC1C=C2,1.1566412
ONC(=O)C1C2OC1C=C2,1.4291524
COC(=C)C1C2OC1C=C2,0.7427091
COC(=O)C1C2OC1C=C2,1.0889546
CCC(=N)N1C2CC1C=C2,0.7151926
NCC(=N)N1C2CC1C=C2,0.60922766
OCC(=N)N1C2CC1C=C2,0.75554913
CCC(=O)N1C2CC1C=C2,0.7550821
NCC(=O)N1C2CC1C=C2,0.83810276
OCC(=O)N1C2CC1C=C2,1.0426004
CNC(=N)N1C2CC1C=C2,0.4940978
NNC(=N)N1C2CC1C=C2,0.66619325
ONC(=N)N1C2CC1C=C2,0.8578198
CNC(=O)N1C2CC1C=C2,0.60748434
NNC(=O)N1C2CC1C=C2,0.9587264
ONC(=O)N1C2CC1C=C2,0.979787
COC(=N)N1C2CC1C=C2,0.59886885
COC(=O)N1C2CC1C=C2,0.876237
C=CC(=C)C1C2CC1C=C2,0.9037006
C=C(C=O)C1C2CC1C=C2,1.3928281
C=C(C#N)C1C2CC1C=C2,1.3869249
C=CC(=O)C1C2CC1C=C2,1.5000919
O=CC(=O)C1C2CC1C=C2,1.3874727
O=C(C#N)C1C2CC1C=C2,1.5526179
C=CC(=C)C1C2NC1C=C2,0.86126405
C=C(C=O)C1C2NC1C=C2,1.0717969
C=C(C#N)C1C2NC1C=C2,1.3404232
C=CC(=O)C1C2NC1C=C2,1.0033813
O=CC(=O)C1C2NC1C=C2,1.52293
O=C(C#N)C1C2NC1C=C2,1.6399268
C=CC(=C)C1C2OC1C=C2,0.8445258
C=C(C=O)C1C2OC1C=C2,1.43235
C=C(C#N)C1C2OC1C=C2,1.7230133
C=CC(=O)C1C2OC1C=C2,1.5205854
O=CC(=O)C1C2OC1C=C2,1.8363547
O=C(C#N)C1C2OC1C=C2,2.0575197
C=CC(=N)N1C2CC1C=C2,0.80303204
N=C(C=O)N1C2CC1C=C2,1.02678
N=C(C#N)N1C2CC1C=C2,1.1618832
C=CC(=O)N1C2CC1C=C2,1.1406274
O=CC(=O)N1C2CC1C=C2,1.2951547
O=C(C#N)N1C2CC1C=C2,1.311783
C=C(C#C)C1C2CC1C=C2,1.2799976
O=C(C#C)C1C2CC1C=C2,1.2554191
C=C(C#C)C1C2NC1C=C2,0.9668575
O=C(C#C)C1C2NC1C=C2,1.1659892
C=C(C#C)C1C2OC1C=C2,1.3104508
O=C(C#C)C1C2OC1C=C2,1.4819027
N=C(C#C)N1C2CC1C=C2,0.70890546
O=C(C#C)N1C2CC1C=C2,0.8492539
CC=C(C)C1C2CC1C=C2,0.8311434
CC(=NN)C1C2CC1C=C2,0.62893623
CC(=NO)C1C2CC1C=C2,0.9229961
CC=C(C)C1C2NC1C=C2,0.7945143
CC(=NN)C1C2NC1C=C2,0.6893558
CC(=NO)C1C2NC1C=C2,0.7159611
CC=C(C)C1C2OC1C=C2,0.86035466
CC(=NN)C1C2OC1C=C2,0.74766415
CC(=NO)C1C2OC1C=C2,0.95576036
CN=C(C)N1C2CC1C=C2,0.53150165
CC(=NN)N1C2CC1C=C2,0.47601345
CC(=NO)N1C2CC1C=C2,0.71642774
CC1CCC1C2CC=CC2,0.5537563
NC1CCC1C2CC=CC2,0.59031975
OC1CCC1C2CC=CC2,0.6435287
CC1CCC1C2CC=CO2,0.4212896
NC1CCC1C2CC=CO2,0.42268732
OC1CCC1C2CC=CO2,0.5264309
CC1CCC1C2OC=CO2,0.46561214
NC1CCC1C2OC=CO2,0.707686
OC1CCC1C2OC=CO2,0.5473939
CC1NCC1C2CC=CC2,0.5571507
CC1NCC1C2CC=CO2,0.4330384
CC1NCC1C2OC=CO2,0.538686
CC1OCC1C2CC=CC2,0.69866234
CC1OCC1C2CC=CO2,0.54724795
CC1OCC1C2OC=CO2,0.50828207
CC1CNC1C2CC=CC2,0.49685082
NC1CNC1C2CC=CC2,0.6466469
OC1CNC1C2CC=CC2,0.46658665
CC1CNC1C2CC=CO2,0.47246885
NC1CNC1C2CC=CO2,0.5174408
OC1CNC1C2CC=CO2,0.43077016
CC1CNC1C2OC=CO2,0.7072713
NC1CNC1C2OC=CO2,0.5676148
OC1CNC1C2OC=CO2,0.61467236
CC1COC1C2CC=CC2,0.6974487
NC1COC1C2CC=CC2,0.5778318
OC1COC1C2CC=CC2,0.57325816
CC1COC1C2CC=CO2,0.51747084
NC1COC1C2CC=CO2,0.5220561
OC1COC1C2CC=CO2,0.5713601
CC1COC1C2OC=CO2,0.4709569
NC1COC1C2OC=CO2,0.6519115
OC1COC1C2OC=CO2,0.6156298
CC1CCC1N2CC=CC2,0.47625825
NC1CCC1N2CC=CC2,0.47314748
OC1CCC1N2CC=CC2,0.31019524
CC1NCC1N2CC=CC2,0.5384313
CC1OCC1N2CC=CC2,0.4831116
CN1CCC1C2CC=CC2,0.50241536
CN1CCC1C2CC=CO2,0.3064806
CN1CCC1C2OC=CO2,0.56098044
CC1CCN1C2CC=CC2,0.42321745
O=C1CCC1C2CC=CC2,0.5572734
O=C1CCC1C2CC=CO2,0.5029269
O=C1CCC1C2OC=CO2,0.6160678
O=C1NCC1C2CC=CC2,0.8344332
O=C1NCC1C2CC=CO2,0.7696456
O=C1NCC1C2OC=CO2,0.7450616
O=C1OCC1C2CC=CC2,0.8599105
O=C1OCC1C2CC=CO2,0.85433996
O=C1OCC1C2OC=CO2,0.58501554
O=C1CNC1C2CC=CC2,0.7771174
O=C1CNC1C2CC=CO2,0.5912986
O=C1CNC1C2OC=CO2,0.65957403
O=C1COC1C2CC=CC2,0.8337543
O=C1COC1C2CC=CO2,0.9890528
O=C1COC1C2OC=CO2,0.8025089
O=C1CCC1N2CC=CC2,0.5272613
O=C1NCC1N2CC=CC2,0.6289923
O=C1OCC1N2CC=CC2,0.7216768
O=C1CCN1C2CC=CC2,0.47747418
O=C1CCN1N2CC=CC2,0.5006332
CC1CCC1C2CCC=C2,0.6566987
NC1CCC1C2CCC=C2,0.60116506
OC1CCC1C2CCC=C2,0.68847185
CC1CCC1C2COC=C2,0.4712669
NC1CCC1C2COC=C2,0.44301805
OC1CCC1C2COC=C2,0.6706294
CC1CCC1C2NCC=C2,0.57226217
NC1CCC1C2NCC=C2,0.46497843
OC1CCC1C2NCC=C2,0.43000317
CC1CCC1C2OCC=C2,0.7087027
NC1CCC1C2OCC=C2,0.76517797
OC1CCC1C2OCC=C2,0.7613893
CC1NCC1C2CCC=C2,0.52454215
CC1NCC1C2COC=C2,0.47866395
CC1NCC1C2NCC=C2,0.4995329
CC1NCC1C2OCC=C2,0.8063369
CC1OCC1C2CCC=C2,0.6977855
CC1OCC1C2COC=C2,0.61350197
CC1OCC1C2NCC=C2,0.53520334
CC1OCC1C2OCC=C2,0.8838927
CC1CNC1C2CCC=C2,0.5045444
NC1CNC1C2CCC=C2,0.598855
OC1CNC1C2CCC=C2,0.52877
CC1CNC1C2COC=C2,0.5300856
NC1CNC1C2COC=C2,0.6825285
OC1CNC1C2COC=C2,0.6439314
CC1CNC1C2NCC=C2,0.5045965
NC1CNC1C2NCC=C2,0.5005514
OC1CNC1C2NCC=C2,0.48153278
CC1CNC1C2OCC=C2,0.73661196
NC1CNC1C2OCC=C2,0.91281974
OC1CNC1C2OCC=C2,0.8865427
CC1COC1C2CCC=C2,0.69741577
NC1COC1C2CCC=C2,0.59497523
OC1COC1C2CCC=C2,0.6535565
CC1COC1C2COC=C2,0.58618563
NC1COC1C2COC=C2,0.61304766
OC1COC1C2COC=C2,0.7068323
CC1COC1C2NCC=C2,0.4775304
NC1COC1C2NCC=C2,0.6256672
OC1COC1C2NCC=C2,0.6736341
CC1COC1C2OCC=C2,0.8648669
NC1COC1C2OCC=C2,0.94618213
OC1COC1C2OCC=C2,0.77988875
CN1CCC1C2CCC=C2,0.53976214
CN1CCC1C2COC=C2,0.38444135
CN1CCC1C2NCC=C2,0.4179715
CN1CCC1C2OCC=C2,0.62884915
CC1CCN1C2CCC=C2,0.5516575
CC1CCN1C2COC=C2,0.46841353
O=C1CCC1C2CCC=C2,0.56934977
O=C1CCC1C2COC=C2,0.5449571
O=C1CCC1C2NCC=C2,0.49188063
O=C1CCC1C2OCC=C2,0.7322842
O=C1NCC1C2CCC=C2,0.91079974
O=C1NCC1C2COC=C2,0.7592102
O=C1NCC1C2NCC=C2,0.8403108
O=C1NCC1C2OCC=C2,0.9231763
O=C1OCC1C2CCC=C2,0.9889492
O=C1OCC1C2COC=C2,0.905179
O=C1OCC1C2NCC=C2,0.81368923
O=C1OCC1C2OCC=C2,1.2606841
O=C1CNC1C2CCC=C2,0.86151123
O=C1CNC1C2COC=C2,0.82777166
O=C1CNC1C2NCC=C2,0.819276
O=C1CNC1C2OCC=C2,0.90723187
O=C1COC1C2CCC=C2,0.942941
O=C1COC1C2COC=C2,1.0308293
O=C1COC1C2NCC=C2,0.88827646
O=C1COC1C2OCC=C2,1.3041017
O=C1CCN1C2CCC=C2,0.58812666
O=C1CCN1C2COC=C2,0.61151034
CC1CCC1C2C=CC=C2,0.889289
NC1CCC1C2C=CC=C2,0.8149145
OC1CCC1C2C=CC=C2,0.72850823
CC1NCC1C2C=CC=C2,0.78522635
CC1OCC1C2C=CC=C2,0.9028695
CC1CNC1C2C=CC=C2,0.77280116
NC1CNC1C2C=CC=C2,0.8194201
OC1CNC1C2C=CC=C2,0.8342608
CC1COC1C2C=CC=C2,0.9863883
NC1COC1C2C=CC=C2,0.9746746
OC1COC1C2C=CC=C2,0.9402226
CN1CCC1C2C=CC=C2,0.6879135
CC1CCN1C2C=CC=C2,0.7422865
O=C1CCC1C2C=CC=C2,0.8059411
O=C1NCC1C2C=CC=C2,1.0235045
O=C1OCC1C2C=CC=C2,1.0698177
O=C1CNC1C2C=CC=C2,0.9957923
O=C1COC1C2C=CC=C2,1.176937
O=C1CCN1C2C=CC=C2,0.8833592
CC1CCC1C2=CCCC2,0.52320665
NC1CCC1C2=CCCC2,0.47049573
OC1CCC1C2=CCCC2,0.672685
CC1CCC1C2=COCC2,0.5072566
NC1CCC1C2=COCC2,0.6849022
OC1CCC1C2=COCC2,0.5482074
CC1CCC1C2=CCNC2,0.47116786
NC1CCC1C2=CCNC2,0.4702527
OC1CCC1C2=CCNC2,0.49720693
CC1CCC1C2=CCOC2,0.7391417
NC1CCC1C2=CCOC2,0.5616541
OC1CCC1C2=CCOC2,0.6489477
CC1CCC1C2=CCCO2,0.40116522
NC1CCC1C2=CCCO2,0.38613078
OC1CCC1C2=CCCO2,0.5355823
CC1CCC1C2=COCO2,0.5829318
NC1CCC1C2=COCO2,0.394126
OC1CCC1C2=COCO2,0.45707247
CC1NCC1C2=CCCC2,0.43921742
CC1NCC1C2=COCC2,0.6407675
CC1NCC1C2=CCNC2,0.5391979
CC1NCC1C2=CCOC2,0.6154774
CC1NCC1C2=CCCO2,0.38862222
CC1NCC1C2=COCO2,0.38147694
CC1OCC1C2=CCCC2,0.6543934
CC1OCC1C2=COCC2,0.6031191
CC1OCC1C2=CCNC2,0.6304841
CC1OCC1C2=CCOC2,0.74812204
CC1OCC1C2=CCCO2,0.51672035
CC1OCC1C2=COCO2,0.4451629
CC1CNC1C2=CCCC2,0.3560753
NC1CNC1C2=CCCC2,0.5181009
OC1CNC1C2=CCCC2,0.5188669
CC1CNC1C2=COCC2,0.5847004
NC1CNC1C2=COCC2,0.61309904
OC1CNC1C2=COCC2,0.5524988
CC1CNC1C2=CCNC2,0.36728987
NC1CNC1C2=CCNC2,0.4668333
OC1CNC1C2=CCNC2,0.50696474
CC1CNC1C2=CCOC2,0.4490851
NC1CNC1C2=CCOC2,0.60506696
OC1CNC1C2=CCOC2,0.6344526
CC1CNC1C2=CCCO2,0.35565925
NC1CNC1C2=CCCO2,0.5941768
OC1CNC1C2=CCCO2,0.47642344
CC1CNC1C2=COCO2,0.3586223
NC1CNC1C2=COCO2,0.4243671
OC1CNC1C2=COCO2,0.4750981
CC1COC1C2=CCCC2,0.62152505
NC1COC1C2=CCCC2,0.61405677
OC1COC1C2=CCCC2,0.7647182
CC1COC1C2=COCC2,0.56375885
NC1COC1C2=COCC2,0.58295804
OC1COC1C2=COCC2,0.82391703
CC1COC1C2=CCNC2,0.54037625
NC1COC1C2=CCNC2,0.6048308
OC1COC1C2=CCNC2,0.67791545
CC1COC1C2=CCOC2,0.73859686
NC1COC1C2=CCOC2,0.81472325
OC1COC1C2=CCOC2,0.9146855
CC1COC1C2=CCCO2,0.61329395
NC1COC1C2=CCCO2,0.57920855
OC1COC1C2=CCCO2,0.7008329
CC1COC1C2=COCO2,0.20113932
NC1COC1C2=COCO2,0.41392478
OC1COC1C2=COCO2,0.577953
CN1CCC1C2=CCCC2,0.34788492
CN1CCC1C2=COCC2,0.5469162
CN1CCC1C2=CCNC2,0.39698327
CN1CCC1C2=CCOC2,0.40828824
CN1CCC1C2=CCCO2,0.24757841
CN1CCC1C2=COCO2,0.30645606
O=C1CCC1C2=CCCC2,0.86185807
O=C1CCC1C2=COCC2,0.8118046
O=C1CCC1C2=CCNC2,0.72222674
O=C1CCC1C2=CCOC2,0.7637116
O=C1CCC1C2=CCCO2,0.49944767
O=C1CCC1C2=COCO2,0.6361006
O=C1NCC1C2=CCCC2,0.87374765
O=C1NCC1C2=COCC2,0.8323704
O=C1NCC1C2=CCNC2,0.7899558
O=C1NCC1C2=CCOC2,1.019491
O=C1NCC1C2=CCCO2,0.7299633
O=C1NCC1C2=COCO2,0.82019174
O=C1OCC1C2=CCCC2,1.050692
O=C1OCC1C2=COCC2,0.95998883
O=C1OCC1C2=CCNC2,0.8741759
O=C1OCC1C2=CCOC2,1.0195906
O=C1OCC1C2=CCCO2,0.8812989
O=C1OCC1C2=COCO2,0.4780235
O=C1CNC1C2=CCCC2,0.71311253
O=C1CNC1C2=COCC2,0.7678788
O=C1CNC1C2=CCNC2,0.6365994
O=C1CNC1C2=CCOC2,0.7011677
O=C1CNC1C2=CCCO2,0.5235254
O=C1CNC1C2=COCO2,0.6990029
O=C1COC1C2=CCCC2,0.9591348
O=C1COC1C2=COCC2,1.1367997
O=C1COC1C2=CCNC2,0.8399246
O=C1COC1C2=CCOC2,1.1086051
O=C1COC1C2=CCCO2,0.9044857
O=C1COC1C2=COCO2,0.5877342
O=C1CCN1C2=CCCC2,0.44335046
O=C1CCN1C2=COCC2,0.6057353
O=C1CCN1C2=CCNC2,0.40549016
O=C1CCN1C2=CCOC2,0.3922581
O=C1CCN1C2=CCCO2,0.35502368
O=C1CCN1C2=COCO2,0.4459351
CC1CCC1C2=CC=CC2,0.7960169
NC1CCC1C2=CC=CC2,0.76584256
OC1CCC1C2=CC=CC2,0.7261257
CC1NCC1C2=CC=CC2,0.7175193
CC1OCC1C2=CC=CC2,0.87561995
CC1CNC1C2=CC=CC2,0.62716466
NC1CNC1C2=CC=CC2,0.74784243
OC1CNC1C2=CC=CC2,0.6773726
CC1COC1C2=CC=CC2,0.7814672
NC1COC1C2=CC=CC2,0.909042
OC1COC1C2=CC=CC2,0.9350406
CN1CCC1C2=CC=CC2,0.6585307
O=C1CCC1C2=CC=CC2,0.8776003
O=C1NCC1C2=CC=CC2,0.8198882
O=C1OCC1C2=CC=CC2,1.0934634
O=C1CNC1C2=CC=CC2,0.724071
O=C1COC1C2=CC=CC2,1.0978531
O=C1CCN1C2=CC=CC2,0.41459098
CC1CCC1C2=CCC=C2,0.8709835
NC1CCC1C2=CCC=C2,0.8165248
OC1CCC1C2=CCC=C2,0.78952616
CC1NCC1C2=CCC=C2,0.73869294
CC1OCC1C2=CCC=C2,0.88050234
CC1CNC1C2=CCC=C2,0.65343434
NC1CNC1C2=CCC=C2,0.7052424
OC1CNC1C2=CCC=C2,0.82777756
CC1COC1C2=CCC=C2,0.9039818
NC1COC1C2=CCC=C2,0.93976915
OC1COC1C2=CCC=C2,1.002413
CN1CCC1C2=CCC=C2,0.71408284
CC1CCN1C2=NCC=C2,0.9143999
O=C1CCC1C2=CCC=C2,0.9398129
O=C1NCC1C2=CCC=C2,1.0064
O=C1OCC1C2=CCC=C2,1.0125847
O=C1CNC1C2=CCC=C2,0.79381245
O=C1COC1C2=CCC=C2,0.9576907
O=C1CCN1C2=CCC=C2,0.79627395
O=C1CCN1C2=NCC=C2,1.2059411
C=CCCC1C2CCC1C2,0.61389446
C=COCC1C2CCC1C2,0.40211326
C=CCNC1C2CCC1C2,0.5291034
C=CCOC1C2CCC1C2,0.51812136
C=CCCC1C2CNC1C2,0.41696727
C=COCC1C2CNC1C2,0.3931237
C=CCNC1C2CNC1C2,0.51385945
C=CCOC1C2CNC1C2,0.50809336
C=CCCC1C2COC1C2,0.6848516
C=COCC1C2COC1C2,0.8061153
C=CCNC1C2COC1C2,0.62215453
C=CCOC1C2COC1C2,0.8849538
C=CCCC1C2CCC1N2,0.66778636
C=COCC1C2CCC1N2,0.47904876
C=CCNC1C2CCC1N2,0.73054665
C=CCOC1C2CCC1N2,0.54246086
C=CCCC1C2CCC1O2,0.66871154
C=COCC1C2CCC1O2,0.6593758
C=CCNC1C2CCC1O2,0.7116158
C=CCOC1C2CCC1O2,0.82232565
C=CCCN1C2CCC1C2,0.47267884
C=CCCC1C2CCN1C2,0.42773554
C=COCC1C2CCN1C2,0.3127639
CC=CCC1C2CCC1C2,0.5511231
CC=COC1C2CCC1C2,0.49336192
CC=CCC1C2CNC1C2,0.38947603
CC=COC1C2CNC1C2,0.46902862
CC=CCC1C2COC1C2,0.6518237
CC=COC1C2COC1C2,0.8756994
CC=CCC1C2CCC1N2,0.5086129
CC=COC1C2CCC1N2,0.4641468
CC=CCC1C2CCC1O2,0.6223457
CC=COC1C2CCC1O2,0.78852534
CC=CCN1C2CCC1C2,0.46430907
CC=CCC1C2CCN1C2,0.39234647
CCC=CC1C2CCC1C2,0.6045665
NCC=CC1C2CCC1C2,0.49779654
OCC=CC1C2CCC1C2,0.652528
COC=CC1C2CCC1C2,0.43715703
CCC=CC1C2CNC1C2,0.53505933
NCC=CC1C2CNC1C2,0.45924622
OCC=CC1C2CNC1C2,0.4780714
COC=CC1C2CNC1C2,0.37400094
CCC=CC1C2COC1C2,0.7845377
NCC=CC1C2COC1C2,0.87033594
OCC=CC1C2COC1C2,0.96976185
COC=CC1C2COC1C2,0.78293216
CCC=CC1C2CCC1N2,0.6031506
NCC=CC1C2CCC1N2,0.7422398
OCC=CC1C2CCC1N2,0.6309311
COC=CC1C2CCC1N2,0.5233353
CCC=CC1C2CCC1O2,0.70268464
NCC=CC1C2CCC1O2,0.8101014
OCC=CC1C2CCC1O2,0.8237654
COC=CC1C2CCC1O2,0.65246683
CCC=CC1C2CCN1C2,0.37237993
NCC=CC1C2CCN1C2,0.37005594
OCC=CC1C2CCN1C2,0.333407
COC=CC1C2CCN1C2,0.23344642
C=CC=CC1C2CCC1C2,0.8670653
O=CC=CC1C2CCC1C2,1.0378388
N#CC=CC1C2CCC1C2,1.4746592
C=CC=CC1C2CNC1C2,0.6014289
O=CC=CC1C2CNC1C2,0.96064115
N#CC=CC1C2CNC1C2,1.3018802
C=CC=CC1C2COC1C2,1.0627939
O=CC=CC1C2COC1C2,1.1291394
N#CC=CC1C2COC1C2,1.6173177
C=CC=CC1C2CCC1N2,0.7869283
O=CC=CC1C2CCC1N2,1.0304073
N#CC=CC1C2CCC1N2,1.5437664
C=CC=CC1C2CCC1O2,1.0068548
O=CC=CC1C2CCC1O2,1.2113407
N#CC=CC1C2CCC1O2,1.849233
O=CC=CN1C2CCC1C2,0.5985106
N#CC=CN1C2CCC1C2,0.7300085
C=CC=NN1C2CCC1C2,0.907141
C=CC=CC1C2CCN1C2,0.458811
O=CC=CC1C2CCN1C2,0.9067109
N#CC=CC1C2CCN1C2,1.1961195
C#CC=CC1C2CCC1C2,1.0598512
C#CC=CC1C2CNC1C2,0.9051157
C#CC=CC1C2COC1C2,1.2387477
C#CC=CC1C2CCC1N2,1.1530342
C#CC=CC1C2CCC1O2,1.3987008
C#CC=CC1C2CCN1C2,0.99372435
C=CC#CC1C2CCC1C2,1.173206
C=CC#CC1C2CNC1C2,1.0770365
C=CC#CC1C2COC1C2,1.3043953
C=CC#CC1C2CCC1N2,1.2953228
C=CC#CC1C2CCC1O2,1.4925628
C=CC#CC1C2CCN1C2,0.97963494
CCCCC1C2CC1C=C2,0.70412415
NCCCC1C2CC1C=C2,0.6310175
OCCCC1C2CC1C=C2,0.743435
CNCCC1C2CC1C=C2,0.6270575
COCCC1C2CC1C=C2,0.8217516
CCNCC1C2CC1C=C2,0.64405185
CCOCC1C2CC1C=C2,0.83246696
CCCNC1C2CC1C=C2,0.6132996
NCCNC1C2CC1C=C2,0.773472
OCCNC1C2CC1C=C2,0.7642019
CCCOC1C2CC1C=C2,0.7831316
NCCOC1C2CC1C=C2,0.79190725
OCCOC1C2CC1C=C2,0.79859126
COCOC1C2CC1C=C2,0.7837001
CCCCC1C2NC1C=C2,0.7946421
NCCCC1C2NC1C=C2,0.6283355
OCCCC1C2NC1C=C2,0.69392174
CNCCC1C2NC1C=C2,0.65043044
COCCC1C2NC1C=C2,0.8039287
CCNCC1C2NC1C=C2,0.6792069
CCOCC1C2NC1C=C2,0.7295057
CCCNC1C2NC1C=C2,0.72630215
NCCNC1C2NC1C=C2,0.734871
OCCNC1C2NC1C=C2,0.8140663
CCCOC1C2NC1C=C2,0.869748
NCCOC1C2NC1C=C2,0.86907846
OCCOC1C2NC1C=C2,0.80667186
COCOC1C2NC1C=C2,0.7632481
CCCCC1C2OC1C=C2,0.745828
NCCCC1C2OC1C=C2,0.6793592
OCCCC1C2OC1C=C2,0.80792093
CNCCC1C2OC1C=C2,0.71512645
COCCC1C2OC1C=C2,0.8823285
CCNCC1C2OC1C=C2,0.6619803
CCOCC1C2OC1C=C2,0.824012
CCCNC1C2OC1C=C2,0.6426448
NCCNC1C2OC1C=C2,0.5449543
OCCNC1C2OC1C=C2,0.84337926
CCCOC1C2OC1C=C2,0.8658568
NCCOC1C2OC1C=C2,0.8852683
OCCOC1C2OC1C=C2,0.8983414
COCOC1C2OC1C=C2,0.8618256
CCCCN1C2CC1C=C2,0.77750885
NCCCN1C2CC1C=C2,0.6322381
OCCCN1C2CC1C=C2,0.7253965
CNCCN1C2CC1C=C2,0.7004763
COCCN1C2CC1C=C2,0.79417586
C=CCCC1C2CC1C=C2,0.951772
O=CCCC1C2CC1C=C2,0.62455326
N#CCCC1C2CC1C=C2,0.7155632
N=CNCC1C2CC1C=C2,0.560813
O=CNCC1C2CC1C=C2,0.62426794
C=NNCC1C2CC1C=C2,0.73311883
C=COCC1C2CC1C=C2,0.82844853
O=COCC1C2CC1C=C2,0.96067363
C=NOCC1C2CC1C=C2,0.87546146
C=CCNC1C2CC1C=C2,0.7495961
O=CCNC1C2CC1C=C2,0.79581857
N#CCNC1C2CC1C=C2,0.9961995
N=CNNC1C2CC1C=C2,0.70595485
O=CNNC1C2CC1C=C2,0.9522245
C=CCOC1C2CC1C=C2,0.9033363
O=CCOC1C2CC1C=C2,0.92654425
N#CCOC1C2CC1C=C2,1.0708573
N=CNOC1C2CC1C=C2,0.9359509
O=CNOC1C2CC1C=C2,1.0110494
C=CCCC1C2NC1C=C2,0.75335634
O=CCCC1C2NC1C=C2,0.68574804
N#CCCC1C2NC1C=C2,0.63941914
N=CNCC1C2NC1C=C2,0.65084577
O=CNCC1C2NC1C=C2,0.66677105
C=NNCC1C2NC1C=C2,0.7403643
C=COCC1C2NC1C=C2,0.71926206
O=COCC1C2NC1C=C2,0.8710208
C=NOCC1C2NC1C=C2,0.7654714
C=CCNC1C2NC1C=C2,0.7963163
O=CCNC1C2NC1C=C2,0.77947056
N#CCNC1C2NC1C=C2,0.9929832
N=CNNC1C2NC1C=C2,0.7396203
O=CNNC1C2NC1C=C2,0.954404
C=CCOC1C2NC1C=C2,0.85828495
O=CCOC1C2NC1C=C2,0.9158155
N#CCOC1C2NC1C=C2,1.0739014
N=CNOC1C2NC1C=C2,0.9921648
O=CNOC1C2NC1C=C2,1.089868
C=CCCC1C2OC1C=C2,0.81277364
O=CCCC1C2OC1C=C2,0.74891555
N#CCCC1C2OC1C=C2,0.85503125
N=CNCC1C2OC1C=C2,0.7004894
O=CNCC1C2OC1C=C2,0.9134648
C=NNCC1C2OC1C=C2,0.82239413
C=COCC1C2OC1C=C2,0.70263827
O=COCC1C2OC1C=C2,1.1007258
C=NOCC1C2OC1C=C2,1.0487748
C=CCNC1C2OC1C=C2,0.7650844
O=CCNC1C2OC1C=C2,0.9693587
N#CCNC1C2OC1C=C2,1.1276762
N=CNNC1C2OC1C=C2,0.91823375
O=CNNC1C2OC1C=C2,1.2083906
C=CCOC1C2OC1C=C2,0.92182684
O=CCOC1C2OC1C=C2,1.3407124
N#CCOC1C2OC1C=C2,1.3673642
N=CNOC1C2OC1C=C2,1.1292148
O=CNOC1C2OC1C=C2,1.4699004
C=CCCN1C2CC1C=C2,0.807006
O=CCCN1C2CC1C=C2,0.7242271
N#CCCN1C2CC1C=C2,0.83199716
C#CCCC1C2CC1C=C2,0.79766965
C#CCNC1C2CC1C=C2,0.85431343
C#CCOC1C2CC1C=C2,1.059777
C#CCCC1C2NC1C=C2,0.7575419
C#CCNC1C2NC1C=C2,0.8003279
C#CCOC1C2NC1C=C2,0.9286355
C#CCCC1C2OC1C=C2,0.73880124
C#CCNC1C2OC1C=C2,0.9177076
C#CCOC1C2OC1C=C2,1.1677175
C#CCCN1C2CC1C=C2,0.6775573
CC=CCC1C2CC1C=C2,0.91537476
NN=CCC1C2CC1C=C2,0.8838005
ON=CCC1C2CC1C=C2,0.79899186
CN=CNC1C2CC1C=C2,0.67760944
NN=CNC1C2CC1C=C2,0.8926556
ON=CNC1C2CC1C=C2,0.96376824
CC=NNC1C2CC1C=C2,0.71099854
CC=COC1C2CC1C=C2,0.78659093
NN=COC1C2CC1C=C2,1.0587308
ON=COC1C2CC1C=C2,1.0645148
CC=NOC1C2CC1C=C2,0.89537597
CC=CCC1C2NC1C=C2,0.7061727
NN=CCC1C2NC1C=C2,0.8504523
ON=CCC1C2NC1C=C2,0.7664777
CN=CNC1C2NC1C=C2,0.75277203
NN=CNC1C2NC1C=C2,0.8263247
ON=CNC1C2NC1C=C2,1.0065945
CC=NNC1C2NC1C=C2,0.78185505
CC=COC1C2NC1C=C2,0.7702925
NN=COC1C2NC1C=C2,0.94449264
ON=COC1C2NC1C=C2,1.0001302
CC=NOC1C2NC1C=C2,0.8786181
CC=CCC1C2OC1C=C2,0.8237076
NN=CCC1C2OC1C=C2,0.79348695
ON=CCC1C2OC1C=C2,0.96156824
CN=CNC1C2OC1C=C2,0.7847028
NNC=NC1C2OC1C=C2,1.0695268
ON=CNC1C2OC1C=C2,1.100045
CC=NNC1C2OC1C=C2,0.7839537
CC=COC1C2OC1C=C2,0.7765493
NN=COC1C2OC1C=C2,1.2859222
ON=COC1C2OC1C=C2,1.1914737
CC=NOC1C2OC1C=C2,0.9089293
CC=CCN1C2CC1C=C2,0.7534992
NN=CCN1C2CC1C=C2,0.8820254
ON=CCN1C2CC1C=C2,0.94649625
CN=CNN1C2CC1C=C2,0.69780946
NN=CNN1C2CC1C=C2,0.9885176
ON=CNN1C2CC1C=C2,0.94207454
CC#CCC1C2CC1C=C2,0.7808034
CC#CCC1C2NC1C=C2,0.63050574
CC#CCC1C2OC1C=C2,0.6692538
CC#CCN1C2CC1C=C2,0.7042771
CCC=CC1C2CC1C=C2,0.8997094
NCC=CC1C2CC1C=C2,0.8764812
OCC=CC1C2CC1C=C2,0.98248434
COC=CC1C2CC1C=C2,0.7146524
CNN=CC1C2CC1C=C2,0.80721503
CON=CC1C2CC1C=C2,0.86079067
CCC=CC1C2NC1C=C2,0.8148272
NCC=CC1C2NC1C=C2,0.7708855
OCC=CC1C2NC1C=C2,0.80042756
COC=CC1C2NC1C=C2,0.668175
CNN=CC1C2NC1C=C2,0.76738536
CON=CC1C2NC1C=C2,0.76797354
CCC=CC1C2OC1C=C2,0.7926797
NCC=CC1C2OC1C=C2,0.82792425
OCC=CC1C2OC1C=C2,0.8234366
COC=CC1C2OC1C=C2,0.7350457
CNN=CC1C2OC1C=C2,0.7514283
CON=CC1C2OC1C=C2,0.96733975
CCN=CN1C2CC1C=C2,0.6781869
CNN=CN1C2CC1C=C2,0.44136146
CON=CN1C2CC1C=C2,0.6745045
CCC=NN1C2CC1C=C2,0.88554144
NCC=NN1C2CC1C=C2,0.89124185
OCC=NN1C2CC1C=C2,0.8999849
COC=NN1C2CC1C=C2,0.816808
C=CC=CC1C2CC1C=C2,1.0356258
O=CC=CC1C2CC1C=C2,1.3086553
N#CC=CC1C2CC1C=C2,1.2159061
C=NN=CC1C2CC1C=C2,1.2234956
C=CC=CC1C2NC1C=C2,0.84612954
O=CC=CC1C2NC1C=C2,1.0449138
N#CC=CC1C2NC1C=C2,1.1065642
C=NN=CC1C2NC1C=C2,1.1618724
C=CC=CC1C2OC1C=C2,0.84290946
O=CC=CC1C2OC1C=C2,1.3478786
N#CC=CC1C2OC1C=C2,1.5108975
C=NN=CC1C2OC1C=C2,1.3233725
O=CC=CN1C2CC1C=C2,0.91899765
N#CC=CN1C2CC1C=C2,0.9119575
N=CN=CN1C2CC1C=C2,0.9795877
O=CN=CN1C2CC1C=C2,0.90531015
C=NN=CN1C2CC1C=C2,0.9818599
C=CC=NN1C2CC1C=C2,0.9810735
O=CC=NN1C2CC1C=C2,1.2202103
N#CC=NN1C2CC1C=C2,1.4891742
C#CC=CC1C2CC1C=C2,1.3793688
C#CC=CC1C2NC1C=C2,1.132092
C#CC=CC1C2OC1C=C2,1.2750171
C#CC=NN1C2CC1C=C2,1.2519003
CCC#CC1C2CC1C=C2,1.1063929
NCC#CC1C2CC1C=C2,1.0689886
OCC#CC1C2CC1C=C2,1.400294
CCC#CC1C2NC1C=C2,0.9448166
NCC#CC1C2NC1C=C2,0.89805186
OCC#CC1C2NC1C=C2,0.9967449
CCC#CC1C2OC1C=C2,1.0535469
NCC#CC1C2OC1C=C2,0.9888428
OCC#CC1C2OC1C=C2,1.3727168
C=CC#CC1C2CC1C=C2,1.4316714
O=CC#CC1C2CC1C=C2,1.3705436
N#CC#CC1C2CC1C=C2,1.5385499
C=CC#CC1C2NC1C=C2,1.1531006
O=CC#CC1C2NC1C=C2,1.2471362
N#CC#CC1C2NC1C=C2,1.4764565
C=CC#CC1C2OC1C=C2,1.4597665
O=CC#CC1C2OC1C=C2,1.4658564
N#CC#CC1C2OC1C=C2,1.8264118
C#CC#CC1C2CC1C=C2,1.4319849
C#CC#CC1C2NC1C=C2,1.3074325
C#CC#CC1C2OC1C=C2,1.5091509
CC(C=C)C1C2CCCC12,0.73167044
NC(C=C)C1C2CCCC12,0.7049417
OC(C=C)C1C2CCCC12,0.59611857
CC(C=C)C1C2CNCC12,0.5259596
NC(C=C)C1C2CNCC12,0.33858806
OC(C=C)C1C2CNCC12,0.3411736
CC(C=C)C1C2COCC12,0.57836664
NC(C=C)C1C2COCC12,0.5985941
OC(C=C)C1C2COCC12,0.5005891
CC(C=C)C1C2CCNC12,0.5258401
NC(C=C)C1C2CCNC12,0.45461103
OC(C=C)C1C2CCNC12,0.42199546
CC(C=C)C1C2CCOC12,0.63873094
NC(C=C)C1C2CCOC12,0.545869
OC(C=C)C1C2CCOC12,0.44914943
CC(C=C)C1C2OCOC12,0.7498425
NC(C=C)C1C2OCOC12,0.8715226
OC(C=C)C1C2OCOC12,0.5975099
CC(C=C)N1C2CCCC12,0.51003563
CC(C=C)N1C2CNCC12,0.40278104
CC(C=C)N1C2COCC12,0.5465848
CC(C=C)C1C2CCCN12,0.65406513
NC(C=C)C1C2CCCN12,0.7054293
OC(C=C)C1C2CCCN12,0.5323083
CCC(=C)C1C2CCCC12,0.77811354
NCC(=C)C1C2CCCC12,0.736661
OCC(=C)C1C2CCCC12,0.70676494
COC(=C)C1C2CCCC12,0.56536496
CCC(=C)C1C2CNCC12,0.55136263
NCC(=C)C1C2CNCC12,0.4655875
OCC(=C)C1C2CNCC12,0.44226617
COC(=C)C1C2CNCC12,0.43690878
CCC(=C)C1C2COCC12,0.70781285
NCC(=C)C1C2COCC12,0.68014926
OCC(=C)C1C2COCC12,0.60805166
COC(=C)C1C2COCC12,0.6492734
CCC(=C)C1C2CCNC12,0.5594584
NCC(=C)C1C2CCNC12,0.47213107
OCC(=C)C1C2CCNC12,0.5055396
COC(=C)C1C2CCNC12,0.45475063
CCC(=C)C1C2CCOC12,0.69588107
NCC(=C)C1C2CCOC12,0.5620578
OCC(=C)C1C2CCOC12,0.5623855
COC(=C)C1C2CCOC12,0.6078318
CCC(=C)C1C2OCOC12,0.71180207
NCC(=C)C1C2OCOC12,1.0169697
OCC(=C)C1C2OCOC12,0.812021
COC(=C)C1C2OCOC12,0.759123
CCC(=C)C1C2CCCN12,0.6494719
NCC(=C)C1C2CCCN12,0.5978508
OCC(=C)C1C2CCCN12,0.6230986
COC(=C)C1C2CCCN12,0.53941435
C=CC(=C)C1C2CCCC12,0.9143004
C=C(C=O)C1C2CCCC12,1.4851029
C=C(C#N)C1C2CCCC12,1.5505863
C=CC(=O)C1C2CCCC12,1.5766048
C=CC(=C)C1C2CNCC12,0.6052195
C=C(C=O)C1C2CNCC12,1.3535992
C=C(C#N)C1C2CNCC12,1.3089017
C=CC(=O)C1C2CNCC12,1.4438058
C=CC(=C)C1C2COCC12,0.81278455
C=C(C=O)C1C2COCC12,1.5103558
C=C(C#N)C1C2COCC12,1.4297312
C=CC(=O)C1C2COCC12,1.699797
C=CC(=C)C1C2CCNC12,0.6891357
C=C(C=O)C1C2CCNC12,1.1775967
C=C(C#N)C1C2CCNC12,1.3142539
C=CC(=O)C1C2CCNC12,1.2914898
C=CC(=C)C1C2CCOC12,0.8223727
C=C(C=O)C1C2CCOC12,1.4908699
C=C(C#N)C1C2CCOC12,1.6586772
C=CC(=O)C1C2CCOC12,1.6630423
C=CC(=C)C1C2OCOC12,1.0691504
C=C(C=O)C1C2OCOC12,1.6017162
C=C(C#N)C1C2OCOC12,1.7700135
C=CC(=O)C1C2OCOC12,1.6835558
C=CC(=N)N1C2CCCC12,0.6973074
C=CC(=O)N1C2CCCC12,1.1329507
C=CC(=N)N1C2CNCC12,0.48746908
C=CC(=O)N1C2CNCC12,1.0617434
C=CC(=N)N1C2COCC12,0.785746
C=CC(=O)N1C2COCC12,1.4081584
C=CC(=C)C1C2CCCN12,0.7975964
C=C(C=O)C1C2CCCN12,1.4469496
C=C(C#N)C1C2CCCN12,1.7345061
C=CC(=O)C1C2CCCN12,1.5013721
C=C(C#C)C1C2CCCC12,1.0593609
C=C(C#C)C1C2CNCC12,0.9241175
C=C(C#C)C1C2COCC12,1.080078
C=C(C#C)C1C2CCNC12,0.8216294
C=C(C#C)C1C2CCOC12,0.95553154
C=C(C#C)C1C2OCOC12,1.1743609
C=C(C#C)C1C2CCCN12,1.0903763
CC=C(C)C1C2CCCC12,0.7213221
CC=C(C)C1C2CNCC12,0.44411957
CC=C(C)C1C2COCC12,0.58893543
CC=C(C)C1C2CCNC12,0.51993895
CC=C(C)C1C2CCOC12,0.6607776
CC=C(C)C1C2OCOC12,0.7438841
CC=C(C)C1C2CCCN12,0.610718
CCC(C)C1C2CC=CC12,0.72741616
CC(CN)C1C2CC=CC12,0.6544449
CC(CO)C1C2CC=CC12,0.8253633
CCC(N)C1C2CC=CC12,0.79433656
NCC(N)C1C2CC=CC12,0.7229181
NC(CO)C1C2CC=CC12,0.789643
CCC(O)C1C2CC=CC12,0.8456687
NCC(O)C1C2CC=CC12,0.8624273
OCC(O)C1C2CC=CC12,0.8685124
CNC(C)C1C2CC=CC12,0.646398
COC(C)C1C2CC=CC12,0.73409104
CCC(C)C1C2OC=CC12,0.7512234
CC(CN)C1C2OC=CC12,0.59291935
CC(CO)C1C2OC=CC12,0.8374371
CCC(N)C1C2OC=CC12,0.7000369
NCC(N)C1C2OC=CC12,0.7685573
NC(CO)C1C2OC=CC12,0.9531183
CCC(O)C1C2OC=CC12,0.9306455
NCC(O)C1C2OC=CC12,0.93059146
OCC(O)C1C2OC=CC12,1.0255209
CNC(C)C1C2OC=CC12,0.73492897
COC(C)C1C2OC=CC12,0.8334124
CCN(C)C1C2CC=CC12,0.6674363
CCN(C)C1C2OC=CC12,0.6779489
CCC(C)N1C2CC=CC12,0.5324243
CC(CN)N1C2CC=CC12,0.53543496
CC(CO)N1C2CC=CC12,0.67409945
CCC(C)C1C2C=CCN12,0.68663174
CC(CN)C1C2C=CCN12,0.70762205
CC(CO)C1C2C=CCN12,0.8233162
CCC(N)C1C2C=CCN12,0.7906746
NCC(N)C1C2C=CCN12,0.7328956
NC(CO)C1C2C=CCN12,0.79499465
CCC(O)C1C2C=CCN12,0.79233843
NCC(O)C1C2C=CCN12,0.73054236
OCC(O)C1C2C=CCN12,0.7795135
CNC(C)C1C2C=CCN12,0.69252014
COC(C)C1C2C=CCN12,0.6943754
CC(C=C)C1C2CC=CC12,0.8424352
CC(C=O)C1C2CC=CC12,1.0989639
CC(C#N)C1C2CC=CC12,1.1622069
NC(C=C)C1C2CC=CC12,0.7568185
OC(C=C)C1C2CC=CC12,0.5220616
OC(C=O)C1C2CC=CC12,1.3374219
OC(C#N)C1C2CC=CC12,1.3629764
CC(C=C)C1C2NN=CC12,0.8509769
NC(C=C)C1C2NN=CC12,0.92729795
OC(C=C)C1C2NN=CC12,0.6536659
CC(C=C)C1C2NC=NC12,0.7851346
NC(C=C)C1C2NC=NC12,0.7724262
OC(C=C)C1C2NC=NC12,0.7013954
CC(C=C)C1C2OC=CC12,0.91419435
CC(C=O)C1C2OC=CC12,1.1826788
CC(C#N)C1C2OC=CC12,1.2410303
NC(C=C)C1C2OC=CC12,0.8949418
OC(C=C)C1C2OC=CC12,0.7744287
OC(C=O)C1C2OC=CC12,1.3864759
OC(C#N)C1C2OC=CC12,1.7406838
CC(C=C)C1C2ON=CC12,1.1698973
NC(C=C)C1C2ON=CC12,1.1081592
OC(C=C)C1C2ON=CC12,0.97652113
CN(C=N)C1C2CC=CC12,0.59426874
CN(C=O)C1C2CC=CC12,0.8326447
NN(C=N)C1C2CC=CC12,0.8216591
NN(C=O)C1C2CC=CC12,1.2204902
ON(C=N)C1C2CC=CC12,0.8097264
ON(C=O)C1C2CC=CC12,1.0716012
CN(N=C)C1C2CC=CC12,0.72216964
CN(C=N)C1C2OC=CC12,0.8266255
CN(C=O)C1C2OC=CC12,0.92469466
NN(C=N)C1C2OC=CC12,0.9215504
NN(C=O)C1C2OC=CC12,1.1842306
ON(C=N)C1C2OC=CC12,1.0761163
ON(C=O)C1C2OC=CC12,1.2384844
CN(N=C)C1C2OC=CC12,0.90225124
CC(C=C)N1C2CC=CC12,0.5940543
CC(C=O)N1C2CC=CC12,0.82619834
CC(C#N)N1C2CC=CC12,0.8650138
CN(C=N)N1C2CC=CC12,0.62348807
CN(C=O)N1C2CC=CC12,0.92340106
CC(C=C)C1C2CN=CN12,1.0710502
NC(C=C)C1C2CN=CN12,0.9525761
OC(C=C)C1C2CN=CN12,1.0102262
CC(C=C)C1C2CC=NN12,1.0144415
NC(C=C)C1C2CC=NN12,1.1372551
OC(C=C)C1C2CC=NN12,0.96249956
CC(C=C)C1C2C=CCN12,0.9517218
CC(C=O)C1C2C=CCN12,1.1195434
CC(C#N)C1C2C=CCN12,1.2264231
NC(C=C)C1C2C=CCN12,0.8954023
OC(C=C)C1C2C=CCN12,0.68943375
OC(C=O)C1C2C=CCN12,1.3538086
OC(C#N)C1C2C=CCN12,1.5400343
CC(C#C)C1C2CC=CC12,0.78578156
NC(C#C)C1C2CC=CC12,0.7480745
OC(C#C)C1C2CC=CC12,1.0634695
CC(C#C)C1C2OC=CC12,0.8899822
NC(C#C)C1C2OC=CC12,0.964852
OC(C#C)C1C2OC=CC12,1.2870731
CC(C#C)N1C2CC=CC12,0.4966859
CC(C#C)C1C2C=CCN12,0.86016035
NC(C#C)C1C2C=CCN12,1.0721709
OC(C#C)C1C2C=CCN12,1.0130202
CCC(=C)C1C2CC=CC12,0.9274214
NCC(=C)C1C2CC=CC12,0.86308813
OCC(=C)C1C2CC=CC12,0.62692285
CCC(=O)C1C2CC=CC12,1.3238581
OCC(=O)C1C2CC=CC12,1.3271915
CNC(=N)C1C2CC=CC12,0.7513964
NNC(=N)C1C2CC=CC12,0.94722104
ONC(=N)C1C2CC=CC12,1.1080568
CNC(=O)C1C2CC=CC12,0.9058012
NNC(=O)C1C2CC=CC12,1.2444953
ONC(=O)C1C2CC=CC12,1.2481561
COC(=C)C1C2CC=CC12,0.7305591
COC(=O)C1C2CC=CC12,1.1950811
CCC(=C)C1C2NN=CC12,0.95347327
NCC(=C)C1C2NN=CC12,1.059805
OCC(=C)C1C2NN=CC12,0.82570744
COC(=C)C1C2NN=CC12,0.81080914
CCC(=C)C1C2NC=NC12,0.83086026
NCC(=C)C1C2NC=NC12,0.7975607
OCC(=C)C1C2NC=NC12,0.88249236
COC(=C)C1C2NC=NC12,0.7349151
CCC(=C)C1C2OC=CC12,1.0501583
NCC(=C)C1C2OC=CC12,1.0570066
OCC(=C)C1C2OC=CC12,0.9597968
CCC(=O)C1C2OC=CC12,1.4094502
OCC(=O)C1C2OC=CC12,1.5195826
CNC(=N)C1C2OC=CC12,0.9566464
NNC(=N)C1C2OC=CC12,0.94835055
ONC(=N)C1C2OC=CC12,1.2594048
CNC(=O)C1C2OC=CC12,1.0101422
NNC(=O)C1C2OC=CC12,1.3663851
ONC(=O)C1C2OC=CC12,1.4524072
COC(=C)C1C2OC=CC12,0.8928888
COC(=O)C1C2OC=CC12,1.2556165
CCC(=C)C1C2ON=CC12,1.2966858
NCC(=C)C1C2ON=CC12,1.0891114
OCC(=C)C1C2ON=CC12,1.0709769
COC(=C)C1C2ON=CC12,1.1488973
CCC(=N)N1C2CC=CC12,0.8747911
NCC(=N)N1C2CC=CC12,0.81342745
OCC(=N)N1C2CC=CC12,0.84343314
CCC(=O)N1C2CC=CC12,0.9169036
NCC(=O)N1C2CC=CC12,1.0765867
OCC(=O)N1C2CC=CC12,1.2026662
CNC(=N)N1C2CC=CC12,0.7159731
NNC(=N)N1C2CC=CC12,0.86803705
ONC(=N)N1C2CC=CC12,0.96198934
CNC(=O)N1C2CC=CC12,0.88166136
NNC(=O)N1C2CC=CC12,1.1165546
ONC(=O)N1C2CC=CC12,1.109146
COC(=N)N1C2CC=CC12,0.8589374
COC(=O)N1C2CC=CC12,1.0251131
CCC(=C)C1C2CN=CN12,1.1063875
NCC(=C)C1C2CN=CN12,0.93288
OCC(=C)C1C2CN=CN12,1.0886681
COC(=C)C1C2CN=CN12,1.1012113
CCC(=C)C1C2CC=NN12,1.101588
NCC(=C)C1C2CC=NN12,1.2441198
OCC(=C)C1C2CC=NN12,1.1208957
COC(=C)C1C2CC=NN12,0.93844247
CCC(=C)C1C2C=CCN12,0.94902176
NCC(=C)C1C2C=CCN12,0.89461005
OCC(=C)C1C2C=CCN12,0.82424235
CCC(=O)C1C2C=CCN12,1.2865458
OCC(=O)C1C2C=CCN12,1.5310863
CNC(=N)C1C2C=CCN12,0.79265946
NNC(=N)C1C2C=CCN12,1.0732095
ONC(=N)C1C2C=CCN12,1.2623695
CNC(=O)C1C2C=CCN12,0.82228374
NNC(=O)C1C2C=CCN12,1.1600822
ONC(=O)C1C2C=CCN12,1.5315332
COC(=C)C1C2C=CCN12,0.7303314
COC(=O)C1C2C=CCN12,1.0178806
C=CC(=C)C1C2CC=CC12,0.7841733
C=C(C=O)C1C2CC=CC12,1.5440803
C=C(C#N)C1C2CC=CC12,1.4907857
C=CC(=O)C1C2CC=CC12,1.5254905
O=CC(=O)C1C2CC=CC12,1.4969497
O=C(C#N)C1C2CC=CC12,1.9178845
C=CC(=C)C1C2NN=CC12,0.7436388
C=C(C=O)C1C2NN=CC12,1.2552062
C=C(C#N)C1C2NN=CC12,1.4841429
C=CC(=O)C1C2NN=CC12,1.4147246
C=CC(=C)C1C2NC=NC12,0.96722597
C=C(C=O)C1C2NC=NC12,1.3820746
C=C(C#N)C1C2NC=NC12,1.8016795
C=CC(=O)C1C2NC=NC12,1.5890789
C=CC(=C)C1C2OC=CC12,1.0398473
C=C(C=O)C1C2OC=CC12,1.4800183
C=C(C#N)C1C2OC=CC12,1.81613
C=CC(=O)C1C2OC=CC12,1.6891508
O=CC(=O)C1C2OC=CC12,1.9922665
O=C(C#N)C1C2OC=CC12,2.268539
C=CC(=C)C1C2ON=CC12,1.2218691
C=C(C=O)C1C2ON=CC12,1.8488102
C=C(C#N)C1C2ON=CC12,1.8461343
C=CC(=O)C1C2ON=CC12,1.8410805
C=CC(=N)N1C2CC=CC12,0.87679553
N=C(C=O)N1C2CC=CC12,1.1234099
N=C(C#N)N1C2CC=CC12,1.5352448
C=CC(=O)N1C2CC=CC12,1.2606351
O=CC(=O)N1C2CC=CC12,1.4279709
O=C(C#N)N1C2CC=CC12,1.6838301
C=CC(=C)C1C2CN=CN12,1.3296145
C=C(C=O)C1C2CN=CN12,1.817632
C=C(C#N)C1C2CN=CN12,2.0333881
C=CC(=O)C1C2CN=CN12,1.9099633
C=CC(=C)C1C2CC=NN12,1.288676
C=C(C=O)C1C2CC=NN12,1.8371812
C=C(C#N)C1C2CC=NN12,2.1742554
C=CC(=O)C1C2CC=NN12,1.9646599
C=CC(=C)C1C2C=CCN12,0.9548752
C=C(C=O)C1C2C=CCN12,1.5199381
C=C(C#N)C1C2C=CCN12,1.9597769
C=CC(=O)C1C2C=CCN12,1.5892835
O=CC(=O)C1C2C=CCN12,1.7914146
O=C(C#N)C1C2C=CCN12,2.3511448
C=C(C#C)C1C2CC=CC12,1.2750334
O=C(C#C)C1C2CC=CC12,1.1558775
C=C(C#C)C1C2NN=CC12,1.0890671
C=C(C#C)C1C2NC=NC12,1.0672933
C=C(C#C)C1C2OC=CC12,1.4188045
O=C(C#C)C1C2OC=CC12,1.603252
C=C(C#C)C1C2ON=CC12,1.6901859
N=C(C#C)N1C2CC=CC12,0.89718026
O=C(C#C)N1C2CC=CC12,1.1034135
C=C(C#C)C1C2CN=CN12,1.4935457
C=C(C#C)C1C2CC=NN12,1.7310704
C=C(C#C)C1C2C=CCN12,1.1406235
O=C(C#C)C1C2C=CCN12,1.3702594
CC=C(C)C1C2CC=CC12,0.8782625
CC(=NN)C1C2CC=CC12,0.596439
CC(=NO)C1C2CC=CC12,1.0260007
CC=C(C)C1C2NN=CC12,0.8112223
CC=C(C)C1C2NC=NC12,0.7509392
CC=C(C)C1C2OC=CC12,0.89374286
CC(=NN)C1C2OC=CC12,0.89237446
CC(=NO)C1C2OC=CC12,1.0697873
CC=C(C)C1C2ON=CC12,1.391594
CN=C(C)N1C2CC=CC12,0.75052696
CC(=NN)N1C2CC=CC12,0.65008
CC(=NO)N1C2CC=CC12,1.0240047
CC=C(C)C1C2CN=CN12,1.0344412
CC=C(C)C1C2CC=NN12,1.0462375
CC=C(C)C1C2C=CCN12,0.8158517
CC(=NN)C1C2C=CCN12,0.7595128
CC(=NO)C1C2C=CCN12,0.96930575
C=CCCC1C2CCCC12,0.7848122
C=COCC1C2CCCC12,0.645469
C=CCNC1C2CCCC12,0.6568724
C=CCOC1C2CCCC12,0.6752141
C=CCCC1C2CNCC12,0.43768707
C=COCC1C2CNCC12,0.4595807
C=CCNC1C2CNCC12,0.4978651
C=CCOC1C2CNCC12,0.50742054
C=CCCC1C2COCC12,0.5276432
C=COCC1C2COCC12,0.5020212
C=CCNC1C2COCC12,0.6381393
C=CCOC1C2COCC12,0.5701485
C=CCCC1C2CCNC12,0.5398127
C=COCC1C2CCNC12,0.48435867
C=CCNC1C2CCNC12,0.5134562
C=CCOC1C2CCNC12,0.50400895
C=CCCC1C2CCOC12,0.6249496
C=COCC1C2CCOC12,0.47990218
C=CCNC1C2CCOC12,0.45231888
C=CCOC1C2CCOC12,0.524375
C=CCCC1C2OCOC12,0.67384934
C=COCC1C2OCOC12,0.5247817
C=CCNC1C2OCOC12,0.8729253
C=CCOC1C2OCOC12,0.6856967
C=CCCN1C2CCCC12,0.56994915
C=CCCN1C2CNCC12,0.47318307
C=CCCN1C2COCC12,0.6376767
C=CCCC1C2CCCN12,0.7009772
C=COCC1C2CCCN12,0.4654857
CC=CCC1C2CCCC12,0.67544895
CC=COC1C2CCCC12,0.52028054
CC=CCC1C2CNCC12,0.42384425
CC=COC1C2CNCC12,0.41596922
CC=CCC1C2COCC12,0.54014474
CC=COC1C2COCC12,0.529854
CC=CCC1C2CCNC12,0.4623583
CC=COC1C2CCNC12,0.39177004
CC=CCC1C2CCOC12,0.67331076
CC=COC1C2CCOC12,0.47860542
CC=CCC1C2OCOC12,0.68718445
CC=COC1C2OCOC12,0.72920346
CC=CCN1C2CCCC12,0.47346076
CC=CCN1C2CNCC12,0.43060997
CC=CCN1C2COCC12,0.535733
CC=CCC1C2CCCN12,0.6584179
CCC=CC1C2CCCC12,0.74589103
NCC=CC1C2CCCC12,0.69670373
OCC=CC1C2CCCC12,0.700889
COC=CC1C2CCCC12,0.5511632
CCC=CC1C2CNCC12,0.5444433
NCC=CC1C2CNCC12,0.483023
OCC=CC1C2CNCC12,0.49675792
COC=CC1C2CNCC12,0.38990512
CCC=CC1C2COCC12,0.67147636
NCC=CC1C2COCC12,0.6741976
OCC=CC1C2COCC12,0.79777515
COC=CC1C2COCC12,0.65097857
CCC=CC1C2CCNC12,0.5913268
NCC=CC1C2CCNC12,0.494991
OCC=CC1C2CCNC12,0.532314
COC=CC1C2CCNC12,0.39283344
CCC=CC1C2CCOC12,0.70929986
NCC=CC1C2CCOC12,0.57003146
OCC=CC1C2CCOC12,0.72689784
COC=CC1C2CCOC12,0.53000075
CCC=CC1C2OCOC12,0.6106346
NCC=CC1C2OCOC12,0.97367525
OCC=CC1C2OCOC12,1.0045784
COC=CC1C2OCOC12,0.7597189
CCC=CC1C2CCCN12,0.69004756
NCC=CC1C2CCCN12,0.6150524
OCC=CC1C2CCCN12,0.7175775
COC=CC1C2CCCN12,0.5231882
C=CC=CC1C2CCCC12,0.92930686
O=CC=CC1C2CCCC12,0.7685658
N#CC=CC1C2CCCC12,1.3132354
C=CC=CC1C2CNCC12,0.63627326
O=CC=CC1C2CNCC12,0.8310417
N#CC=CC1C2CNCC12,1.2797405
C=CC=CC1C2COCC12,0.8711436
O=CC=CC1C2COCC12,1.0518993
N#CC=CC1C2COCC12,1.4177246
C=CC=CC1C2CCNC12,0.6571925
O=CC=CC1C2CCNC12,0.5597778
N#CC=CC1C2CCNC12,1.1095651
C=CC=CC1C2CCOC12,0.88981175
O=CC=CC1C2CCOC12,0.7854699
N#CC=CC1C2CCOC12,1.3395901
C=CC=CC1C2OCOC12,1.1388185
O=CC=CC1C2OCOC12,0.9478248
N#CC=CC1C2OCOC12,1.4843253
O=CC=CN1C2CCCC12,0.76195693
N#CC=CN1C2CCCC12,0.7506063
C=CC=NN1C2CCCC12,0.7726251
O=CC=CN1C2CNCC12,0.57371855
N#CC=CN1C2CNCC12,0.720158
C=CC=NN1C2CNCC12,0.7371188
O=CC=CN1C2COCC12,0.8923493
N#CC=CN1C2COCC12,1.0674192
C=CC=NN1C2COCC12,0.984422
C=CC=CC1C2CCCN12,0.8137371
O=CC=CC1C2CCCN12,0.8940195
N#CC=CC1C2CCCN12,1.2838975
C#CC=CC1C2CCCC12,0.9021622
C#CC=CC1C2CNCC12,0.9206302
C#CC=CC1C2COCC12,1.1258763
C#CC=CC1C2CCNC12,0.88450176
C#CC=CC1C2CCOC12,0.90763307
C#CC=CC1C2OCOC12,0.91098
C#CC=CC1C2CCCN12,1.0844405
C=CC#CC1C2CCCC12,1.1119138
C=CC#CC1C2CNCC12,0.96950704
C=CC#CC1C2COCC12,1.0729148
C=CC#CC1C2CCNC12,0.8509984
C=CC#CC1C2CCOC12,1.0178825
C=CC#CC1C2OCOC12,1.0821481
C=CC#CC1C2CCCN12,1.2075212
CCCCC1C2CC=CC12,0.7665121
NCCCC1C2CC=CC12,0.733789
OCCCC1C2CC=CC12,0.7562033
CNCCC1C2CC=CC12,0.6812263
COCCC1C2CC=CC12,0.75076157
CCNCC1C2CC=CC12,0.67697644
CCOCC1C2CC=CC12,0.8892243
CCCNC1C2CC=CC12,0.6226601
NCCNC1C2CC=CC12,0.7558214
OCCNC1C2CC=CC12,0.7678549
CCCOC1C2CC=CC12,0.859709
NCCOC1C2CC=CC12,0.85748315
OCCOC1C2CC=CC12,0.8144868
COCOC1C2CC=CC12,0.7897561
CCCCC1C2OC=CC12,0.7857168
NCCCC1C2OC=CC12,0.66044533
OCCCC1C2OC=CC12,0.8131541
CNCCC1C2OC=CC12,0.68840826
COCCC1C2OC=CC12,0.93820626
CCNCC1C2OC=CC12,0.6395254
CCOCC1C2OC=CC12,0.69139236
CCCNC1C2OC=CC12,0.65503913
NCCNC1C2OC=CC12,0.6245825
OCCNC1C2OC=CC12,0.96862835
CCCOC1C2OC=CC12,0.70126504
NCCOC1C2OC=CC12,0.80564845
OCCOC1C2OC=CC12,1.0341574
COCOC1C2OC=CC12,0.81117314
CCCCN1C2CC=CC12,0.42895636
NCCCN1C2CC=CC12,0.48256215
OCCCN1C2CC=CC12,0.7168688
CNCCN1C2CC=CC12,0.51946783
COCCN1C2CC=CC12,0.64814335
CCCCC1C2C=CCN12,0.7313678
NCCCC1C2C=CCN12,0.83413607
OCCCC1C2C=CCN12,0.79954904
CNCCC1C2C=CCN12,0.8096384
COCCC1C2C=CCN12,0.8393352
CCNCC1C2C=CCN12,0.6581994
CCOCC1C2C=CCN12,0.8796439
C=CCCC1C2CC=CC12,0.9126203
O=CCCC1C2CC=CC12,0.4962186
N#CCCC1C2CC=CC12,0.8391685
N=CNCC1C2CC=CC12,0.49014008
O=CNCC1C2CC=CC12,0.55231386
C=NNCC1C2CC=CC12,0.6120289
C=COCC1C2CC=CC12,0.64538574
O=COCC1C2CC=CC12,0.67463964
C=NOCC1C2CC=CC12,0.8613512
C=CCNC1C2CC=CC12,0.78006697
O=CCNC1C2CC=CC12,0.77402633
N#CCNC1C2CC=CC12,0.855471
N=CNNC1C2CC=CC12,0.6322367
O=CNNC1C2CC=CC12,0.6865568
C=CCOC1C2CC=CC12,0.78467417
O=CCOC1C2CC=CC12,0.97288096
N#CCOC1C2CC=CC12,0.88879335
N=CNOC1C2CC=CC12,0.820287
O=CNOC1C2CC=CC12,0.8663651
C=CCCC1C2NN=CC12,0.8470399
C=COCC1C2NN=CC12,0.86590993
C=CCNC1C2NN=CC12,0.91907275
C=CCOC1C2NN=CC12,1.1425971
C=CCCC1C2NC=NC12,0.6847762
C=COCC1C2NC=NC12,0.8376138
C=CCNC1C2NC=NC12,0.7863529
C=CCOC1C2NC=NC12,1.0099384
C=CCCC1C2OC=CC12,0.93593454
O=CCCC1C2OC=CC12,0.9250792
N#CCCC1C2OC=CC12,1.0979837
N=CNCC1C2OC=CC12,0.79720956
O=CNCC1C2OC=CC12,0.9695296
C=NNCC1C2OC=CC12,0.9246049
C=COCC1C2OC=CC12,0.7317514
O=COCC1C2OC=CC12,1.1674575
C=NOCC1C2OC=CC12,1.1004343
C=CCNC1C2OC=CC12,0.9049819
O=CCNC1C2OC=CC12,0.8869789
N#CCNC1C2OC=CC12,1.0199587
N=CNNC1C2OC=CC12,0.7880238
O=CNNC1C2OC=CC12,0.8299712
C=CCOC1C2OC=CC12,0.94117945
O=CCOC1C2OC=CC12,1.3086115
N#CCOC1C2OC=CC12,1.3979663
N=CNOC1C2OC=CC12,1.1149837
O=CNOC1C2OC=CC12,1.2223532
C=CCCC1C2ON=CC12,1.3288803
C=COCC1C2ON=CC12,1.0576783
C=CCNC1C2ON=CC12,1.0709447
C=CCOC1C2ON=CC12,1.291267
C=CCCN1C2CC=CC12,0.68750286
O=CCCN1C2CC=CC12,0.3629506
N#CCCN1C2CC=CC12,0.58838946
C=CCCC1C2CN=CN12,0.84649885
C=COCC1C2CN=CN12,0.9688405
C=CCCC1C2CC=NN12,0.8565637
C=COCC1C2CC=NN12,0.92447656
C=CCCC1C2C=CCN12,0.952375
O=CCCC1C2C=CCN12,0.59117424
N#CCCC1C2C=CCN12,0.7968677
N=CNCC1C2C=CCN12,0.447466
O=CNCC1C2C=CCN12,0.6599536
C=NNCC1C2C=CCN12,0.7459322
C=COCC1C2C=CCN12,0.6805396
O=COCC1C2C=CCN12,0.72936857
C=NOCC1C2C=CCN12,0.91256756
C#CCCC1C2CC=CC12,0.4990165
C#CCNC1C2CC=CC12,0.8307168
C#CCOC1C2CC=CC12,0.94934034
C#CCCC1C2OC=CC12,0.96635896
C#CCNC1C2OC=CC12,0.8802183
C#CCOC1C2OC=CC12,1.1251866
C#CCCN1C2CC=CC12,0.40525046
C#CCCC1C2C=CCN12,0.67072076
CC=CCC1C2CC=CC12,0.8151539
NN=CCC1C2CC=CC12,0.68382835
ON=CCC1C2CC=CC12,0.75793636
CN=CNC1C2CC=CC12,0.65310854
NN=CNC1C2CC=CC12,0.87218624
ON=CNC1C2CC=CC12,0.7184082
CC=NNC1C2CC=CC12,0.66282475
CC=COC1C2CC=CC12,0.83159846
NN=COC1C2CC=CC12,0.8312882
ON=COC1C2CC=CC12,0.8873265
CC=NOC1C2CC=CC12,0.9335426
CC=CCC1C2NN=CC12,0.9266218
CC=COC1C2NN=CC12,1.0840095
CC=CCC1C2NC=NC12,0.7970781
CC=COC1C2NC=NC12,0.94211006
CC=CCC1C2OC=CC12,0.90859586
NN=CCC1C2OC=CC12,0.9222113
ON=CCC1C2OC=CC12,1.0400642
CN=CNC1C2OC=CC12,0.8530675
NN=CNC1C2OC=CC12,0.90857714
ON=CNC1C2OC=CC12,1.0137345
CC=NNC1C2OC=CC12,0.85086405
CC=COC1C2OC=CC12,0.8909894
NN=COC1C2OC=CC12,1.1369302
ON=COC1C2OC=CC12,1.0674996
CC=NOC1C2OC=CC12,1.0913918
CC=CCC1C2ON=CC12,1.3165702
CC=COC1C2ON=CC12,1.0069681
CC=CCN1C2CC=CC12,0.5429355
NN=CCN1C2CC=CC12,0.8058854
ON=CCN1C2CC=CC12,0.67985165
CN=CNN1C2CC=CC12,0.6905078
NN=CNN1C2CC=CC12,0.9478481
ON=CNN1C2CC=CC12,0.68173075
CC=CCC1C2CN=CN12,0.9560904
CC=CCC1C2CC=NN12,0.9716602
CC=CCC1C2C=CCN12,0.91452897
NN=CCC1C2C=CCN12,0.85588074
ON=CCC1C2C=CCN12,0.8420936
CC#CCC1C2CC=CC12,0.5987538
CC#CCC1C2OC=CC12,0.9590605
CC#CCN1C2CC=CC12,0.45507774
CC#CCC1C2C=CCN12,0.7633405
CCC=CC1C2CC=CC12,0.93467295
NCC=CC1C2CC=CC12,0.8883859
OCC=CC1C2CC=CC12,0.7573589
COC=CC1C2CC=CC12,0.70535684
CNN=CC1C2CC=CC12,0.7857201
CON=CC1C2CC=CC12,0.9484285
CCC=CC1C2NN=CC12,1.0824902
NCC=CC1C2NN=CC12,1.0090858
OCC=CC1C2NN=CC12,1.0355659
COC=CC1C2NN=CC12,0.9045614
CCC=CC1C2NC=NC12,0.69518024
NCC=CC1C2NC=NC12,0.8076401
OCC=CC1C2NC=NC12,0.9337033
COC=CC1C2NC=NC12,0.81522894
CCC=CC1C2OC=CC12,0.98910993
NCC=CC1C2OC=CC12,1.0621685
OCC=CC1C2OC=CC12,1.1115819
COC=CC1C2OC=CC12,0.97188646
CNN=CC1C2OC=CC12,0.92265177
CON=CC1C2OC=CC12,1.0007278
CCC=CC1C2ON=CC12,1.2974383
NCC=CC1C2ON=CC12,1.2785267
OCC=CC1C2ON=CC12,1.4707301
COC=CC1C2ON=CC12,1.2202965
CCN=CN1C2CC=CC12,0.8037696
CNN=CN1C2CC=CC12,0.6660398
CON=CN1C2CC=CC12,0.70522654
CCC=NN1C2CC=CC12,0.8189398
NCC=NN1C2CC=CC12,0.8680653
OCC=NN1C2CC=CC12,0.91432595
COC=NN1C2CC=CC12,0.86347044
CCC=CC1C2CN=CN12,1.0305276
NCC=CC1C2CN=CN12,1.0194361
OCC=CC1C2CN=CN12,1.1613795
COC=CC1C2CN=CN12,1.1006535
CCC=CC1C2CC=NN12,1.0774088
NCC=CC1C2CC=NN12,1.2252876
OCC=CC1C2CC=NN12,1.1761534
COC=CC1C2CC=NN12,1.0748514
CCC=CC1C2C=CCN12,0.9908906
NCC=CC1C2C=CCN12,1.0224962
OCC=CC1C2C=CCN12,0.8602999
COC=CC1C2C=CCN12,0.7350653
CNN=CC1C2C=CCN12,0.7776612
CON=CC1C2C=CCN12,1.1626617
C=CC=CC1C2CC=CC12,0.83219516
O=CC=CC1C2CC=CC12,1.0428768
N#CC=CC1C2CC=CC12,1.1318142
C=NN=CC1C2CC=CC12,1.1953293
C=CC=CC1C2NN=CC12,1.0614499
O=CC=CC1C2NN=CC12,1.2111155
N#CC=CC1C2NN=CC12,1.2652504
C=CC=CC1C2NC=NC12,1.019461
O=CC=CC1C2NC=NC12,0.8152769
N#CC=CC1C2NC=NC12,1.1225648
C=CC=CC1C2OC=CC12,1.1670947
O=CC=CC1C2OC=CC12,1.4327575
N#CC=CC1C2OC=CC12,1.7107698
C=NN=CC1C2OC=CC12,1.489474
C=CC=CC1C2ON=CC12,1.354508
O=CC=CC1C2ON=CC12,1.7083927
N#CC=CC1C2ON=CC12,1.6721225
O=CC=CN1C2CC=CC12,0.8144157
N#CC=CN1C2CC=CC12,0.8747655
N=CN=CN1C2CC=CC12,0.99417
O=CN=CN1C2CC=CC12,0.8758178
C=NN=CN1C2CC=CC12,0.9884815
C=CC=NN1C2CC=CC12,1.015441
O=CC=NN1C2CC=CC12,1.0756372
N#CC=NN1C2CC=CC12,1.3816178
C=CC=CC1C2CN=CN12,1.2787905
O=CC=CC1C2CN=CN12,1.397693
N#CC=CC1C2CN=CN12,1.509166
C=CC=CC1C2CC=NN12,1.3385459
O=CC=CC1C2CC=NN12,1.5078202
N#CC=CC1C2CC=NN12,1.7950933
C=CC=CC1C2C=CCN12,0.90620893
O=CC=CC1C2C=CCN12,0.9986097
N#CC=CC1C2C=CCN12,1.4309169
C=NN=CC1C2C=CCN12,1.3264507
C#CC=CC1C2CC=CC12,1.1684796
C#CC=CC1C2NN=CC12,1.2040197
C#CC=CC1C2NC=NC12,0.9612182
C#CC=CC1C2OC=CC12,1.3078743
C#CC=CC1C2ON=CC12,1.8357615
C#CC=NN1C2CC=CC12,1.0995941
C#CC=CC1C2CN=CN12,1.5241762
C#CC=CC1C2CC=NN12,1.5938607
C#CC=CC1C2C=CCN12,1.0257895
CCC#CC1C2CC=CC12,0.85995585
NCC#CC1C2CC=CC12,0.91726744
OCC#CC1C2CC=CC12,0.8902314
CCC#CC1C2OC=CC12,1.3852525
NCC#CC1C2OC=CC12,1.186557
OCC#CC1C2OC=CC12,1.411968
CCC#CC1C2C=CCN12,0.8560202
NCC#CC1C2C=CCN12,0.9585669
OCC#CC1C2C=CCN12,1.1547755
C=CC#CC1C2CC=CC12,1.0793711
O=CC#CC1C2CC=CC12,1.1447281
N#CC#CC1C2CC=CC12,1.5867839
C=CC#CC1C2NN=CC12,1.3596522
C=CC#CC1C2NC=NC12,1.0006617
C=CC#CC1C2OC=CC12,1.5668648
O=CC#CC1C2OC=CC12,1.5822424
N#CC#CC1C2OC=CC12,2.1443017
C=CC#CC1C2ON=CC12,1.9609259
C=CC#CC1C2CN=CN12,1.5876795
C=CC#CC1C2CC=NN12,1.6725343
C=CC#CC1C2C=CCN12,1.1941489
O=CC#CC1C2C=CCN12,1.381071
N#CC#CC1C2C=CCN12,2.0608668
C#CC#CC1C2CC=CC12,1.2405297
C#CC#CC1C2OC=CC12,1.6046773
C#CC#CC1C2C=CCN12,1.5144783
C=CC1CC1C2CCCC2,0.57488865
C=CC1CC1C2CCNC2,0.50127536
C=CC1CC1C2CCOC2,0.5502262
C=CC1CC1C2CCCN2,0.5034758
C=CC1CC1C2CCCO2,0.61451006
C=CC1CC1C2COCO2,0.8549033
C=CC1CC1C2OCCO2,0.831602
C=CC1CC1N2CCCC2,0.4456402
C=CC1NC1C2CCCC2,0.5424586
C=CC1NC1C2CCNC2,0.42521226
C=CC1NC1C2CCOC2,0.4263193
C=CC1NC1C2CCCN2,0.6119433
C=CC1NC1C2CCCO2,0.6070291
C=CC1NC1C2COCO2,0.71713114
C=CC1NC1C2OCCO2,0.7776008
C=CC1OC1C2CCCC2,0.7496522
C=CC1OC1C2CCNC2,0.66272634
C=CC1OC1C2CCOC2,0.74111176
C=CC1OC1C2CCCN2,0.65011424
C=CC1OC1C2CCCO2,0.8898988
C=CC1OC1C2COCO2,0.7594627
C=CC1OC1C2OCCO2,0.9820565
C=CC1CN1C2CCCC2,0.49388307
C=CC1CN1C2CCNC2,0.405552
C=CC1CN1C2CCOC2,0.39306846
CCC1CC1C2CC=CC2,0.5686805
NCC1CC1C2CC=CC2,0.5563543
OCC1CC1C2CC=CC2,0.64596236
CNC1CC1C2CC=CC2,0.49010798
COC1CC1C2CC=CC2,0.6498276
CCC1CC1C2CC=CO2,0.4383819
NCC1CC1C2CC=CO2,0.49441865
OCC1CC1C2CC=CO2,0.6158416
CNC1CC1C2CC=CO2,0.46116868
COC1CC1C2CC=CO2,0.515072
CCC1CC1C2OC=CO2,0.5573188
NCC1CC1C2OC=CO2,0.6240138
OCC1CC1C2OC=CO2,0.6390497
CNC1CC1C2OC=CO2,0.45264962
COC1CC1C2OC=CO2,0.53632796
CCC1CC1N2CC=CC2,0.44749478
NCC1CC1N2CC=CC2,0.484864
OCC1CC1N2CC=CC2,0.40853134
CNC1CC1N2CC=CC2,0.50995904
COC1CC1N2CC=CC2,0.46352318
CCC1NC1C2CC=CC2,0.56244236
NCC1NC1C2CC=CC2,0.63890547
OCC1NC1C2CC=CC2,0.58835435
CCC1NC1C2CC=CO2,0.5264534
NCC1NC1C2CC=CO2,0.5620904
OCC1NC1C2CC=CO2,0.5309147
CCC1NC1C2OC=CO2,0.74654853
NCC1NC1C2OC=CO2,0.42772248
OCC1NC1C2OC=CO2,0.6585325
CCC1OC1C2CC=CC2,0.7990013
NCC1OC1C2CC=CC2,0.70478576
OCC1OC1C2CC=CC2,0.72301286
CCC1OC1C2CC=CO2,0.6728811
NCC1OC1C2CC=CO2,0.61623037
OCC1OC1C2CC=CO2,0.78382766
CCC1OC1C2OC=CO2,0.59462935
NCC1OC1C2OC=CO2,0.743157
OCC1OC1C2OC=CO2,0.70694935
CCN1CC1C2CC=CC2,0.52385503
CCN1CC1C2CC=CO2,0.60458493
CCN1CC1C2OC=CO2,0.73461807
CCC1CN1C2CC=CC2,0.5385885
NCC1CN1C2CC=CC2,0.63000154
OCC1CN1C2CC=CC2,0.5180458
C=CC1CC1C2CC=CC2,0.70164996
O=CC1CC1C2CC=CC2,0.53934884
N#CC1CC1C2CC=CC2,0.8663668
C=CC1CC1C2CC=NN2,0.8558188
C=CC1CC1C2CN=CN2,0.6074163
C=CC1CC1C2CC=CO2,0.71698445
O=CC1CC1C2CC=CO2,0.55244076
N#CC1CC1C2CC=CO2,1.0275878
C=CC1CC1C2CC=NO2,1.1293613
C=CC1CC1C2OC=CO2,0.70029294
O=CC1CC1C2OC=CO2,0.6350272
N#CC1CC1C2OC=CO2,1.0436785
C=CC1CC1C2OC=NO2,0.92610675
C=CC1CC1N2CC=CC2,0.51503617
O=CC1CC1N2CC=CC2,0.60130316
N#CC1CC1N2CC=CC2,0.7528975
C=CC1NC1C2CC=CC2,0.60630274
O=CC1NC1C2CC=CC2,0.80263895
N#CC1NC1C2CC=CC2,0.93390834
C=CC1NC1C2CC=NN2,0.84323287
C=CC1NC1C2CN=CN2,0.7353271
C=CC1NC1C2CC=CO2,0.64603424
O=CC1NC1C2CC=CO2,0.6338839
N#CC1NC1C2CC=CO2,0.9969581
C=CC1NC1C2CC=NO2,0.9188948
C=CC1NC1C2OC=CO2,0.69345784
O=CC1NC1C2OC=CO2,0.75841594
N#CC1NC1C2OC=CO2,0.8120363
C=CC1NC1C2OC=NO2,0.76923513
C=CC1OC1C2CC=CC2,0.77613705
O=CC1OC1C2CC=CC2,0.9199985
N#CC1OC1C2CC=CC2,1.0262711
C=CC1OC1C2CC=NN2,0.9668781
C=CC1OC1C2CN=CN2,0.8099711
C=CC1OC1C2CC=CO2,0.72873306
O=CC1OC1C2CC=CO2,1.1577908
N#CC1OC1C2CC=CO2,1.1585304
C=CC1OC1C2CC=NO2,1.1032071
C=CC1OC1C2OC=CO2,0.8931612
O=CC1OC1C2OC=CO2,0.88102204
N#CC1OC1C2OC=CO2,1.2364094
C=CC1OC1C2OC=NO2,1.1337074
N=CN1CC1C2CC=CC2,0.57097626
O=CN1CC1C2CC=CC2,0.78331363
C=NN1CC1C2CC=CC2,0.6892494
N=CN1CC1C2CC=CO2,0.64356774
O=CN1CC1C2CC=CO2,0.68270314
C=NN1CC1C2CC=CO2,0.76522815
N=CN1CC1C2OC=CO2,0.6964843
O=CN1CC1C2OC=CO2,0.81624687
C=NN1CC1C2OC=CO2,0.85348445
C=CC1CN1C2CC=CC2,0.5253592
O=CC1CN1C2CC=CC2,0.6650212
N#CC1CN1C2CC=CC2,0.83149016
C#CC1CC1C2CC=CC2,0.5772509
C#CC1CC1C2CC=CO2,0.6657557
C#CC1CC1C2OC=CO2,0.6904396
C#CC1CC1N2CC=CC2,0.6218903
C#CC1NC1C2CC=CC2,0.8162446
C#CC1NC1C2CC=CO2,0.66993237
C#CC1NC1C2OC=CO2,0.7317084
C#CC1OC1C2CC=CC2,0.9008069
C#CC1OC1C2CC=CO2,1.13104
C#CC1OC1C2OC=CO2,0.87521243
C#CC1CN1C2CC=CC2,0.73514074
CCC1CC1C2CCC=C2,0.57741636
NCC1CC1C2CCC=C2,0.5882169
OCC1CC1C2CCC=C2,0.66342133
CNC1CC1C2CCC=C2,0.5146188
COC1CC1C2CCC=C2,0.69510776
CCC1CC1C2COC=C2,0.41457748
NCC1CC1C2COC=C2,0.4291893
OCC1CC1C2COC=C2,0.61166257
CNC1CC1C2COC=C2,0.410329
COC1CC1C2COC=C2,0.59015405
CCC1CC1C2NCC=C2,0.48894534
NCC1CC1C2NCC=C2,0.44728193
OCC1CC1C2NCC=C2,0.504291
CNC1CC1C2NCC=C2,0.44672957
COC1CC1C2NCC=C2,0.49536902
CCC1CC1C2OCC=C2,0.8278863
NCC1CC1C2OCC=C2,0.6893436
OCC1CC1C2OCC=C2,0.79169524
CNC1CC1C2OCC=C2,0.7000371
COC1CC1C2OCC=C2,0.785126
CCC1NC1C2CCC=C2,0.50614005
NCC1NC1C2CCC=C2,0.5793029
OCC1NC1C2CCC=C2,0.61463606
CCC1NC1C2COC=C2,0.56051505
NCC1NC1C2COC=C2,0.54536825
OCC1NC1C2COC=C2,0.7147373
CCC1NC1C2NCC=C2,0.4911432
NCC1NC1C2NCC=C2,0.49432966
OCC1NC1C2NCC=C2,0.6145884
CCC1NC1C2OCC=C2,0.7618534
NCC1NC1C2OCC=C2,0.7923181
OCC1NC1C2OCC=C2,0.91888154
CCC1OC1C2CCC=C2,0.75650865
NCC1OC1C2CCC=C2,0.69500864
OCC1OC1C2CCC=C2,0.72726625
CCC1OC1C2COC=C2,0.6544401
NCC1OC1C2COC=C2,0.70341516
OCC1OC1C2COC=C2,0.7344432
CCC1OC1C2NCC=C2,0.5710922
NCC1OC1C2NCC=C2,0.6975494
OCC1OC1C2NCC=C2,0.82206523
CCC1OC1C2OCC=C2,0.94162315
NCC1OC1C2OCC=C2,0.9120736
OCC1OC1C2OCC=C2,0.9460476
CCN1CC1C2CCC=C2,0.49184892
CCN1CC1C2COC=C2,0.45835578
CCN1CC1C2NCC=C2,0.45959428
CCN1CC1C2OCC=C2,0.806829
CCC1CN1C2CCC=C2,0.6095125
NCC1CN1C2CCC=C2,0.6473289
OCC1CN1C2CCC=C2,0.634383
CCC1CN1C2COC=C2,0.48315388
NCC1CN1C2COC=C2,0.5670261
OCC1CN1C2COC=C2,0.6497452
C=CC1CC1C2CCC=C2,0.73405147
O=CC1CC1C2CCC=C2,0.5196322
N#CC1CC1C2CCC=C2,0.9324723
C=CC1CC1C2CNN=C2,0.8352299
C=CC1CC1C2COC=C2,0.6433591
O=CC1CC1C2COC=C2,0.5874299
N#CC1CC1C2COC=C2,0.908447
C=CC1CC1C2CON=C2,1.1122164
C=CC1CC1C2NCC=C2,0.57707167
O=CC1CC1C2NCC=C2,0.5506832
N#CC1CC1C2NCC=C2,0.8892866
C=CC1CC1C2OCC=C2,0.8022282
O=CC1CC1C2OCC=C2,0.7864375
N#CC1CC1C2OCC=C2,1.0519289
C=CC1CC1N2CCN=C2,0.7605189
C=CC1CC1N2CCC=N2,0.7286797
C=CC1NC1C2CCC=C2,0.6579257
O=CC1NC1C2CCC=C2,0.8684199
N#CC1NC1C2CCC=C2,1.0653149
C=CC1NC1C2CNN=C2,0.9656498
C=CC1NC1C2COC=C2,0.7348634
O=CC1NC1C2COC=C2,0.82728595
N#CC1NC1C2COC=C2,1.1723529
C=CC1NC1C2CON=C2,1.058254
C=CC1NC1C2NCC=C2,0.6251282
O=CC1NC1C2NCC=C2,0.871083
N#CC1NC1C2NCC=C2,0.96046525
C=CC1NC1C2OCC=C2,0.9284826
O=CC1NC1C2OCC=C2,0.97612906
N#CC1NC1C2OCC=C2,1.3966314
C=CC1OC1C2CCC=C2,0.764409
O=CC1OC1C2CCC=C2,0.9815977
N#CC1OC1C2CCC=C2,0.8694112
C=CC1OC1C2CNN=C2,1.0575919
C=CC1OC1C2COC=C2,0.71038413
O=CC1OC1C2COC=C2,1.2052615
N#CC1OC1C2COC=C2,1.4438037
C=CC1OC1C2CON=C2,1.216349
C=CC1OC1C2NCC=C2,0.8362252
O=CC1OC1C2NCC=C2,0.89480484
N#CC1OC1C2NCC=C2,1.0667251
C=CC1OC1C2OCC=C2,0.81332874
O=CC1OC1C2OCC=C2,1.4374808
N#CC1OC1C2OCC=C2,1.5705329
N=CN1CC1C2CCC=C2,0.6329018
O=CN1CC1C2CCC=C2,0.91347337
C=NN1CC1C2CCC=C2,0.7260653
N=CN1CC1C2COC=C2,0.70029837
O=CN1CC1C2COC=C2,0.7692742
C=NN1CC1C2COC=C2,0.794075
N=CN1CC1C2NCC=C2,0.67056805
O=CN1CC1C2NCC=C2,0.8584809
C=NN1CC1C2NCC=C2,0.77034104
N=CN1CC1C2OCC=C2,0.79335773
O=CN1CC1C2OCC=C2,0.93598235
C=NN1CC1C2OCC=C2,0.9599653
C=CC1CN1C2CCC=C2,0.698271
O=CC1CN1C2CCC=C2,0.8863487
N#CC1CN1C2CCC=C2,1.0051751
C=CC1CN1C2CNN=C2,1.0368146
C=CC1CN1C2COC=C2,0.65157014
O=CC1CN1C2COC=C2,0.8269024
N#CC1CN1C2COC=C2,1.2303387
C=CC1CN1C2CON=C2,1.2025985
C=CC1CN1N2CCN=C2,0.9072878
C#CC1CC1C2CCC=C2,0.59796655
C#CC1CC1C2COC=C2,0.68647873
C#CC1CC1C2NCC=C2,0.6208892
C#CC1CC1C2OCC=C2,0.8773622
C#CC1NC1C2CCC=C2,0.884292
C#CC1NC1C2COC=C2,0.8682488
C#CC1NC1C2NCC=C2,0.92283726
C#CC1NC1C2OCC=C2,0.94105315
C#CC1OC1C2CCC=C2,1.0081402
C#CC1OC1C2COC=C2,1.2425016
C#CC1OC1C2NCC=C2,0.9237262
C#CC1OC1C2OCC=C2,1.3787154
C#CC1CN1C2CCC=C2,0.94842905
C#CC1CN1C2COC=C2,0.86534995
CCC1CC1C2C=CC=C2,0.91993374
NCC1CC1C2C=CC=C2,0.8696385
OCC1CC1C2C=CC=C2,0.86774546
CNC1CC1C2C=CC=C2,0.77760994
COC1CC1C2C=CC=C2,0.8513717
CCC1NC1C2C=CC=C2,0.8826027
NCC1NC1C2C=CC=C2,0.89926726
OCC1NC1C2C=CC=C2,0.9381831
CCC1OC1C2C=CC=C2,1.1549171
NCC1OC1C2C=CC=C2,1.097834
OCC1OC1C2C=CC=C2,0.9994168
CCN1CC1C2C=CC=C2,0.8232953
CCC1CN1C2C=CC=C2,0.9527687
NCC1CN1C2C=CC=C2,0.9536395
OCC1CN1C2C=CC=C2,0.98109144
C=CC1CC1C2C=CC=C2,0.8855312
O=CC1CC1C2C=CC=C2,0.8171029
N#CC1CC1C2C=CC=C2,1.1416148
C=CC1CC1C2C=NN=C2,1.6033698
C=CC1CC1n2cccc2,0.5898229
C=CC1CC1n2ccnc2,0.8825884
C=CC1CC1n2cnnc2,1.2594384
C=CC1CC1n2cccn2,0.70566237
C=CC1CC1n2ccnn2,1.1277575
C=CC1CC1n2cncn2,1.1278325
C=CC1CC1n2cnnn2,1.3546005
C=CC1CC1n2nccn2,1.0554199
C=CC1CC1n2ncnn2,1.4499117
C=CC1NC1C2C=CC=C2,0.96932423
O=CC1NC1C2C=CC=C2,1.0574886
N#CC1NC1C2C=CC=C2,1.1800528
C=CC1NC1C2C=NN=C2,1.6759344
C=CC1OC1C2C=CC=C2,1.0503023
O=CC1OC1C2C=CC=C2,1.2533331
N#CC1OC1C2C=CC=C2,1.3254793
C=CC1OC1C2C=NN=C2,1.764758
N=CN1CC1C2C=CC=C2,0.8630303
O=CN1CC1C2C=CC=C2,1.0093874
C=NN1CC1C2C=CC=C2,0.97522724
C=CC1CN1C2C=CC=C2,0.9390291
O=CC1CN1C2C=CC=C2,0.9575808
N#CC1CN1C2C=CC=C2,1.2268572
C=CC1CN1C2C=NN=C2,1.907304
C=CC1CN1n2cccc2,0.76649547
C=CC1CN1n2ccnc2,1.0378374
C=CC1CN1n2cnnc2,1.4804131
C=CC1CN1n2cccn2,0.8938855
C=CC1CN1n2ccnn2,1.3279468
C=CC1CN1n2cncn2,1.4416295
C#CC1CC1C2C=CC=C2,0.83506435
C#CC1NC1C2C=CC=C2,1.0243186
C#CC1OC1C2C=CC=C2,1.2357159
C#CC1CN1C2C=CC=C2,0.977579
CCC1CC1C2=CCCC2,0.56387264
NCC1CC1C2=CCCC2,0.540307
OCC1CC1C2=CCCC2,0.61573786
CNC1CC1C2=CCCC2,0.4437877
COC1CC1C2=CCCC2,0.6327334
CCC1CC1C2=COCC2,0.51600677
NCC1CC1C2=COCC2,0.6291505
OCC1CC1C2=COCC2,0.6554033
CNC1CC1C2=COCC2,0.6359306
COC1CC1C2=COCC2,0.6175309
CCC1CC1C2=CCNC2,0.48090136
NCC1CC1C2=CCNC2,0.4880152
OCC1CC1C2=CCNC2,0.5237675
CNC1CC1C2=CCNC2,0.5021543
COC1CC1C2=CCNC2,0.489293
CCC1CC1C2=CCOC2,0.793568
NCC1CC1C2=CCOC2,0.5347879
OCC1CC1C2=CCOC2,0.74338764
CNC1CC1C2=CCOC2,0.5492477
COC1CC1C2=CCOC2,0.7449335
CCC1CC1C2=CCCO2,0.50391704
NCC1CC1C2=CCCO2,0.42314366
OCC1CC1C2=CCCO2,0.6786468
CNC1CC1C2=CCCO2,0.40267286
COC1CC1C2=CCCO2,0.6419659
CCC1CC1C2=COCO2,0.53341764
NCC1CC1C2=COCO2,0.45498067
OCC1CC1C2=COCO2,0.53155607
CNC1CC1C2=COCO2,0.3942455
COC1CC1C2=COCO2,0.46686888
CCC1NC1C2=CCCC2,0.5238138
NCC1NC1C2=CCCC2,0.57570016
OCC1NC1C2=CCCC2,0.5954509
CCC1NC1C2=COCC2,0.6014646
NCC1NC1C2=COCC2,0.6173359
OCC1NC1C2=COCC2,0.61178756
CCC1NC1C2=CCNC2,0.5161114
NCC1NC1C2=CCNC2,0.45997554
OCC1NC1C2=CCNC2,0.6196105
CCC1NC1C2=CCOC2,0.5886989
NCC1NC1C2=CCOC2,0.66251445
OCC1NC1C2=CCOC2,0.6732001
CCC1NC1C2=CCCO2,0.57484555
NCC1NC1C2=CCCO2,0.7524081
OCC1NC1C2=CCCO2,0.6657344
CCC1NC1C2=COCO2,0.45084164
NCC1NC1C2=COCO2,0.52855694
OCC1NC1C2=COCO2,0.5564339
CCC1OC1C2=CCCC2,0.821083
NCC1OC1C2=CCCC2,0.78616637
OCC1OC1C2=CCCC2,0.9190702
CCC1OC1C2=COCC2,0.65998006
NCC1OC1C2=COCC2,0.6802691
OCC1OC1C2=COCC2,0.85138017
CCC1OC1C2=CCNC2,0.646197
NCC1OC1C2=CCNC2,0.67338765
OCC1OC1C2=CCNC2,0.76031685
CCC1OC1C2=CCOC2,0.8012754
NCC1OC1C2=CCOC2,0.79283977
OCC1OC1C2=CCOC2,0.99054956
CCC1OC1C2=CCCO2,0.79900616
NCC1OC1C2=CCCO2,0.74590254
OCC1OC1C2=CCCO2,0.9497772
CCC1OC1C2=COCO2,0.3609736
NCC1OC1C2=COCO2,0.45848322
OCC1OC1C2=COCO2,0.7576917
CCN1CC1C2=CCCC2,0.48156005
CCN1CC1C2=COCC2,0.6211117
CCN1CC1C2=CCNC2,0.60077643
CCN1CC1C2=CCOC2,0.7326687
CCN1CC1C2=CCCO2,0.4909673
CCN1CC1C2=COCO2,0.5174404
C=CC1CC1C2=CCCC2,0.72497874
O=CC1CC1C2=CCCC2,0.7940784
N#CC1CC1C2=CCCC2,0.9071628
C=CC1CC1C2=COCC2,0.6861263
O=CC1CC1C2=COCC2,0.8331282
N#CC1CC1C2=COCC2,1.1682274
C=CC1CC1C2=CCNC2,0.63597816
O=CC1CC1C2=CCNC2,0.85140586
N#CC1CC1C2=CCNC2,1.038493
C=CC1CC1C2=CCOC2,0.90589255
O=CC1CC1C2=CCOC2,1.0466706
N#CC1CC1C2=CCOC2,1.1299926
C=CC1CC1C2=NNCC2,0.6647179
C=CC1CC1C2=NOCC2,0.9321954
C=CC1CC1C2=NCCN2,0.62845594
C=CC1CC1C2=CCCO2,0.78538406
O=CC1CC1C2=CCCO2,0.7066682
N#CC1CC1C2=CCCO2,1.0253061
C=CC1CC1C2=COCO2,0.56134546
O=CC1CC1C2=COCO2,0.71773076
N#CC1CC1C2=COCO2,1.020869
C=CC1CC1C2=NOCO2,0.92724824
C=CC1NC1C2=CCCC2,0.5986236
O=CC1NC1C2=CCCC2,0.7765261
N#CC1NC1C2=CCCC2,1.010713
C=CC1NC1C2=COCC2,0.60508955
O=CC1NC1C2=COCC2,0.9277866
N#CC1NC1C2=COCC2,1.3969496
C=CC1NC1C2=CCNC2,0.6651203
O=CC1NC1C2=CCNC2,0.80468816
N#CC1NC1C2=CCNC2,0.9411901
C=CC1NC1C2=CCOC2,0.89607537
O=CC1NC1C2=CCOC2,0.83016384
N#CC1NC1C2=CCOC2,1.1809144
C=CC1NC1C2=NNCC2,0.65916187
C=CC1NC1C2=NOCC2,1.0510377
C=CC1NC1C2=NCCN2,0.8173917
C=CC1NC1C2=CCCO2,0.8069471
O=CC1NC1C2=CCCO2,0.76266026
N#CC1NC1C2=CCCO2,1.0223577
C=CC1NC1C2=COCO2,0.5799154
O=CC1NC1C2=COCO2,0.8064429
N#CC1NC1C2=COCO2,0.7727374
C=CC1NC1C2=NOCO2,1.0156763
C=CC1OC1C2=CCCC2,0.96769303
O=CC1OC1C2=CCCC2,1.0969175
N#CC1OC1C2=CCCC2,1.1309552
C=CC1OC1C2=COCC2,0.8867613
O=CC1OC1C2=COCC2,1.2123586
N#CC1OC1C2=COCC2,1.3206502
C=CC1OC1C2=CCNC2,0.84330034
O=CC1OC1C2=CCNC2,0.991055
N#CC1OC1C2=CCNC2,0.9910717
C=CC1OC1C2=CCOC2,1.1535714
O=CC1OC1C2=CCOC2,1.268226
N#CC1OC1C2=CCOC2,1.3634506
C=CC1OC1C2=NNCC2,0.94085467
C=CC1OC1C2=NOCC2,1.0948414
C=CC1OC1C2=NCCN2,0.97933495
C=CC1OC1C2=CCCO2,1.0715142
O=CC1OC1C2=CCCO2,1.0895535
N#CC1OC1C2=CCCO2,1.2084106
C=CC1OC1C2=COCO2,0.7483323
O=CC1OC1C2=COCO2,0.82184684
N#CC1OC1C2=COCO2,1.0906856
C=CC1OC1C2=NOCO2,1.2284235
N=CN1CC1C2=CCCC2,0.85114944
O=CN1CC1C2=CCCC2,0.84224695
C=NN1CC1C2=CCCC2,0.9775798
N=CN1CC1C2=COCC2,0.91381997
O=CN1CC1C2=COCC2,0.9684348
C=NN1CC1C2=COCC2,1.022861
N=CN1CC1C2=CCNC2,0.9721607
O=CN1CC1C2=CCNC2,0.8822785
C=NN1CC1C2=CCNC2,1.1383787
N=CN1CC1C2=CCOC2,1.1805161
O=CN1CC1C2=CCOC2,1.0374154
C=NN1CC1C2=CCOC2,1.3033645
N=CN1CC1C2=CCCO2,0.86143833
O=CN1CC1C2=CCCO2,0.8054233
C=NN1CC1C2=CCCO2,1.1199363
N=CN1CC1C2=COCO2,0.8373578
O=CN1CC1C2=COCO2,0.7873136
C=NN1CC1C2=COCO2,1.0183812
C=CC1CN1C2=NCCC2,0.8962348
C=CC1CN1C2=NNCC2,0.65829664
C=CC1CN1C2=NOCC2,0.9573165
C=CC1CN1C2=NCCN2,0.6710636
C=CC1CN1C2=NCCO2,0.8539299
C=CC1CN1C2=NOCO2,0.92173016
C#CC1CC1C2=CCCC2,0.84213716
C#CC1CC1C2=COCC2,0.90955126
C#CC1CC1C2=CCNC2,0.9704982
C#CC1CC1C2=CCOC2,1.1478239
C#CC1CC1C2=CCCO2,0.8029547
C#CC1CC1C2=COCO2,0.76744014
C#CC1NC1C2=CCCC2,0.8078208
C#CC1NC1C2=COCC2,0.93842626
C#CC1NC1C2=CCNC2,0.8759884
C#CC1NC1C2=CCOC2,0.87063324
C#CC1NC1C2=CCCO2,0.822338
C#CC1NC1C2=COCO2,0.79909205
C#CC1OC1C2=CCCC2,1.1113075
C#CC1OC1C2=COCC2,1.242158
C#CC1OC1C2=CCNC2,0.9980581
C#CC1OC1C2=CCOC2,1.325574
C#CC1OC1C2=CCCO2,1.0794423
C#CC1OC1C2=COCO2,0.84157705
CCC1CC1C2=CC=CC2,0.8717676
NCC1CC1C2=CC=CC2,0.79674125
OCC1CC1C2=CC=CC2,0.8652373
CNC1CC1C2=CC=CC2,0.74585444
COC1CC1C2=CC=CC2,0.8835203
CCC1NC1C2=CC=CC2,0.8047758
NCC1NC1C2=CC=CC2,0.86606115
OCC1NC1C2=CC=CC2,0.83251834
CCC1OC1C2=CC=CC2,1.0940734
NCC1OC1C2=CC=CC2,1.0467399
OCC1OC1C2=CC=CC2,1.1179012
CCN1CC1C2=CC=CC2,0.8162272
C=CC1CC1C2=CC=CC2,0.90725374
O=CC1CC1C2=CC=CC2,0.8655804
N#CC1CC1C2=CC=CC2,1.1489727
C=CC1CC1C2=NN=CC2,1.7431095
C=CC1CC1c2ccc[nH]2,0.6116578
C=CC1CC1c2c[nH]cn2,0.7931223
C=CC1CC1c2cc[nH]n2,0.6465111
C=CC1CC1c2cnn[nH]2,1.0860978
C=CC1CC1c2ncc[nH]2,0.7888867
C=CC1CC1c2nc[nH]n2,0.93525386
C=CC1CC1c2nnn[nH]2,1.51624
C=CC1CC1c2ccco2,0.91290283
C=CC1CC1c2cnco2,1.0821052
C=CC1CC1c2ccno2,1.374028
C=CC1CC1c2cnno2,1.6428005
C=CC1CC1c2ncco2,1.0155956
C=CC1CC1c2nnco2,1.3424963
C=CC1CC1c2ncno2,1.540837
C=CC1CC1c2nnno2,1.7505368
C=CC1NC1C2=CC=CC2,0.88863766
O=CC1NC1C2=CC=CC2,0.8856987
N#CC1NC1C2=CC=CC2,1.2363447
C=CC1NC1C2=NN=CC2,1.6401619
C=CC1NC1c2ccc[nH]2,0.5433369
C=CC1NC1c2c[nH]cn2,0.8684654
C=CC1NC1c2cc[nH]n2,0.73841095
C=CC1NC1c2cnn[nH]2,1.3279309
C=CC1NC1c2ncc[nH]2,0.9818356
C=CC1NC1c2ncn[nH]2,1.2323453
C=CC1NC1c2nnc[nH]2,1.2582753
C=CC1NC1c2nnn[nH]2,1.5122262
C=CC1NC1c2ccco2,0.8163748
C=CC1NC1c2cnco2,1.1834601
C=CC1NC1c2ccno2,1.2777286
C=CC1NC1c2cnno2,1.6214978
C=CC1NC1c2ncco2,1.1887933
C=CC1NC1c2nnco2,1.47948
C=CC1NC1c2ncno2,1.6642305
C=CC1NC1c2nnno2,1.9394078
C=CC1OC1C2=CC=CC2,1.1490977
O=CC1OC1C2=CC=CC2,1.1848117
N#CC1OC1C2=CC=CC2,1.4059638
C=CC1OC1C2=NN=CC2,1.9971595
C=CC1OC1c2ccc[nH]2,0.9422591
C=CC1OC1c2c[nH]cn2,1.1078914
C=CC1OC1c2cc[nH]n2,1.2178619
C=CC1OC1c2cnn[nH]2,1.7599932
C=CC1OC1c2ncc[nH]2,1.1098722
C=CC1OC1c2nc[nH]n2,1.4852138
C=CC1OC1c2nnn[nH]2,1.9212329
C=CC1OC1c2ccco2,1.3544174
C=CC1OC1c2cnco2,1.4094669
C=CC1OC1c2ccno2,1.6675977
C=CC1OC1c2cnno2,2.0110795
C=CC1OC1c2ncco2,1.4073576
C=CC1OC1c2nnco2,1.5094365
C=CC1OC1c2ncno2,1.9777228
C=CC1OC1c2nnno2,2.1418657
N=CN1CC1C2=CC=CC2,0.90092915
O=CN1CC1C2=CC=CC2,0.8664847
C=NN1CC1C2=CC=CC2,1.0823102
C=CC1CN1C2=NN=CC2,1.6423012
C=CC1CN1C2=NC=NC2,1.5346607
C=CC1CN1c2ccc[nH]2,0.47176197
C=CC1CN1c2c[nH]cn2,0.71754897
C=CC1CN1c2cc[nH]n2,0.7694757
C=CC1CN1c2cnn[nH]2,1.4684633
C=CC1CN1c2ncc[nH]2,0.8007252
C=CC1CN1c2nc[nH]n2,1.1248925
C=CC1CN1c2ncn[nH]2,1.2890384
C=CC1CN1c2nnn[nH]2,1.6469514
C=CC1CN1c2ccco2,0.805097
C=CC1CN1c2cnco2,1.1100396
C=CC1CN1c2ccno2,1.317796
C=CC1CN1c2cnno2,1.6591616
C=CC1CN1c2ncco2,0.9484451
C=CC1CN1c2nnco2,1.3623849
C=CC1CN1c2ncno2,1.5110708
C=CC1CN1c2nnno2,1.8645357
C#CC1CC1C2=CC=CC2,0.9400258
C#CC1NC1C2=CC=CC2,0.87347096
C#CC1OC1C2=CC=CC2,1.2660187
CCC1CC1C2=CCC=C2,0.88631433
NCC1CC1C2=CCC=C2,0.8510515
OCC1CC1C2=CCC=C2,0.8451234
CNC1CC1C2=CCC=C2,0.7539787
COC1CC1C2=CCC=C2,0.82409364
CCC1NC1C2=CCC=C2,0.81771415
NCC1NC1C2=CCC=C2,0.7236477
OCC1NC1C2=CCC=C2,0.87504196
CCC1OC1C2=CCC=C2,1.1227913
NCC1OC1C2=CCC=C2,1.0448331
OCC1OC1C2=CCC=C2,1.0089757
CCN1CC1C2=CCC=C2,0.8331935
CCC1CN1C2=NCC=C2,1.1171678
NCC1CN1C2=NCC=C2,1.239857
OCC1CN1C2=NCC=C2,1.2050442
C=CC1CC1C2=CCC=C2,0.8551274
O=CC1CC1C2=CCC=C2,0.97620136
N#CC1CC1C2=CCC=C2,1.1121833
C=CC1CC1c2cc[nH]c2,0.612936
C=CC1CC1c2ccoc2,0.93596214
C=CC1CC1c2cn[nH]c2,0.9778714
C=CC1CC1c2cnoc2,1.2955348
C=CC1CC1c2ccon2,1.0115558
C=CC1CC1c2c[nH]nn2,0.9838941
C=CC1CC1c2cnon2,1.3572409
C=CC1CC1c2cocn2,0.9421822
C=CC1CC1c2conn2,1.2859639
C=CC1CC1c2ncon2,1.1475406
C=CC1CC1c2nn[nH]n2,1.2899572
C=CC1CC1c2nnon2,1.4350101
C=CC1NC1C2=CCC=C2,0.9342893
O=CC1NC1C2=CCC=C2,0.8565967
N#CC1NC1C2=CCC=C2,0.91199565
C=CC1NC1c2cc[nH]c2,0.7060497
C=CC1NC1c2ccoc2,0.9626053
C=CC1NC1c2cn[nH]c2,1.0766197
C=CC1NC1c2cnoc2,1.5457835
C=CC1NC1c2ccon2,1.1128165
C=CC1NC1c2c[nH]nn2,1.0601895
C=CC1NC1c2cnon2,1.4563327
C=CC1NC1c2cocn2,1.0420961
C=CC1NC1c2conn2,1.2908806
C=CC1NC1c2ncon2,1.2992388
C=CC1NC1c2nn[nH]n2,1.4790932
C=CC1NC1c2nnon2,1.6399473
C=CC1OC1C2=CCC=C2,1.0878044
O=CC1OC1C2=CCC=C2,1.0860034
N#CC1OC1C2=CCC=C2,1.3067746
C=CC1OC1c2cc[nH]c2,0.7958044
C=CC1OC1c2ccoc2,1.2551783
C=CC1OC1c2cn[nH]c2,1.2772115
C=CC1OC1c2cnoc2,1.7652391
C=CC1OC1c2ccon2,1.3601996
C=CC1OC1c2c[nH]nn2,1.3811597
C=CC1OC1c2cnon2,1.9283533
C=CC1OC1c2cocn2,1.2369958
C=CC1OC1c2conn2,1.6945875
C=CC1OC1c2ncon2,1.5907367
C=CC1OC1c2nn[nH]n2,1.7709496
C=CC1OC1c2nnon2,1.9732791
N=CN1CC1C2=CCC=C2,0.9930622
O=CN1CC1C2=CCC=C2,0.89215237
C=NN1CC1C2=CCC=C2,1.138957
C=CC1CN1c2cc[nH]c2,0.5783646
C=CC1CN1c2ccoc2,0.9828304
C=CC1CN1c2cn[nH]c2,1.1424966
C=CC1CN1c2cnoc2,1.6597673
C=CC1CN1C2=NCC=C2,1.023354
O=CC1CN1C2=NCC=C2,1.5890713
N#CC1CN1C2=NCC=C2,1.6221646
C=CC1CN1c2ccon2,1.0450695
C=CC1CN1c2c[nH]nn2,1.1027342
C=CC1CN1c2cnon2,1.6945574
C=CC1CN1c2cocn2,1.0167763
C=CC1CN1c2conn2,1.3926917
C=CC1CN1c2ncon2,1.1717837
C=CC1CN1c2nn[nH]n2,1.4135464
C=CC1CN1c2nnon2,1.7990329
C#CC1CC1C2=CCC=C2,1.0578121
C#CC1NC1C2=CCC=C2,0.8671305
C#CC1OC1C2=CCC=C2,1.054427
C#CC1CN1C2=NCC=C2,1.385802
C1CCC(C1)C2CC=CC2,0.59161407
C1CC(CN1)C2CC=CC2,0.44560477
C1CC(CO1)C2CC=CC2,0.80919623
C1CCC(C1)C2CC=CO2,0.3872976
C1CC(CN1)C2CC=CO2,0.45455474
C1CC(CO1)C2CC=CO2,0.5268184
C1CCC(C1)C2OC=CO2,0.522104
C1CC(CN1)C2OC=CO2,0.6590265
C1CC(CO1)C2OC=CO2,0.5498961
C1CNC(C1)C2CC=CC2,0.48348764
C1CNC(C1)C2CC=CO2,0.412144
C1CNC(C1)C2OC=CO2,0.5532961
C1COC(C1)C2CC=CC2,0.55954635
C1OCC(O1)C2CC=CC2,0.52373505
C1COC(C1)C2CC=CO2,0.50414103
C1OCC(O1)C2CC=CO2,0.40485284
C1COC(C1)C2OC=CO2,0.46882537
C1OCC(O1)C2OC=CO2,0.4043745
C1COC(O1)C2CC=CC2,0.5744906
C1COC(O1)C2CC=CO2,0.27565044
C1COC(O1)C2OC=CO2,0.2294976
C1CCC(C1)N2CC=CC2,0.4088234
C1CC(CN1)N2CC=CC2,0.429364
C1CC(CO1)N2CC=CC2,0.5846355
C1CCN(C1)C2CC=CC2,0.43167984
C1CCC(C1)C2CCC=C2,0.6284539
C1CCC(C1)C2COC=C2,0.41428012
C1CC(CN1)C2CCC=C2,0.46979257
C1CC(CN1)C2COC=C2,0.50184184
C1CC(CO1)C2CCC=C2,0.7263219
C1CC(CO1)C2COC=C2,0.69991887
C1CCC(C1)C2NCC=C2,0.5483872
C1CC(CN1)C2NCC=C2,0.48352674
C1CC(CO1)C2NCC=C2,0.5777643
C1CCC(C1)C2OCC=C2,0.70995814
C1CC(CN1)C2OCC=C2,0.74515826
C1CC(CO1)C2OCC=C2,1.0098037
C1CNC(C1)C2CCC=C2,0.5448048
C1CNC(C1)C2COC=C2,0.4679588
C1CNC(C1)C2NCC=C2,0.48638707
C1CNC(C1)C2OCC=C2,0.746094
C1COC(C1)C2CCC=C2,0.6177022
C1COC(C1)C2COC=C2,0.5553812
C1OCC(O1)C2CCC=C2,0.50464684
C1OCC(O1)C2COC=C2,0.52711546
C1COC(C1)C2NCC=C2,0.4803982
C1NC(C=C1)C2COCO2,0.7240274
C1COC(C1)C2OCC=C2,0.6795846
C1OCC(O1)C2OCC=C2,0.6698589
C1COC(O1)C2CCC=C2,0.5304265
C1COC(O1)C2COC=C2,0.4341643
C1COC(O1)C2NCC=C2,0.5282688
C1COC(O1)C2OCC=C2,0.650152
C1CCN(C1)C2CCC=C2,0.4416831
C1CCN(C1)C2COC=C2,0.3607321
C1CCC(C1)C2C=CC=C2,0.8827136
C1CC(CN1)C2C=CC=C2,0.7438837
C1CC(CO1)C2C=CC=C2,1.0444206
C1CNC(C1)C2C=CC=C2,0.8355936
C1COC(C1)C2C=CC=C2,0.91818494
C1OCC(O1)C2C=CC=C2,0.73074365
C1COC(O1)C2C=CC=C2,0.74847806
C1CCN(C1)C2C=CC=C2,0.7221828
C1C=CCC1C2CC=CC2,0.8227975
C1C=CCC1C2CC=NN2,0.83055305
C1C=CCC1C2CN=CN2,0.621985
C1C=CCC1C2CC=CO2,0.6323301
C1C=CCC1C2CC=NO2,0.98129964
C1C=CCC1C2OC=CO2,0.60633796
C1C=CCC1C2OC=NO2,0.8368796
C1C=COC1C2CC=NN2,0.73686624
C1C=COC1C2CN=CN2,0.62693506
C1C=NNC1C2OC=CO2,0.52107066
C1N=CNC1C2OC=CO2,0.4422298
C1C=COC1C2CC=CO2,0.5187702
C1C=COC1C2CC=NO2,0.8685029
C1C=COC1C2OC=CO2,0.5398744
C1C=COC1C2OC=NO2,0.8891759
C1C=NOC1C2OC=CO2,0.90081215
O1C=COC1C2OC=CO2,0.482813
O1C=COC1C2OC=NO2,0.99384797
C1C=CCC1N2CC=CC2,0.5162542
C1CC(C=C1)C2CC=CC2,0.7515418
C1NN=CC1C2CC=CC2,0.6683504
C1OC=CC1C2CC=CC2,0.6225142
C1ON=CC1C2CC=CC2,1.1159307
C1NC(C=C1)C2CC=CC2,0.6388717
C1OC(C=C1)C2CC=CC2,0.9172943
C1CC(C=C1)C2CC=NN2,0.9826731
C1OC=CC1C2CC=NN2,0.78596085
C1CC(C=C1)C2CN=CN2,0.7114246
C1OC=CC1C2CN=CN2,0.6270893
C1NC(C=C1)C2CC=NN2,0.9852962
C1NC(C=C1)C2CN=CN2,0.72566915
C1OC(C=C1)C2CC=NN2,1.1450462
C1OC(C=C1)C2CN=CN2,0.81394863
C1CC(C=C1)C2CC=CO2,0.5632697
C1NN=CC1C2CC=CO2,0.81475216
C1OC=CC1C2CC=CO2,0.52673835
C1ON=CC1C2CC=CO2,1.2925229
C1CC(C=C1)C2CC=NO2,0.981437
C1OC=CC1C2CC=NO2,0.8829646
C1NC(C=C1)C2CC=CO2,0.58321905
C1NC(C=C1)C2CC=NO2,0.93533456
C1OC(C=C1)C2CC=CO2,0.78899336
C1OC(C=C1)C2CC=NO2,1.2099086
C1CC(C=C1)C2OC=CO2,0.75472486
C1NN=CC1C2OC=CO2,0.5904012
C1OC=CC1C2OC=CO2,0.44621217
C1ON=CC1C2OC=CO2,1.0093727
C1CC(C=C1)C2OC=NO2,0.88619053
C1OC=CC1C2OC=NO2,0.74052584
C1NC(C=C1)C2OC=CO2,0.75131434
C1NC(C=C1)C2OC=NO2,0.7507581
C1OC(C=C1)C2OC=CO2,0.6733955
C1OC(C=C1)C2OC=NO2,0.97682667
C1CN(C=N1)C2CC=CC2,0.69372314
C1CN(N=C1)C2CC=CC2,0.5888238
C1CC(C=C1)N2CC=CC2,0.60063773
C1NN=CC1N2CC=CC2,0.67222506
C1OC=CC1N2CC=CC2,0.544307
C1ON=CC1N2CC=CC2,0.9455422
C1CN(C=N1)N2CC=CC2,0.578064
C1C=CCC1C2C=CC=C2,0.86580276
C1C=CCC1C2C=NN=C2,1.50562
C1C=NNC1C2C=CC=C2,0.887836
C1N=CNC1C2C=CC=C2,0.8868071
C1C=COC1C2C=CC=C2,1.0040938
C1C=COC1C2C=NN=C2,1.6076797
C1C=NOC1C2C=CC=C2,1.1918516
O1C=COC1C2C=CC=C2,0.9451117
O1C=COC1C2C=NN=C2,1.6787564
O1C=NOC1C2C=CC=C2,1.1536248
C1C=CCC1n2cccc2,0.53087616
C1C=CCC1n2ccnc2,0.8322118
C1C=CCC1n2cnnc2,1.0953888
C1C=CCC1n2cccn2,0.85097116
C1C=CCC1n2ccnn2,1.1948172
C1C=CCC1n2cncn2,1.1817911
C1C=CCC1n2cnnn2,1.3132081
C1C=CCC1n2nccn2,1.1947047
C1C=CCC1n2ncnn2,1.4717859
C1C=CCN1C2C=CC=C2,0.9294145
C1C=CCN1C2C=NN=C2,1.598377
C1C=CCN1n2cccc2,0.68392503
C1C=CCN1n2ccnc2,0.7598904
C1C=CCN1n2cnnc2,1.0414096
C1C=CCN1n2cccn2,0.8352426
C1C=CCN1n2ccnn2,1.1668181
C1C=CCN1n2cncn2,1.2231323
C1CC(C=C1)C2CCC=C2,0.7229402
C1CC(C=C1)C2CNN=C2,0.8652199
C1CC(C=C1)C2COC=C2,0.68003446
C1CC(C=C1)C2CON=C2,1.088557
C1NN=CC1C2COC=C2,0.65132904
C1OC=CC1C2COC=C2,0.68253106
C1OC=CC1C2CON=C2,0.9986613
C1NC=NC1C2COC=C2,0.578431
C1CC(C=C1)C2NCC=C2,0.6626691
C1NC(C=C1)C2CNN=C2,0.88336957
C1NC(C=C1)C2COC=C2,0.70193255
C1NC(C=C1)C2CON=C2,1.0218335
C1CC(C=C1)C2OCC=C2,0.94724065
C1OC(C=C1)C2CNN=C2,0.997529
C1OC(C=C1)C2COC=C2,0.8727419
C1OC(C=C1)C2CON=C2,1.1237899
C1NC(C=C1)C2NCC=C2,0.7570368
C1NC(C=C1)C2OCC=C2,0.8717574
C1OC(C=C1)C2OCC=C2,0.903898
C1CC(C=C1)N2CCN=C2,0.6491344
C1CN(C=N1)C2COC=C2,0.5583552
C1CC(C=C1)N2CCC=N2,0.5278385
C1CN(N=C1)C2COC=C2,0.63701403
C1CC(C=C1)C2C=CC=C2,0.95835495
C1CC(C=C1)C2C=NN=C2,1.5636307
C1NN=CC1C2C=CC=C2,0.85799545
C1OC=CC1C2C=CC=C2,0.8070482
C1OC=CC1C2C=NN=C2,1.676236
C1ON=CC1C2C=CC=C2,1.2838128
C1NC(C=C1)C2C=CC=C2,0.9595333
C1NC(C=C1)C2C=NN=C2,1.5900675
C1OC(C=C1)C2C=CC=C2,1.0254234
C1OC(C=C1)C2C=NN=C2,1.8073668
C1CC(C=C1)n2cccc2,0.7626127
C1CC(C=C1)n2ccnc2,0.94882786
C1CC(C=C1)n2cnnc2,1.2293786
C1OC=CC1n2cccc2,0.7529396
C1OC=CC1n2ccnc2,0.96342117
C1OC=CC1n2cnnc2,1.4150872
C1CC(C=C1)n2cccn2,0.7839849
C1CC(C=C1)n2ccnn2,1.1106913
C1CC(C=C1)n2cncn2,1.305553
C1CC(C=C1)n2cnnn2,1.3769807
C1OC=CC1n2cccn2,0.9301849
C1OC=CC1n2ccnn2,1.1934503
C1OC=CC1n2cncn2,1.2692105
C1OC=CC1n2cnnn2,1.5178441
C1CC(C=C1)n2nccn2,1.2589391
C1CC(C=C1)n2ncnn2,1.5893157
C1OC=CC1n2nccn2,1.1559607
C1OC=CC1n2ncnn2,1.4868293
C1CN(C=N1)C2C=CC=C2,0.8193375
C1CN(N=C1)C2C=CC=C2,0.8696914
C1=CC(C=C1)C2C=CC=C2,1.01548
C1=CC(C=C1)C2C=NN=C2,1.8896507
C1=CC(C=C1)n2cccc2,0.9202788
C1=CC(C=C1)n2ccnc2,1.1787761
C1=CC(C=C1)n2cnnc2,1.4938729
C1=CC(C=C1)n2cccn2,1.1402411
C1=CC(C=C1)n2ccnn2,1.3590297
C1=CC(C=C1)n2cncn2,1.4369776
C1=CC(C=C1)n2cnnn2,1.7174629
C1=CC(C=C1)n2nccn2,1.4071915
C1=CC(C=C1)n2ncnn2,1.7032354
C1CCC(C1)C2=CCCC2,0.49585703
C1CCC(C1)C2=COCC2,0.41077128
C1CCC(C1)C2=CCNC2,0.3702579
C1CCC(C1)C2=CCOC2,0.59906185
C1CC=C(C1)C2CCNC2,0.48780438
C1CC(CN1)C2=COCC2,0.6592602
C1CC(CN1)C2=CCNC2,0.43966803
C1CC(CN1)C2=CCOC2,0.4818934
C1CC=C(C1)C2CCOC2,0.3971531
C1CC(CO1)C2=COCC2,0.78044045
C1CC(CO1)C2=CCNC2,0.5723075
C1CC(CO1)C2=CCOC2,0.7259004
C1CCC(C1)C2=CCCO2,0.44197357
C1CCC(C1)C2=COCO2,0.49020955
C1CC(CN1)C2=CCCO2,0.42841837
C1CC(CN1)C2=COCO2,0.5924339
C1CC=C(O1)C2CCOC2,0.58296824
C1CC(CO1)C2=COCO2,0.6412983
C1CNC(C1)C2=CCCC2,0.4555226
C1CNC(C1)C2=COCC2,0.57134706
C1CNC(C1)C2=CCNC2,0.49993435
C1CNC(C1)C2=CCOC2,0.46007398
C1CNC(C1)C2=CCCO2,0.3826395
C1CNC(C1)C2=COCO2,0.32754272
C1COC(C1)C2=CCCC2,0.58972806
C1COC(C1)C2=COCC2,0.48057935
C1COC(C1)C2=CCNC2,0.49879768
C1COC(C1)C2=CCOC2,0.6508446
C1CC=C(C1)C2COCO2,0.7627175
C1CC(=CO1)C2COCO2,0.660088
C1NCC(=C1)C2COCO2,0.6493864
C1OCC(O1)C2=CCOC2,0.57778466
C1COC(C1)C2=CCCO2,0.5907946
C1COC(C1)C2=COCO2,0.44513798
C1CC=C(O1)C2COCO2,0.779529
C1OCC(O1)C2=COCO2,0.4223069
C1CC=C(C1)C2OCCO2,0.74809265
C1COC(O1)C2=COCC2,0.5792104
C1COC(O1)C2=CCNC2,0.43759155
C1COC(O1)C2=CCOC2,0.5819493
C1COC(O1)C2=CCCO2,0.5665704
C1COC(O1)C2=COCO2,0.32376978
C1CCC(C1)C2=CC=CC2,0.8216974
C1CC(CN1)C2=CC=CC2,0.846507
C1CC(CO1)C2=CC=CC2,1.145689
C1CNC(C1)C2=CC=CC2,0.7818087
C1COC(C1)C2=CC=CC2,0.95188606
C1OCC(O1)C2=CC=CC2,0.80372477
C1COC(O1)C2=CC=CC2,0.8104188
C1CCC(C1)C2=CCC=C2,0.800765
C1CC(CN1)C2=CCC=C2,0.87054676
C1CC(CO1)C2=CCC=C2,1.0730821
C1CNC(C1)C2=CCC=C2,0.8014549
C1COC(C1)C2=CCC=C2,0.916483
C1OCC(O1)C2=CCC=C2,0.83344454
C1COC(O1)C2=CCC=C2,0.82281005
C1CCN(C1)C2=NCC=C2,0.92221117
C1CNN(C1)C2=NCC=C2,1.010439
C1CON(C1)C2=NCC=C2,0.98922426
C1CC=C(C1)C2CC=CC2,0.6563072
C1CC(=CO1)C2CC=CC2,0.6351062
C1NCC(=C1)C2CC=CC2,0.57318133
C1OCC(=C1)C2CC=CC2,0.70988655
C1CC(=NN1)C2CC=CC2,0.5936118
C1CC(=NO1)C2CC=CC2,0.7257988
C1CN=C(N1)C2CC=CC2,0.65095055
C1CC=C(O1)C2CC=CC2,0.7366954
C1OC=C(O1)C2CC=CC2,0.5183319
C1ON=C(O1)C2CC=CC2,0.7770477
C1CC=C(C1)C2CC=NN2,0.8349686
C1CC(=CO1)C2CC=NN2,0.82149434
C1NCC(=C1)C2CC=NN2,0.9317101
C1OCC(=C1)C2CC=NN2,0.89505136
C1CC=C(C1)C2CN=CN2,0.7785461
C1CC(=CO1)C2CN=CN2,0.6574428
C1NCC(=C1)C2CN=CN2,0.77598286
C1OCC(=C1)C2CN=CN2,0.808562
C1CC=C(O1)C2CC=NN2,0.7781194
C1OC=C(O1)C2CC=NN2,0.860161
C1CC=C(O1)C2CN=CN2,0.6565365
C1OC=C(O1)C2CN=CN2,0.66119975
C1CC=C(C1)C2CC=CO2,0.5918118
C1CC(=CO1)C2CC=CO2,0.52749586
C1NCC(=C1)C2CC=CO2,0.4851166
C1OCC(=C1)C2CC=CO2,0.6576875
C1CC=C(C1)C2CC=NO2,0.88381964
C1CC(=CO1)C2CC=NO2,0.8505746
C1NCC(=C1)C2CC=NO2,0.7492204
C1OCC(=C1)C2CC=NO2,0.95339817
C1CC(=NN1)C2CC=CO2,0.71213627
C1CC(=NO1)C2CC=CO2,0.93495095
C1CN=C(N1)C2CC=CO2,0.4980951
C1CC=C(O1)C2CC=CO2,0.5509739
C1OC=C(O1)C2CC=CO2,0.4142574
C1CC=C(O1)C2CC=NO2,0.93274987
C1OC=C(O1)C2CC=NO2,0.7288261
C1ON=C(O1)C2CC=CO2,0.8617837
C1CC=C(C1)C2OC=CO2,0.6477405
C1CC(=CO1)C2OC=CO2,0.4044722
C1NCC(=C1)C2OC=CO2,0.59112036
C1OCC(=C1)C2OC=CO2,0.5352907
C1CC=C(C1)C2OC=NO2,0.6989524
C1CC(=CO1)C2OC=NO2,0.6461576
C1NCC(=C1)C2OC=NO2,0.49478653
C1OCC(=C1)C2OC=NO2,0.797541
C1CC(=NN1)C2OC=CO2,0.5279572
C1CC(=NO1)C2OC=CO2,0.7763562
C1CN=C(N1)C2OC=CO2,0.41248968
C1CC=C(O1)C2OC=CO2,0.6724379
C1OC=C(O1)C2OC=CO2,0.2775908
C1CC=C(O1)C2OC=NO2,0.9335417
C1OC=C(O1)C2OC=NO2,0.7887189
C1ON=C(O1)C2OC=CO2,1.0422083
C1CN=C(C1)N2CC=CC2,0.51413494
C1CC(=NN1)N2CC=CC2,0.5308776
C1CC(=NO1)N2CC=CC2,0.8783649
C1CN=C(N1)N2CC=CC2,0.5531464
C1CN=C(O1)N2CC=CC2,0.53812015
C1ON=C(O1)N2CC=CC2,0.81269485
C1C=CCC1C2=CC=CC2,0.9556813
C1C=CCC1C2=NN=CC2,1.438752
C1C=CCC1c2ccc[nH]2,0.66032267
C1C=CCC1c2c[nH]cn2,0.5834223
C1C=CCC1c2cc[nH]n2,0.7273746
C1C=CCC1c2cnn[nH]2,1.1454399
C1C=CCC1c2ncc[nH]2,0.8623483
C1C=CCC1c2nc[nH]n2,0.9543563
C1C=CCC1c2nnn[nH]2,1.3771653
C1C=CCC1c2ccco2,0.82442796
C1C=CCC1c2cnco2,0.97915477
C1C=CCC1c2ccno2,1.2654752
C1C=CCC1c2cnno2,1.5881343
C1C=CCC1c2ncco2,0.9912106
C1C=CCC1c2nnco2,1.1527989
C1C=CCC1c2ncno2,1.4597936
C1C=CCC1c2nnno2,1.6398048
C1C=NNC1C2=CC=CC2,0.90814376
C1C=CC=C1C2CN=CN2,0.8866199
C1C=COC1C2=CC=CC2,0.9188863
C1C=NOC1C2=CC=CC2,1.149809
C1C=COC1C2=NN=CC2,1.7428067
C1C=COC1c2ccc[nH]2,0.5928235
C1C=COC1c2c[nH]cn2,0.7259871
C1C=COC1c2cc[nH]n2,0.94309694
C1C=COC1c2cnn[nH]2,1.3705899
C1C=COC1c2ncc[nH]2,0.8304936
C1C=COC1c2nc[nH]n2,1.1642652
C1C=COC1c2ncn[nH]2,1.365014
C1C=COC1c2nnn[nH]2,1.5584904
C1C=COC1c2ccco2,0.77030605
C1C=COC1c2cnco2,0.8520366
C1C=COC1c2ccno2,1.2448775
C1C=COC1c2cnno2,1.6453339
C1C=COC1c2ncco2,0.9223353
C1C=COC1c2nnco2,1.211039
C1C=COC1c2ncno2,1.6697363
C1C=COC1c2nnno2,1.8476735
C1C=CC=C1C2OC=CO2,0.69766015
C1C=CC=C1C2OC=NO2,0.98321235
C1C=NN=C1C2OC=CO2,0.9917774
O1C=COC1c2ccc[nH]2,0.7647187
O1C=COC1c2c[nH]cn2,0.8399923
O1C=COC1c2cc[nH]n2,1.1165153
O1C=COC1c2cnn[nH]2,1.1450032
O1C=COC1c2ncc[nH]2,1.019127
O1C=COC1c2nc[nH]n2,1.209225
O1C=COC1c2nnn[nH]2,1.6245494
O1C=COC1c2ccco2,0.8826165
O1C=COC1c2cnco2,0.7673651
O1C=COC1c2ccno2,1.3044326
O1C=COC1c2cnno2,1.6231326
O1C=COC1c2ncco2,0.8441514
O1C=COC1c2nnco2,1.3230026
O1C=COC1c2ncno2,1.5706407
O1C=COC1c2nnno2,1.966645
C1C=CCN1C2=NN=CC2,1.3530056
C1C=CCN1C2=NC=NC2,1.134724
C1C=CCN1c2ccc[nH]2,0.47327316
C1C=CCN1c2c[nH]cn2,0.50526196
C1C=CCN1c2cc[nH]n2,0.71935105
C1C=CCN1c2cnn[nH]2,1.2125374
C1C=CCN1c2ncc[nH]2,0.7846791
C1C=CCN1c2nc[nH]n2,0.96759826
C1C=CCN1c2ncn[nH]2,0.99305606
C1C=CCN1c2nnn[nH]2,1.3299338
C1C=CCN1c2ccco2,0.6769835
C1C=CCN1c2cnco2,0.79307926
C1C=CCN1c2ccno2,1.0454127
C1C=CCN1c2cnno2,1.4212532
C1C=CCN1c2ncco2,0.74315506
C1C=CCN1c2nnco2,1.0227381
C1C=CCN1c2ncno2,1.2997402
C1C=CCN1c2nnno2,1.5878875
C1C=CC(=C1)C2CC=CC2,0.9163158
C1C=CCC1c2cc[nH]c2,0.6339202
C1C=CCC1c2ccoc2,0.8889805
C1C=CCC1c2cn[nH]c2,0.80858564
C1C=CCC1c2cnoc2,1.0861676
C1C=CCC1c2ccon2,1.0583365
C1C=CCC1c2c[nH]nn2,1.0366937
C1C=CCC1c2cnon2,1.4048293
C1C=CCC1c2cocn2,0.83558935
C1C=CCC1c2conn2,1.2664636
C1C=CCC1c2ncon2,1.2807049
C1C=CCC1c2nn[nH]n2,1.2443861
C1C=CCC1c2nnon2,1.3093858
C1C=CC(=C1)C2CC=NN2,1.0492281
C1C=CC(=C1)C2CN=CN2,0.96559644
C1C=CC(=C1)C2CC=CO2,0.79803246
C1C=COC1c2cc[nH]c2,0.586768
C1C=COC1c2ccoc2,0.90788287
C1C=COC1c2cn[nH]c2,0.82334197
C1C=COC1c2cnoc2,1.2486602
C1C=CC(=C1)C2CC=NO2,1.1132574
C1C=COC1c2ccon2,1.0749729
C1C=COC1c2cnon2,1.5966736
C1C=COC1c2cocn2,0.98895687
C1C=COC1c2c[nH]nn2,1.0313221
C1C=COC1c2conn2,1.3936924
C1C=COC1c2ncon2,1.253071
C1C=COC1c2nn[nH]n2,1.4690224
C1C=COC1c2nnon2,1.6605242
C1C=CC(=C1)C2OC=CO2,0.77394104
O1C=COC1c2cc[nH]c2,0.5955521
O1C=COC1c2ccoc2,0.7051019
O1C=COC1c2cn[nH]c2,0.91531175
O1C=COC1c2cnoc2,1.0836058
C1C=CC(=C1)C2OC=NO2,0.9396955
O1C=COC1c2ccon2,0.9576751
O1C=COC1c2c[nH]nn2,1.1734637
O1C=COC1c2cnon2,1.4857384
O1C=COC1c2cocn2,1.0105668
O1C=COC1c2conn2,1.4627424
O1C=COC1c2ncon2,1.2372776
O1C=COC1c2nn[nH]n2,1.3556885
O1C=COC1c2nnon2,1.8665776
C1C=CCN1c2cc[nH]c2,0.45788422
C1C=CCN1c2ccoc2,0.6889451
C1C=CCN1c2cn[nH]c2,0.6968491
C1C=CCN1c2cnoc2,1.2439609
C1C=CC(=N1)N2CC=CC2,0.71122587
C1C=CCN1c2ccon2,0.91042596
C1C=CCN1c2c[nH]nn2,0.9276949
C1C=CCN1c2cnon2,1.3538017
C1C=CCN1c2cocn2,0.90426147
C1C=CCN1c2conn2,1.381301
C1C=CCN1c2ncon2,1.1382858
C1C=CCN1c2nn[nH]n2,1.2435793
C1C=CCN1c2nnon2,1.5482045
C1CC=C(C1)C2CCC=C2,0.75822747
C1CC(=CO1)C2CCC=C2,0.7300373
C1CC(C=C1)C2=CCNC2,0.6719472
C1CC(C=C1)C2=CCOC2,0.89443064
C1CC=C(C1)C2CNN=C2,0.9368619
C1CC(=CO1)C2CNN=C2,0.7279216
C1NCC(=C1)C2CNN=C2,0.8916
C1OCC(=C1)C2CNN=C2,0.95740336
C1CC=C(C1)C2COC=C2,0.8047289
C1CC(=CO1)C2COC=C2,0.6357168
C1NCC(=C1)C2COC=C2,0.7510381
C1OCC(=C1)C2COC=C2,0.72068113
C1CC=C(C1)C2CON=C2,1.277386
C1CC(=CO1)C2CON=C2,0.99089164
C1NCC(=C1)C2CON=C2,0.9846928
C1OCC(=C1)C2CON=C2,1.1586381
C1CC(=NN1)C2CCC=C2,0.6155759
C1CC(=NO1)C2CCC=C2,0.8608533
C1CC(=NN1)C2COC=C2,0.54854727
C1CC(=NO1)C2COC=C2,0.7878326
C1CN=C(N1)C2CCC=C2,0.63767016
C1CN=C(N1)C2COC=C2,0.6374755
C1CC=C(O1)C2CCC=C2,0.83436805
C1OC=C(O1)C2CCC=C2,0.574384
C1CC=C(O1)C2CNN=C2,0.7740404
C1OC=C(O1)C2CNN=C2,0.9290934
C1CC=C(O1)C2COC=C2,0.8631138
C1OC=C(O1)C2COC=C2,0.82283425
C1CC=C(O1)C2CON=C2,1.0817786
C1OC=C(O1)C2CON=C2,0.9591516
C1ON=C(O1)C2CCC=C2,0.75420046
C1ON=C(O1)C2COC=C2,1.101921
C1CC=C(C1)C2NCC=C2,0.69734657
C1CC(=CO1)C2NCC=C2,0.5952403
C1NCC(=C1)C2NCC=C2,0.6981373
C1NC(C=C1)C2=CCOC2,0.88278764
C1CC(=NN1)C2NCC=C2,0.7752358
C1CC(=NO1)C2NCC=C2,0.77915525
C1CN=C(N1)C2NCC=C2,0.71057606
C1CC=C(O1)C2NCC=C2,0.8257009
C1NC(C=C1)C2=COCO2,0.60390687
C1NC(C=C1)C2=NOCO2,0.97926223
C1CC=C(C1)C2OCC=C2,0.976275
C1CC(=CO1)C2OCC=C2,0.6409247
C1NCC(=C1)C2OCC=C2,0.9293051
C1OCC(=C1)C2OCC=C2,0.82253826
C1CC(=NN1)C2OCC=C2,0.75936574
C1CC(=NO1)C2OCC=C2,1.0820576
C1CN=C(N1)C2OCC=C2,0.69155127
C1CC=C(O1)C2OCC=C2,0.88923943
C1OC=C(O1)C2OCC=C2,0.9471046
C1ON=C(O1)C2OCC=C2,1.3730001
C1CC=C(C1)N2CCN=C2,0.6692205
C1CC(=CO1)N2CCN=C2,0.6196762
C1CN(C=N1)C2=CCNC2,0.50940657
C1CN(C=N1)C2=CCOC2,0.78803277
C1CN=C(C1)N2CCC=C2,0.42670268
C1CC(=NN1)N2CCC=C2,0.56153256
C1CC(=NO1)N2CCC=C2,0.74537504
C1CN=C(N1)N2CCC=C2,0.476933
C1CC=C(O1)N2CCN=C2,0.6689914
C1OC=C(O1)N2CCN=C2,0.601047
C1CN=C(O1)N2CCC=C2,0.36742213
C1ON=C(O1)N2CCC=C2,0.5146294
C1CN=C(C1)N2NCC=C2,0.5042823
C1CC(=NN1)N2NCC=C2,0.6345589
C1CC(=NO1)N2NCC=C2,0.8446096
C1CN=C(N1)N2NCC=C2,0.44162148
C1CN=C(O1)N2NCC=C2,0.52870667
C1NN(C=C1)C2=NOCO2,0.8584546
C1CN=C(C1)N2OCC=C2,0.62750614
C1CC(=NN1)N2OCC=C2,0.8164601
C1CC(=NO1)N2OCC=C2,1.189469
C1CN=C(N1)N2OCC=C2,0.73281384
C1CN=C(O1)N2OCC=C2,1.0028012
C1ON=C(O1)N2OCC=C2,1.3514603
C1CC(C=C1)C2=CC=CC2,1.1047705
C1NN=CC1C2=CC=CC2,1.0585731
C1OC=CC1C2=CC=CC2,0.90795904
C1ON=CC1C2=CC=CC2,1.2686273
C1CC(C=C1)C2=NN=CC2,1.6965266
C1OC=CC1C2=NN=CC2,1.7452928
C1CC(C=C1)c2ccc[nH]2,0.7361325
C1CC(C=C1)c2c[nH]cn2,0.84967566
C1CC(C=C1)c2cc[nH]n2,0.7688413
C1CC(C=C1)c2cnn[nH]2,1.2197367
C1OC=CC1c2ccc[nH]2,0.6200869
C1OC=CC1c2c[nH]cn2,0.88781834
C1OC=CC1c2cc[nH]n2,0.9310206
C1OC=CC1c2cnn[nH]2,1.4294578
C1CC(C=C1)c2ncc[nH]2,0.95821595
C1CC(C=C1)c2nc[nH]n2,1.0005214
C1CC(C=C1)c2nnn[nH]2,1.4759597
C1OC=CC1c2ncc[nH]2,0.83945036
C1OC=CC1c2nnc[nH]2,1.1298823
C1OC=CC1c2ncn[nH]2,1.3830396
C1OC=CC1c2nnn[nH]2,1.5865448
C1CC(C=C1)c2ccco2,0.88973415
C1CC(C=C1)c2cnco2,1.3526134
C1CC(C=C1)c2ccno2,1.4161448
C1CC(C=C1)c2cnno2,1.7377825
C1OC=CC1c2ccco2,0.9839121
C1OC=CC1c2cnco2,1.0172448
C1OC=CC1c2ccno2,1.3553985
C1OC=CC1c2cnno2,1.7285491
C1CC(C=C1)c2ncco2,1.1417056
C1CC(C=C1)c2nnco2,1.4850264
C1CC(C=C1)c2ncno2,1.645788
C1CC(C=C1)c2nnno2,1.9027727
C1OC=CC1c2ncco2,0.9214351
C1OC=CC1c2nnco2,1.3151133
C1OC=CC1c2ncno2,1.505241
C1OC=CC1c2nnno2,1.9331985
C1NC(C=C1)C2=CC=CC2,0.9313955
C1NC(C=C1)C2=NN=CC2,1.656526
C1NC(C=C1)c2ccc[nH]2,0.67949766
C1NC(C=C1)c2c[nH]cn2,0.9064965
C1NC(C=C1)c2cc[nH]n2,0.7596811
C1NC(C=C1)c2cnn[nH]2,1.3008918
C1NC(C=C1)c2ncc[nH]2,1.0124837
C1NC(C=C1)c2nc[nH]n2,1.2026824
C1NC(C=C1)c2nnn[nH]2,1.5710491
C1NC(C=C1)c2ccco2,0.84232605
C1NC(C=C1)c2cnco2,1.2141238
C1NC(C=C1)c2ccno2,1.3337073
C1NC(C=C1)c2cnno2,1.7124803
C1NC(C=C1)c2ncco2,1.1226584
C1NC(C=C1)c2nnco2,1.4508561
C1NC(C=C1)c2ncno2,1.5360793
C1NC(C=C1)c2nnno2,1.9308635
C1OC(C=C1)C2=CC=CC2,1.3620535
C1OC(C=C1)C2=NN=CC2,2.0938282
C1OC(C=C1)c2ccc[nH]2,0.93941987
C1OC(C=C1)c2c[nH]cn2,1.2484249
C1OC(C=C1)c2cc[nH]n2,1.1303266
C1OC(C=C1)c2cnn[nH]2,1.6878282
C1OC(C=C1)c2ncc[nH]2,1.2088287
C1OC(C=C1)c2nc[nH]n2,1.350016
C1OC(C=C1)c2ncn[nH]2,1.6846954
C1OC(C=C1)c2nnn[nH]2,1.7421317
C1OC(C=C1)c2ccco2,1.1736668
C1OC(C=C1)c2cnco2,1.3525805
C1OC(C=C1)c2ccno2,1.4995978
C1OC(C=C1)c2cnno2,1.9692198
C1OC(C=C1)c2ncco2,1.260103
C1OC(C=C1)c2nnco2,1.7090735
C1OC(C=C1)c2ncno2,1.860333
C1OC(C=C1)c2nnno2,2.2275066
C1CN(C=N1)C2=CC=CC2,0.75739264
C1CN(C=C1)C2=NN=CC2,1.38101
C1CN(C=C1)C2=NC=NC2,1.3084289
C1NN(C=C1)C2=NN=CC2,1.7382034
C1NN(C=C1)C2=NC=NC2,1.5684452
C1ON(C=C1)C2=NN=CC2,2.0295477
C1ON(C=C1)C2=NC=NC2,1.8760833
C1CC(C=C1)C2=CCC=C2,1.0183638
C1CC(C=C1)c2cc[nH]c2,0.70194554
C1CC(C=C1)c2ccoc2,0.9731286
C1CC(C=C1)c2cn[nH]c2,1.0228087
C1CC(C=C1)c2cnoc2,1.2659942
C1C=CC(=C1)C2CNN=C2,1.0540746
C1OC=CC1C2=CCC=C2,1.0536563
C1OC=CC1c2cc[nH]c2,0.6896038
C1OC=CC1c2ccoc2,1.030757
C1OC=CC1c2cn[nH]c2,1.031545
C1OC=CC1c2cnoc2,1.4527788
C1C=CC(=C1)C2CON=C2,1.1618147
C1CC(C=C1)c2ccon2,1.0639671
C1CC(C=C1)c2c[nH]nn2,1.0220441
C1CC(C=C1)c2cnon2,1.4479264
C1OC=CC1c2ccon2,1.0663123
C1OC=CC1c2cnon2,1.4847875
C1CC(C=C1)c2cocn2,0.9773818
C1CC(C=C1)c2conn2,1.3109992
C1OC=CC1c2cocn2,1.1695614
C1OC=CC1c2c[nH]nn2,1.1671956
C1OC=CC1c2conn2,1.3784941
C1CC(C=C1)c2ncon2,1.237542
C1CC(C=C1)c2nn[nH]n2,1.4133303
C1CC(C=C1)c2nnon2,1.4116223
C1OC=CC1c2ncon2,1.0581336
C1OC=CC1c2nn[nH]n2,1.3654684
C1OC=CC1c2nnon2,1.561992
C1NC(C=C1)C2=CCC=C2,0.9677211
C1NC(C=C1)c2cc[nH]c2,0.7173501
C1NC(C=C1)c2ccoc2,0.8656006
C1NC(C=C1)c2cn[nH]c2,0.9840055
C1NC(C=C1)c2cnoc2,1.37662
C1NC(C=C1)c2ccon2,1.0406926
C1NC(C=C1)c2cnon2,1.3882755
C1NC(C=C1)c2cocn2,1.0860891
C1NC(C=C1)c2c[nH]nn2,1.1029294
C1NC(C=C1)c2conn2,1.3520311
C1NC(C=C1)c2ncon2,1.0713795
C1NC(C=C1)c2nn[nH]n2,1.355312
C1NC(C=C1)c2nnon2,1.4589971
C1OC(C=C1)C2=CCC=C2,1.2492216
C1OC(C=C1)c2cc[nH]c2,0.89883035
C1OC(C=C1)c2ccoc2,1.2058852
C1OC(C=C1)c2cn[nH]c2,1.2545763
C1OC(C=C1)c2cnoc2,1.6625694
C1OC(C=C1)c2ccon2,1.2363497
C1OC(C=C1)c2cnon2,1.6894552
C1OC(C=C1)c2cocn2,1.3939575
C1OC(C=C1)c2c[nH]nn2,1.3830813
C1OC(C=C1)c2conn2,1.6484976
C1OC(C=C1)c2ncon2,1.3340117
C1OC(C=C1)c2nn[nH]n2,1.5370879
C1OC(C=C1)c2nnon2,1.7872154
C1C=CC(=C1)N2CCN=C2,0.94897175
C1CN(C=C1)C2=NCC=C2,0.9210152
C1CN(C=N1)C2=NCC=C2,1.2842315
C1CN(N=C1)C2=NCC=C2,1.3024634
C1NN(C=C1)C2=NCC=C2,1.1908846
C1ON(C=C1)C2=NCC=C2,1.3269631
C1CC=C(C1)C2C=CC=C2,0.93921006
C1CC(=CO1)C2C=CC=C2,0.8147601
C1NCC(=C1)C2C=CC=C2,0.95830035
C1OCC(=C1)C2C=CC=C2,0.8493141
C1CC=C(C1)C2C=NN=C2,1.6730269
C1CC(=CO1)C2C=NN=C2,1.5659654
C1NCC(=C1)C2C=NN=C2,1.6832815
C1OCC(=C1)C2C=NN=C2,1.8855643
C1CC(=NN1)C2C=CC=C2,0.8361827
C1CC(=NO1)C2C=CC=C2,1.0864171
C1CN=C(N1)C2C=CC=C2,0.75399756
C1CC=C(O1)C2C=CC=C2,0.8814174
C1OC=C(O1)C2C=CC=C2,0.8279679
C1CC=C(O1)C2C=NN=C2,1.696383
C1OC=C(O1)C2C=NN=C2,1.8265584
C1ON=C(O1)C2C=CC=C2,1.1305325
C1CC=C(C1)n2cccc2,0.6101148
C1CC(=CO1)n2cccc2,0.65233755
C1NCC(=C1)n2cccc2,0.45700744
C1OCC(=C1)n2cccc2,0.74630845
C1CC=C(C1)n2ccnc2,0.87177455
C1CC(=CO1)n2ccnc2,0.78879005
C1NCC(=C1)n2ccnc2,0.87524056
C1OCC(=C1)n2ccnc2,1.0293468
C1CC=C(C1)n2cnnc2,1.0346738
C1CC(=CO1)n2cnnc2,1.1341139
C1NCC(=C1)n2cnnc2,1.1043
C1OCC(=C1)n2cnnc2,1.5145569
C1CC=C(O1)n2cccc2,0.741351
C1OC=C(O1)n2cccc2,0.45633602
C1CC=C(O1)n2ccnc2,1.0606045
C1OC=C(O1)n2ccnc2,0.8452606
C1CC=C(O1)n2cnnc2,1.4427327
C1OC=C(O1)n2cnnc2,0.9755814
C1CC=C(C1)n2cccn2,0.7975259
C1CC(=CO1)n2cccn2,0.8959092
C1NCC(=C1)n2cccn2,0.71145594
C1OCC(=C1)n2cccn2,1.0246494
C1CC=C(C1)n2ccnn2,1.158204
C1CC(=CO1)n2ccnn2,1.3039644
C1NCC(=C1)n2ccnn2,1.2206651
C1OCC(=C1)n2ccnn2,1.414005
C1CC=C(C1)n2cncn2,1.1021625
C1CC(=CO1)n2cncn2,1.3461112
C1NCC(=C1)n2cncn2,1.3371123
C1OCC(=C1)n2cncn2,1.4987669
C1CC=C(C1)n2cnnn2,1.4019073
C1CC(=CO1)n2cnnn2,1.52417
C1NCC(=C1)n2cnnn2,1.6067586
C1OCC(=C1)n2cnnn2,1.7970284
C1CC=C(O1)n2cccn2,1.0956961
C1OC=C(O1)n2cccn2,0.88459384
C1CC=C(O1)n2ccnn2,1.6346635
C1OC=C(O1)n2ccnn2,1.3632194
C1CC=C(O1)n2cncn2,1.5766772
C1OC=C(O1)n2cncn2,1.1626163
C1CC=C(O1)n2cnnn2,1.9258313
C1OC=C(O1)n2cnnn2,1.5478367
C1CC=C(C1)n2nccn2,1.0889307
C1CC(=CO1)n2nccn2,1.1935846
C1NCC(=C1)n2nccn2,1.223896
C1OCC(=C1)n2nccn2,1.3050271
C1CC=C(C1)n2ncnn2,1.5448209
C1CC(=CO1)n2ncnn2,1.6010686
C1NCC(=C1)n2ncnn2,1.6817359
C1OCC(=C1)n2ncnn2,1.8104968
C1CC=C(O1)n2nccn2,1.5518075
C1OC=C(O1)n2nccn2,1.3650821
C1CC=C(O1)n2ncnn2,2.0543413
C1OC=C(O1)n2ncnn2,1.6694454
C1C=CC=C1C2C=CC=C2,1.0148575
C1C=CC=C1C2C=NN=C2,1.9568205
C1C=NN=C1C2C=CC=C2,1.5027999
C1=CC(C=C1)c2ccc[nH]2,1.0260874
C1=CC(C=C1)c2c[nH]cn2,1.2024436
C1=CC(C=C1)c2cc[nH]n2,1.1503949
C1=CC(C=C1)c2cnn[nH]2,1.6397524
C1=CC(C=C1)c2ncc[nH]2,1.2320328
C1=CC(C=C1)c2nc[nH]n2,1.4509801
C1=CC(C=C1)c2nnn[nH]2,1.8068947
C1=CC(C=C1)c2ccco2,1.111438
C1=CC(C=C1)c2cnco2,1.4209532
C1=CC(C=C1)c2ccno2,1.552209
C1=CC(C=C1)c2cnno2,1.9562585
C1=CC(C=C1)c2ncco2,1.3285745
C1=CC(C=C1)c2nnco2,1.7838064
C1=CC(C=C1)c2ncno2,1.8444672
C1=CC(C=C1)c2nnno2,2.1481628
C1C=CC=C1n2cccc2,0.8093712
C1C=CC=C1n2ccnc2,0.95620847
C1C=CC=C1n2cnnc2,1.5619674
C1C=CC=C1n2cccn2,1.0369387
C1C=CC=C1n2ccnn2,1.4053136
C1C=CC=C1n2cncn2,1.484076
C1C=CC=C1n2cnnn2,1.7647737
C1C=CC=C1n2nccn2,1.3803335
C1C=CC=C1n2ncnn2,1.7380528
C1C=CC(=C1)C2C=CC=C2,0.9451029
C1=CC(C=C1)c2cc[nH]c2,0.95647967
C1=CC(C=C1)c2ccoc2,1.2330195
C1=CC(C=C1)c2cn[nH]c2,1.189381
C1=CC(C=C1)c2cnoc2,1.648179
C1C=CC(=C1)C2C=NN=C2,1.9318053
C1=CC(C=C1)c2ccon2,1.2449652
C1=CC(C=C1)c2c[nH]nn2,1.3612381
C1=CC(C=C1)c2cnon2,1.6468999
C1=CC(C=C1)c2cocn2,1.252797
C1=CC(C=C1)c2conn2,1.4940329
C1=CC(C=C1)c2ncon2,1.3948473
C1=CC(C=C1)c2nn[nH]n2,1.5506948
C1=CC(C=C1)c2nnon2,1.6610584
C1C=CC(=C1)n2cccc2,0.8471281
C1C=CC(=C1)n2ccnc2,1.0808285
C1C=CC(=C1)n2cnnc2,1.5110897
C1C=CC(=N1)n2cccc2,0.9970212
C1C=CC(=N1)n2ccnc2,1.5124997
C1C=CC(=N1)n2cnnc2,1.8395965
C1C=CC(=C1)n2cccn2,1.1460091
C1C=CC(=C1)n2ccnn2,1.5613049
C1C=CC(=C1)n2cncn2,1.6292361
C1C=CC(=C1)n2cnnn2,1.9104923
C1C=CC(=N1)n2cccn2,1.3737377
C1C=CC(=N1)n2ccnn2,1.8018686
C1C=CC(=N1)n2cncn2,1.8285137
C1C=CC(=N1)n2cnnn2,2.2618773
C1C=CC(=C1)n2nccn2,1.5225449
C1C=CC(=C1)n2ncnn2,1.9738132
C1C=CC(=N1)n2nccn2,2.0931776
C1C=CC(=N1)n2ncnn2,2.2946935
C1CC=C(C1)C2=CCCC2,0.66638535
C1CC=C(C1)C2=COCC2,0.62595963
C1CC=C(C1)C2=CCNC2,0.5544328
C1CC=C(C1)C2=CCOC2,0.78460675
C1CC(=CO1)C2=COCC2,0.5275147
C1CC(=CO1)C2=CCNC2,0.53398764
C1CC(=CO1)C2=CCOC2,0.5744035
C1NCC(=C1)C2=CCNC2,0.6943537
C1NCC(=C1)C2=CCOC2,0.7731657
C1OCC(=C1)C2=CCOC2,1.1078808
C1CC=C(C1)C2=NNCC2,0.7139782
C1CC=C(C1)C2=NOCC2,0.9290098
C1CC(=CN1)C2=NNCC2,0.5189563
C1CC(=CN1)C2=NOCC2,1.0084873
C1CC(=NN1)C2=COCC2,0.7091348
C1CC(=CO1)C2=NOCC2,1.0291253
C1CC(=NN1)C2=CCNC2,0.6896461
C1CC(=NO1)C2=CCNC2,0.9541159
C1CC(=NN1)C2=CCOC2,0.8235868
C1CC(=NO1)C2=CCOC2,1.1108388
C1CC=C(C1)C2=NCCN2,0.7815076
C1CN=C(N1)C2=CNCC2,0.56755227
C1CN=C(N1)C2=COCC2,0.7616464
C1CN=C(N1)C2=CCNC2,0.723916
C1CN=C(N1)C2=CCOC2,0.84680593
C1CC=C(C1)C2=CCCO2,0.6891302
C1CC=C(C1)C2=COCO2,0.45064735
C1CC=C(O1)C2=COCC2,0.8512842
C1CC(=CO1)C2=COCO2,0.42018768
C1CC=C(O1)C2=CCNC2,0.83046585
C1NCC(=C1)C2=COCO2,0.3680531
C1CC=C(O1)C2=CCOC2,0.85713273
C1OC=C(O1)C2=CCOC2,0.5043745
C1CC=C(C1)C2=NOCO2,0.9064257
C1CC(=CN1)C2=NOCO2,0.7337421
C1CC(=CO1)C2=NOCO2,0.91412115
C1NCC(=C1)C2=NOCO2,0.9729152
C1ON=C(O1)C2=CCOC2,1.2165757
C1CC(=NN1)C2=CCCO2,0.7746607
C1CC(=NN1)C2=COCO2,0.43519345
C1CC=C(O1)C2=NOCC2,1.2819934
C1CC(=NO1)C2=COCO2,0.9153464
C1CN=C(N1)C2=CCCO2,0.70791465
C1CN=C(N1)C2=COCO2,0.5480084
C1CC=C(O1)C2=CCCO2,0.9810608
C1CC=C(O1)C2=COCO2,0.6848
C1OC=C(O1)C2=COCO2,0.1574393
C1CC=C(O1)C2=NOCO2,1.2473425
C1OC=C(O1)C2=NOCO2,0.76767397
C1CC=C(C1)C2=CC=CC2,1.0073948
C1CC(=CO1)C2=CC=CC2,0.77244234
C1NCC(=C1)C2=CC=CC2,0.9413764
C1OCC(=C1)C2=CC=CC2,1.0137475
C1CC=C(C1)C2=NN=CC2,1.7456652
C1CC(C=N1)=C2CC=NN2,1.0174081
C1CC(=CO1)C2=NN=CC2,1.9169489
C1NCC(=C1)C2=NN=CC2,1.6772674
C1OCC(=C1)C2=NN=CC2,2.0048413
C1CC=C(C1)c2ccc[nH]2,0.57615644
C1CC=C(C1)c2c[nH]cn2,0.6039984
C1CC=C(C1)c2cc[nH]n2,0.61958855
C1CC=C(C1)c2cnn[nH]2,0.98496586
C1CC(=CO1)c2ccc[nH]2,0.4133074
C1CC(=CO1)c2c[nH]cn2,0.6284791
C1CC(=CO1)c2cc[nH]n2,0.7152363
C1CC(=CO1)c2cnn[nH]2,1.3500882
C1NCC(=C1)c2ccc[nH]2,0.51843536
C1NCC(=C1)c2c[nH]cn2,0.5738202
C1NCC(=C1)c2cc[nH]n2,0.5706857
C1NCC(=C1)c2cnn[nH]2,1.2323112
C1OCC(=C1)c2ccc[nH]2,0.7061167
C1OCC(=C1)c2c[nH]cn2,0.8441936
C1OCC(=C1)c2cc[nH]n2,0.84433
C1OCC(=C1)c2cnn[nH]2,1.6622142
C1CC=C(C1)c2ncc[nH]2,0.7043083
C1CC=C(C1)c2nc[nH]n2,0.7459451
C1CC=C(C1)c2nnn[nH]2,1.3865448
C1CC(=CO1)c2ncc[nH]2,0.7677095
C1CC(=CO1)c2nnc[nH]2,1.2778513
C1CC(=CO1)c2ncn[nH]2,1.3126497
C1CC(=CO1)c2nnn[nH]2,1.6141622
C1NCC(=C1)c2ncc[nH]2,0.86659884
C1NCC(=C1)c2nc[nH]n2,0.8862454
C1NCC(=C1)c2nnn[nH]2,1.6134478
C1OCC(=C1)c2ncc[nH]2,0.85747874
C1OCC(=C1)c2nnc[nH]2,1.3643771
C1OCC(=C1)c2ncn[nH]2,1.5017653
C1OCC(=C1)c2nnn[nH]2,1.900301
C1CC=C(C1)c2ccco2,0.8223356
C1CC=C(C1)c2cnco2,1.0369167
C1CC=C(C1)c2ccno2,1.3716264
C1CC=C(C1)c2cnno2,1.6076739
C1CC(=CO1)c2ccco2,0.7856267
C1CC(=CO1)c2cnco2,1.0207424
C1CC(=CO1)c2ccno2,1.2134868
C1CC(=CO1)c2cnno2,1.5062805
C1NCC(=C1)c2ccco2,0.73132443
C1NCC(=C1)c2cnco2,1.176286
C1NCC(=C1)c2ccno2,1.3095847
C1NCC(=C1)c2cnno2,1.665863
C1OCC(=C1)c2ccco2,1.1120347
C1OCC(=C1)c2cnco2,1.3466004
C1OCC(=C1)c2ccno2,1.6206456
C1OCC(=C1)c2cnno2,1.999312
C1CC=C(C1)c2ncco2,1.0198643
C1CC=C(C1)c2nnco2,1.4778702
C1CC=C(C1)c2ncno2,1.4919068
C1CC=C(C1)c2nnno2,1.9559017
C1CC(=CO1)c2ncco2,0.7843605
C1CC(=CO1)c2nnco2,1.2780169
C1CC(=CO1)c2ncno2,1.2337452
C1CC(=CO1)c2nnno2,1.9418801
C1NCC(=C1)c2ncco2,1.0076442
C1NCC(=C1)c2nnco2,1.5110954
C1NCC(=C1)c2ncno2,1.4786389
C1NCC(=C1)c2nnno2,2.037615
C1OCC(=C1)c2ncco2,1.2989491
C1OCC(=C1)c2nnco2,1.6442131
C1OCC(=C1)c2ncno2,1.7952391
C1OCC(=C1)c2nnno2,2.2949507
C1CC(=NN1)C2=CC=CC2,0.90434897
C1CC(=NO1)C2=CC=CC2,1.2249562
C1CN=C(N1)C2=CC=CC2,0.9289695
C1CC=C(O1)C2=CC=CC2,1.0260786
C1OC=C(O1)C2=CC=CC2,0.7939834
C1CC=C(O1)C2=NN=CC2,2.2775497
C1OC=C(O1)C2=NN=CC2,1.9472438
C1CC=C(O1)c2ccc[nH]2,0.6065676
C1CC=C(O1)c2c[nH]cn2,0.7315984
C1CC=C(O1)c2cc[nH]n2,1.0824028
C1CC=C(O1)c2cnn[nH]2,1.6245896
C1OC=C(O1)c2ccc[nH]2,0.34810838
C1OC=C(O1)c2c[nH]cn2,0.4629017
C1OC=C(O1)c2cc[nH]n2,0.73867047
C1OC=C(O1)c2cnn[nH]2,0.9895684
C1CC=C(O1)c2ncc[nH]2,1.0996771
C1CC=C(O1)c2nc[nH]n2,1.290461
C1CC=C(O1)c2ncn[nH]2,1.645711
C1CC=C(O1)c2nnn[nH]2,1.9782826
C1OC=C(O1)c2ncc[nH]2,0.76635385
C1OC=C(O1)c2nc[nH]n2,0.90756214
C1OC=C(O1)c2nnn[nH]2,1.4479624
C1CC=C(O1)c2ccco2,1.2040145
C1CC=C(O1)c2cnco2,1.362768
C1CC=C(O1)c2ccno2,1.6809449
C1CC=C(O1)c2cnno2,1.9473526
C1OC=C(O1)c2ccco2,0.6857985
C1OC=C(O1)c2cnco2,0.72150385
C1OC=C(O1)c2ccno2,1.2363328
C1OC=C(O1)c2cnno2,1.6565278
C1CC=C(O1)c2ncco2,1.2870744
C1CC=C(O1)c2nnco2,1.4873773
C1CC=C(O1)c2ncno2,1.9352217
C1CC=C(O1)c2nnno2,2.1740568
C1OC=C(O1)c2ncco2,0.8215592
C1OC=C(O1)c2nnco2,1.2318623
C1OC=C(O1)c2ncno2,1.4363421
C1OC=C(O1)c2nnno2,2.0621986
C1ON=C(O1)C2=CC=CC2,1.4748381
C1CC=C(C1)C2=CCC=C2,0.9310812
C1CC=C(C1)c2cc[nH]c2,0.50134504
C1CC=C(C1)c2ccoc2,0.73331887
C1CC=C(C1)c2cn[nH]c2,0.7448003
C1CC=C(C1)c2cnoc2,1.1338199
C1CC(=CO1)C2=CCC=C2,0.851122
C1CC(=CO1)c2cc[nH]c2,0.21208829
C1CC(=CO1)c2ccoc2,0.7149039
C1CC(=CO1)c2cn[nH]c2,0.6292077
C1CC(=CO1)c2cnoc2,1.0326182
C1NCC(=C1)C2=CCC=C2,0.9429665
C1NCC(=C1)c2cc[nH]c2,0.5841559
C1NCC(=C1)c2ccoc2,0.68900704
C1NCC(=C1)c2cn[nH]c2,0.8575714
C1NCC(=C1)c2cnoc2,1.2379142
C1OCC(=C1)C2=CCC=C2,0.9769129
C1OCC(=C1)c2cc[nH]c2,0.63693774
C1OCC(=C1)c2ccoc2,0.85946524
C1OCC(=C1)c2cn[nH]c2,0.9982592
C1OCC(=C1)c2cnoc2,1.5619887
C1CC=C(C1)c2ccon2,0.84790105
C1CC=C(C1)c2c[nH]nn2,0.83058095
C1CC=C(C1)c2cnon2,1.3162981
C1CC(=CO1)c2ccon2,0.790643
C1CC(=CO1)c2cnon2,1.0666627
C1NCC(=C1)c2ccon2,0.8710662
C1NCC(=C1)c2c[nH]nn2,0.8896433
C1NCC(=C1)c2cnon2,1.345216
C1OCC(=C1)c2ccon2,1.0164709
C1OCC(=C1)c2cnon2,1.6709429
C1CC=C(C1)c2cocn2,0.7572565
C1CC=C(C1)c2conn2,1.2500248
C1CC(=CO1)c2cocn2,0.75603783
C1CC(=CO1)c2c[nH]nn2,0.9436796
C1CC(=CO1)c2conn2,1.2344785
C1NCC(=C1)c2cocn2,0.8992566
C1NCC(=C1)c2conn2,1.3188441
C1OCC(=C1)c2cocn2,1.0926207
C1OCC(=C1)c2c[nH]nn2,1.241041
C1OCC(=C1)c2conn2,1.5136911
C1CC=C(C1)c2ncon2,1.068246
C1CC=C(C1)c2nn[nH]n2,1.2112967
C1CC=C(C1)c2nnon2,1.5233555
C1CC(=CO1)c2ncon2,0.847208
C1CC(=CO1)c2nn[nH]n2,1.2489191
C1CC(=CO1)c2nnon2,1.6715697
C1NCC(=C1)c2ncon2,1.0534104
C1NCC(=C1)c2nn[nH]n2,1.3279693
C1NCC(=C1)c2nnon2,1.7165021
C1OCC(=C1)c2ncon2,1.24993
C1OCC(=C1)c2nn[nH]n2,1.5446237
C1OCC(=C1)c2nnon2,1.8382345
C1CC(=NN1)C2=CCC=C2,0.93410057
C1CC(=NO1)C2=CCC=C2,1.0997903
C1CN=C(N1)C2=CCC=C2,0.8557252
C1CC=C(O1)C2=CCC=C2,1.027486
C1CC=C(O1)c2cc[nH]c2,0.5347891
C1CC=C(O1)c2ccoc2,1.0751675
C1CC=C(O1)c2cn[nH]c2,0.98696685
C1CC=C(O1)c2cnoc2,1.5461426
C1OC=C(O1)C2=CCC=C2,0.6079281
C1OC=C(O1)c2cc[nH]c2,0.34309104
C1OC=C(O1)c2ccoc2,0.48401618
C1OC=C(O1)c2cn[nH]c2,0.6607094
C1OC=C(O1)c2cnoc2,0.8976675
C1CC=C(O1)c2ccon2,1.2808571
C1CC=C(O1)c2cnon2,1.5959244
C1OC=C(O1)c2ccon2,0.7788064
C1OC=C(O1)c2c[nH]nn2,1.0052558
C1OC=C(O1)c2cnon2,1.4488587
C1CC=C(O1)c2cocn2,0.89415467
C1CC=C(O1)c2c[nH]nn2,1.1949767
C1CC=C(O1)c2conn2,1.5439366
C1OC=C(O1)c2cocn2,0.7752476
C1OC=C(O1)c2conn2,1.3848389
C1CC=C(O1)c2ncon2,1.4370217
C1CC=C(O1)c2nn[nH]n2,1.592934
C1CC=C(O1)c2nnon2,1.9611677
C1OC=C(O1)c2ncon2,0.9562849
C1OC=C(O1)c2nn[nH]n2,1.1706232
C1OC=C(O1)c2nnon2,1.9540182
C1ON=C(O1)C2=CCC=C2,1.2965008
C1C=CC=C1C2=CC=CC2,1.081899
C1C=CC=C1C2=NN=CC2,2.073246
C1C=CC=C1c2ccc[nH]2,0.9604159
C1C=CC=C1c2c[nH]cn2,1.0456758
C1C=CC=C1c2cc[nH]n2,1.2265717
C1C=CC=C1c2cnn[nH]2,1.6405443
C1C=CC=C1c2ncc[nH]2,1.07501
C1C=CC=C1c2nc[nH]n2,1.3321745
C1C=CC=C1c2nnn[nH]2,1.8733398
C1C=CC=C1c2ccco2,1.1665524
C1C=CC=C1c2cnco2,1.3979703
C1C=CC=C1c2ccno2,1.6688404
C1C=CC=C1c2cnno2,1.9704505
C1C=CC=C1c2ncco2,1.1875143
C1C=CC=C1c2nnco2,1.7068744
C1C=CC=C1c2ncno2,1.8347353
C1C=CC=C1c2nnno2,2.340202
C1C=CC(=C1)C2=CC=CC2,1.1429666
C1C=CC=C1c2cc[nH]c2,0.943038
C1C=CC=C1c2ccoc2,1.3175458
C1C=CC=C1c2cn[nH]c2,1.2326492
C1C=CC=C1c2cnoc2,1.6546167
C1C=CC=C1c2ccon2,1.3409755
C1C=CC=C1c2c[nH]nn2,1.2696785
C1C=CC=C1c2cnon2,1.5811688
C1C=CC=C1c2cocn2,1.3742017
C1C=CC=C1c2conn2,1.6135906
C1C=CC=C1c2ncon2,1.3831291
C1C=CC=C1c2nn[nH]n2,1.504361
C1C=CC=C1c2nnon2,1.9423378
C1C=CC(=C1)C2=NN=CC2,2.2069893
C1C=CC(=C1)c2ccc[nH]2,0.7435179
C1C=CC(=C1)c2c[nH]cn2,0.88503134
C1C=CC(=C1)c2cc[nH]n2,0.90538615
C1C=CC(=C1)c2cnn[nH]2,1.5628223
C1C=CC(=C1)c2ncc[nH]2,0.9021001
C1C=CC(=C1)c2nc[nH]n2,1.2236642
C1C=CC(=C1)c2nnn[nH]2,1.981052
C1C=CC(=C1)c2ccco2,1.1622528
C1C=CC(=C1)c2cnco2,1.4093069
C1C=CC(=C1)c2ccno2,1.6438669
C1C=CC(=C1)c2cnno2,1.936847
C1C=CC(=C1)c2ncco2,1.3191882
C1C=CC(=C1)c2nnco2,1.7668016
C1C=CC(=C1)c2ncno2,1.8395494
C1C=CC(=C1)c2nnno2,2.366204
C1C=CC(=C1)C2=CCC=C2,1.120908
C1C=CC(=C1)c2cc[nH]c2,0.7635181
C1C=CC(=C1)c2ccoc2,1.0554903
C1C=CC(=C1)c2cn[nH]c2,1.0052078
C1C=CC(=C1)c2cnoc2,1.609934
C1C=CC(=C1)c2ccon2,1.12564
C1C=CC(=C1)c2c[nH]nn2,1.2330801
C1C=CC(=C1)c2cnon2,1.6120056
C1C=CC(=C1)c2cocn2,1.1764524
C1C=CC(=C1)c2conn2,1.5331514
C1C=CC(=C1)c2ncon2,1.4426047
C1C=CC(=C1)c2nn[nH]n2,1.6227067
C1C=CC(=C1)c2nnon2,1.9043456
C1CCC(C1)=C2CCCC2,0.48939988
C1CCC(C1)=C2CCNC2,0.3332304
C1CCC(C1)=C2CCOC2,0.32512793
C1CC(CN1)=C2CCNC2,0.36818135
C1CC(CN1)=C2CCOC2,0.33777854
C1CC(CO1)=C2CCOC2,0.5705564
C1CCC(C1)=C2CCCO2,0.21563092
C1CCC(C1)=C2COCO2,0.3983679
C1COC(C1)=C2CCNC2,0.41884035
C1CC(CN1)=C2COCO2,0.60452783
C1COC(C1)=C2CCOC2,0.47291926
C1CC(CO1)=C2COCO2,0.57705027
C1COC(C1)=C2CCCO2,0.37644446
C1COC(C1)=C2COCO2,0.4643235
C1OCC(O1)=C2COCO2,0.2844728
C1CCC(C1)=C2CC=CC2,0.68516946
C1CC(CN1)=C2CC=CC2,0.6458692
C1CC(CO1)=C2CC=CC2,0.8173231
C1CCC(C1)=C2CN=CN2,0.6162132
C1CC(CN1)=C2CN=CN2,0.8281003
C1CC(CO1)=C2CN=CN2,0.76721644
C1CCC(C1)=C2CC=CO2,0.35126135
C1CC(CN1)=C2CC=CO2,0.53349507
C1CC(CO1)=C2CC=CO2,0.66346383
C1COC(C1)=C2CC=CC2,0.74825776
C1OCC(O1)=C2CC=CC2,0.56960243
C1COC(C1)=C2CN=CN2,0.6522158
C1OCC(O1)=C2CNC=N2,0.49523264
C1COC(C1)=C2CC=CO2,0.60028285
C1OCC(O1)=C2CC=CO2,0.41566965
C1CCC(C1)=C2CCC=C2,0.85808915
C1CCC(C1)=C2CNN=C2,0.8102012
C1CCC(C1)=C2COC=C2,0.71772784
C1CCC(C1)=C2CON=C2,1.0996413
C1CC(CN1)=C2CCC=C2,0.7596739
C1CC(CN1)=C2CNN=C2,0.8483736
C1CC(CN1)=C2COC=C2,0.7565167
C1CC(CN1)=C2CON=C2,1.2513465
C1CC(CO1)=C2CCC=C2,0.8642236
C1CC(CO1)=C2CNN=C2,0.9021589
C1CC(CO1)=C2COC=C2,0.7393428
C1CC(CO1)=C2CON=C2,1.2537478
C1CCC(C1)=C2OCC=C2,0.891781
C1CC(CN1)=C2OCC=C2,0.8183612
C1CC(CO1)=C2OCC=C2,0.7592828
C1CN=C(C1)C2=CNNC2,0.78008986
C1CN=C(C1)C2=CNOC2,0.80522346
C1COC(C1)=C2CCC=C2,0.79113984
C1COC(C1)=C2CNN=C2,0.79134476
C1COC(C1)=C2COC=C2,0.6285509
C1COC(C1)=C2CON=C2,1.1400689
C1OCC(O1)=C2CCC=C2,0.5584766
C1OCC(O1)=C2CNN=C2,0.8892964
C1OCC(O1)=C2COC=C2,0.9152807
C1OCC(O1)=C2CON=C2,1.161186
C1COC(C1)=C2OCC=C2,0.7269362
C1OCC(O1)=C2OCC=C2,1.1044658
C1CNC(N1)=C2CNN=C2,0.7590158
C1CN=C(N1)C2=CNOC2,0.71764195
C1CN=C(O1)C2=CNNC2,0.6671846
C1CN=C(O1)C2=CNOC2,0.6184659
C1CCC(C1)=C2C=CC=C2,1.1923949
C1CC(CN1)=C2C=CC=C2,1.1618633
C1CC(CO1)=C2C=CC=C2,1.0953758
C1CC=C(N1)c2cn[nH]c2,0.8166622
C1COC(C1)=C2C=CC=C2,0.9953061
C1OCC(O1)=C2C=CC=C2,1.1041905
C1CNC(N1)=C2C=NN=C2,1.8747936
C1C=CCC1=C2CC=CC2,0.8921647
C1C=CCC1=C2CN=CN2,0.802819
C1C=CCC1=C2CC=CO2,0.85593987
C1N=CNC1=C2CN=CN2,1.0452377
C1NC=NC1=C2CC=CO2,0.7354622
C1C=COC1=C2CC=CO2,0.7975646
C1CC(C=C1)=C2CC=CC2,0.8083862
C1NN=CC1=C2CC=CC2,1.0712469
C1OC=CC1=C2CC=CC2,0.92760456
C1ON=CC1=C2CC=CC2,1.2433673
C1OC(C=C1)=C2CC=CC2,0.93912286
C1NNC=C1c2ccn[nH]2,1.1543312
C1ONC=C1c2cc[nH]n2,1.2064209
C1CC(C=C1)=C2CN=CN2,0.78006756
C1NNC=C1c2cnc[nH]2,0.81713486
C1OC=CC1=C2CN=CN2,0.9197123
C1ONC=C1c2c[nH]cn2,1.0147253
C1OC(C=C1)=C2CNC=N2,0.9824763
C1CC(C=C1)=C2CC=CO2,0.7048164
C1NNC=C1c2ccco2,0.8480208
C1OC=CC1=C2CC=CO2,0.753888
C1ONC=C1c2ccco2,1.0565087
C1OC(C=C1)=C2CC=CO2,0.77436316
C1NNC=C1c2nc[nH]n2,1.0599614
C1ONC=C1c2nc[nH]n2,1.3347723
C1NNC=C1c2nnco2,1.2460794
C1ONC=C1c2nnco2,1.3196148
C1C=CCC1=C2C=CC=C2,1.2307898
C1N=CNC1=C2C=CC=C2,1.1914183
C1C=COC1=C2C=CC=C2,1.2593055
C1CC(C=C1)=C2CCC=C2,0.92998314
C1CC(C=C1)=C2CNN=C2,1.1302257
C1CC(C=C1)=C2COC=C2,0.865853
C1CC(C=C1)=C2CON=C2,1.285872
C1NNC=C1c2cn[nH]c2,0.9932052
C1NNC=C1c2ccoc2,0.95241857
C1ONC=C1c2cn[nH]c2,1.1697586
C1OC=CC1=C2COC=C2,1.2513978
C1ONC=C1c2ccoc2,1.1075534
C1ONC=C1c2cnoc2,1.3437163
C1NNC=C1c2ccc[nH]2,0.63848984
C1ONC=C1c2ccc[nH]2,0.7166324
C1CC(C=C1)=C2OCC=C2,0.9502784
C1OC(C=C1)=C2COC=C2,1.2807931
C1OC(C=C1)=C2OCC=C2,1.2706319
C1CC(C=C1)=C2C=CC=C2,1.2013532
C1NN=CC1=C2C=CC=C2,1.6032022
C1OC=CC1=C2C=CC=C2,1.4409043
C1ON=CC1=C2C=CC=C2,2.1275916
C1NN=CC1=C2N=CC=N2,2.7020454
C1ON=CC1=C2N=CC=N2,2.95068
C1OC(C=C1)=C2C=CC=C2,1.5196682
C1=CC(C=C1)=C2C=CC=C2,1.3693068
C1=CC(C=C1)=C2C=NN=C2,2.8433073
C1=NN=CC1=C2C=NN=C2,3.8380308
C1=CC(N=C1)=C2C=NN=C2,2.8279576
C1=NC(C=N1)=C2C=NN=C2,3.1719608
C1=NC(N=C1)=C2C=NN=C2,3.23145
C1=NC(C=N1)=C2C=NC=N2,3.2741377
CC1C(C)C1C2CC=CC2,0.535831
CC1C(N)C1C2CC=CC2,0.5711007
CC1C(O)C1C2CC=CC2,0.74703956
NC1C(N)C1C2CC=CC2,0.79064953
NC1C(O)C1C2CC=CC2,0.70313025
OC1C(O)C1C2CC=CC2,0.7546771
CC1C(C)C1C2CC=CO2,0.5177964
CC1C(N)C1C2CC=CO2,0.5228631
CC1C(O)C1C2CC=CO2,0.57303
NC1C(N)C1C2CC=CO2,0.60177165
NC1C(O)C1C2CC=CO2,0.61301214
OC1C(O)C1C2CC=CO2,0.5435878
CC1C(C)C1C2OC=CO2,0.63398844
CC1C(N)C1C2OC=CO2,0.60010636
CC1C(O)C1C2OC=CO2,0.6822
NC1C(N)C1C2OC=CO2,0.6045027
NC1C(O)C1C2OC=CO2,0.7626459
OC1C(O)C1C2OC=CO2,0.5433476
CC1C(C)C1N2CC=CC2,0.51819235
CC1C(N)C1N2CC=CC2,0.561478
CC1C(O)C1N2CC=CC2,0.4905872
NC1C(N)C1N2CC=CC2,0.43877456
NC1C(O)C1N2CC=CC2,0.5649376
OC1C(O)C1N2CC=CC2,0.64633346
CC1C(C2CC=CC2)N1C,0.6536344
CC1C(C2CC=CO2)N1C,0.55846167
CC1C(C2OC=CO2)N1C,0.62090605
CC1C(C)N1C2CC=CC2,0.5607966
CC1C(C)C1C2CCC=C2,0.6198689
CC1C(N)C1C2CCC=C2,0.5757834
CC1C(O)C1C2CCC=C2,0.78623754
NC1C(N)C1C2CCC=C2,0.74666137
NC1C(O)C1C2CCC=C2,0.76012534
OC1C(O)C1C2CCC=C2,0.80171466
CC1C(C)C1C2COC=C2,0.5439034
CC1C(N)C1C2COC=C2,0.5764007
CC1C(O)C1C2COC=C2,0.74100274
NC1C(N)C1C2COC=C2,0.6707531
NC1C(O)C1C2COC=C2,0.86581326
OC1C(O)C1C2COC=C2,0.8568934
CC1C(C)C1C2NCC=C2,0.53641105
CC1C(N)C1C2NCC=C2,0.4845993
CC1C(O)C1C2NCC=C2,0.4652131
NC1C(N)C1C2NCC=C2,0.4491088
NC1C(O)C1C2NCC=C2,0.58800983
OC1C(O)C1C2NCC=C2,0.67793274
CC1C(C)C1C2OCC=C2,0.8500514
CC1C(N)C1C2OCC=C2,0.6566496
CC1C(O)C1C2OCC=C2,0.8497537
NC1C(N)C1C2OCC=C2,0.86810446
NC1C(O)C1C2OCC=C2,0.94582593
OC1C(O)C1C2OCC=C2,0.78330684
CC1C(C2CCC=C2)N1C,0.7164565
CC1C(C2COC=C2)N1C,0.8477349
CC1C(C2NCC=C2)N1C,0.6816369
CC1C(C2OCC=C2)N1C,0.9329226
CC1C(C)N1C2CCC=C2,0.6587516
CC1C(C)N1C2COC=C2,0.51362854
CC1C(C)C1C2C=CC=C2,0.9905481
CC1C(N)C1C2C=CC=C2,0.8052595
CC1C(O)C1C2C=CC=C2,1.0158411
NC1C(N)C1C2C=CC=C2,0.91412383
NC1C(O)C1C2C=CC=C2,1.0747775
OC1C(O)C1C2C=CC=C2,1.0011046
CC1C(C2C=CC=C2)N1C,1.2985786
CC1C(C)N1C2C=CC=C2,0.87071395
CC1C(C)C1C2=CCCC2,0.5998494
CC1C(N)C1C2=CCCC2,0.5064789
CC1C(O)C1C2=CCCC2,0.6922129
NC1C(N)C1C2=CCCC2,0.7072973
NC1C(O)C1C2=CCCC2,0.68290585
OC1C(O)C1C2=CCCC2,0.8632504
CC1C(C)C1C2=COCC2,0.58751154
CC1C(N)C1C2=COCC2,0.6440412
CC1C(O)C1C2=COCC2,0.68086684
NC1C(N)C1C2=COCC2,0.7300836
NC1C(O)C1C2=COCC2,0.68091285
OC1C(O)C1C2=COCC2,0.8698286
CC1C(C)C1C2=CCNC2,0.48183897
CC1C(N)C1C2=CCNC2,0.44614476
CC1C(O)C1C2=CCNC2,0.5542401
NC1C(N)C1C2=CCNC2,0.54548967
NC1C(O)C1C2=CCNC2,0.6930951
OC1C(O)C1C2=CCNC2,0.7981413
CC1C(C)C1C2=CCOC2,0.8922682
CC1C(N)C1C2=CCOC2,0.5885765
CC1C(O)C1C2=CCOC2,0.8227819
NC1C(N)C1C2=CCOC2,0.8315723
NC1C(O)C1C2=CCOC2,0.95124763
OC1C(O)C1C2=CCOC2,1.0041581
CC1C(C)C1C2=CCCO2,0.5390384
CC1C(N)C1C2=CCCO2,0.46873704
CC1C(O)C1C2=CCCO2,0.58958733
NC1C(N)C1C2=CCCO2,0.67753977
NC1C(O)C1C2=CCCO2,0.64624196
OC1C(O)C1C2=CCCO2,0.607478
CC1C(C)C1C2=COCO2,0.6348616
CC1C(N)C1C2=COCO2,0.45462015
CC1C(O)C1C2=COCO2,0.57083106
NC1C(N)C1C2=COCO2,0.51141477
NC1C(O)C1C2=COCO2,0.562255
OC1C(O)C1C2=COCO2,0.53961265
CC1C(N1C)C2=CCCC2,0.70002705
CC1C(N1C)C2=COCC2,0.83319354
CC1C(N1C)C2=CCNC2,0.6657299
CC1C(N1C)C2=CCOC2,0.69686234
CC1C(N1C)C2=CCCO2,0.7424069
CC1C(N1C)C2=COCO2,0.87945306
CC1C(C)C1C2=CC=CC2,0.8649882
CC1C(N)C1C2=CC=CC2,0.67882204
CC1C(O)C1C2=CC=CC2,0.8956026
NC1C(N)C1C2=CC=CC2,0.89697325
NC1C(O)C1C2=CC=CC2,1.023825
OC1C(O)C1C2=CC=CC2,0.99332976
CC1C(N1C)C2=CC=CC2,0.9322132
CC1C(C)C1C2=CCC=C2,0.97016436
CC1C(N)C1C2=CCC=C2,0.7396337
CC1C(O)C1C2=CCC=C2,0.8568133
NC1C(N)C1C2=CCC=C2,0.84859127
NC1C(O)C1C2=CCC=C2,1.0231377
OC1C(O)C1C2=CCC=C2,1.0360078
CC1C(N1C)C2=CCC=C2,0.9694085
CC1C(C)N1C2=NCC=C2,0.8965901
C1CC2CC1C23CC=CC3,0.8518141
C1CC2CC1C23CC=CO3,0.6372564
C1CC2CC1C23OC=CO3,0.80673325
C1NC2CC1C23CC=CC3,0.78273445
C1NC2CC1C23CC=CO3,0.66060275
C1NC2CC1C23OC=CO3,0.6615679
C1OC2CC1C23CC=CC3,0.9202876
C1OC2CC1C23CC=CO3,0.7389553
C1OC2CC1C23OC=CO3,0.7025839
C1CC2NC1C23CC=CC3,0.71553016
C1CC2NC1C23CC=CO3,0.8397444
C1CC2NC1C23OC=CO3,0.79666686
C1CC2OC1C23CC=CC3,0.78120446
C1CC2OC1C23CC=CO3,0.60270166
C1CC2OC1C23OC=CO3,0.55051845
C1CN2CC1C23CC=CC3,0.7128692
C1CC2(C=C1)C3CCC2C3,0.6605451
C1CC2CC1C23COC=C3,0.59875244
C1CC2CC1C23NCC=C3,0.52683157
C1CC2CC1C23OCC=C3,0.8726188
C1CC2(C=C1)C3CNC2C3,0.50451535
C1NC2CC1C23COC=C3,0.6702112
C1NC2(C=C1)C3CNC2C3,0.53115547
C1NC2CC1C23OCC=C3,0.7729782
C1CC2(C=C1)C3COC2C3,0.7824611
C1OC2CC1C23COC=C3,0.7773393
C1NC2(C=C1)C3COC2C3,0.74098957
C1OC2(C=C1)C3COC2C3,0.95590484
C1CC2(C=C1)C3CCC2N3,0.5456336
C1CC2NC1C23COC=C3,0.62526935
C1CC2NC1C23NCC=C3,0.66210425
C1CC2NC1C23OCC=C3,0.9207207
C1CC2(C=C1)C3CCC2O3,0.6234126
C1CC2OC1C23COC=C3,0.6267887
C1NC2(C=C1)C3CCC2O3,0.7662035
C1CC2OC1C23OCC=C3,0.8002658
C1CC2(C=C1)C3CCN2C3,0.59230006
C1CN2CC1C23COC=C3,0.5498701
C1CC2CC1C23C=CC=C3,1.0704896
C1NC2CC1C23C=CC=C3,0.9241885
C1OC2CC1C23C=CC=C3,0.95997673
C1CC2NC1C23C=CC=C3,1.0160899
C1CC2OC1C23C=CC=C3,0.79821265
C1CN2CC1C23C=CC=C3,0.90850466
C1CCC2(C1)C3CC2C=C3,0.73848414
C1CC2(CN1)C3CC2C=C3,0.5933378
C1CC2(CO1)C3CC2C=C3,0.7094114
C1CNC2(C1)C3CC2C=C3,0.7396672
C1COC2(C1)C3CC2C=C3,0.9288494
C1OCC2(O1)C3CC2C=C3,0.88495564
C1COC2(O1)C3CC2C=C3,0.8556453
C1CCC2(C1)C3NC2C=C3,0.7516064
C1CC2(CN1)C3NC2C=C3,0.65712875
C1CC2(CO1)C3NC2C=C3,0.7177226
C1CNC2(C1)C3NC2C=C3,0.78565747
C1COC2(C1)C3NC2C=C3,0.82348025
C1OCC2(O1)C3NC2C=C3,0.8939897
C1COC2(O1)C3NC2C=C3,0.81573117
C1CCC2(C1)C3OC2C=C3,0.734409
C1CC2(CN1)C3OC2C=C3,0.7970807
C1CC2(CO1)C3OC2C=C3,0.6400058
C1CNC2(C1)C3OC2C=C3,0.713796
C1COC2(C1)C3OC2C=C3,0.5551418
C1OCC2(O1)C3OC2C=C3,1.0153005
C1COC2(O1)C3OC2C=C3,0.9176896
C1C=CCC12C3CC2C=C3,0.81878513
C1C=NNC12C3CC2C=C3,1.0277275
C1N=CNC12C3CC2C=C3,0.9421468
C1C2C=CC1C23CC=CO3,0.8746079
C1C=NOC12C3CC2C=C3,1.181957
C1C2C=CC1C23OC=CO3,0.74112785
C1C2C=CC1C23OC=NO3,0.8638171
C1C=CCC12C3NC2C=C3,0.7337908
C1C=NNC12C3NC2C=C3,0.9255766
C1N=CNC12C3NC2C=C3,0.9204691
C1C=COC12C3NC2C=C3,0.9302089
C1C=NOC12C3NC2C=C3,1.1118956
N1C2C=CC1C23OC=CO3,0.74211633
N1C2C=CC1C23OC=NO3,0.9658131
C1C=CCC12C3OC2C=C3,0.6872957
C1C=NNC12C3OC2C=C3,1.1163619
C1N=CNC12C3OC2C=C3,1.1451622
C1C=COC12C3OC2C=C3,1.1782709
C1C=NOC12C3OC2C=C3,1.3466692
O1C=COC12C3OC2C=C3,1.2608972
O1C=NOC12C3OC2C=C3,1.8323257
C1CC2(C=C1)C3CC2C=C3,0.68345493
C1NN=CC12C3CC2C=C3,0.9962881
C1OC=CC12C3CC2C=C3,0.88383394
C1ON=CC12C3CC2C=C3,1.204054
C1NC2(C=C1)C3CC2C=C3,0.8478626
C1OC2(C=C1)C3CC2C=C3,1.1342872
C1CC2(C=C1)C3NC2C=C3,0.86794484
C1NN=CC12C3NC2C=C3,0.891093
C1OC=CC12C3NC2C=C3,0.80651927
C1ON=CC12C3NC2C=C3,1.0937318
C1NC2(C=C1)C3NC2C=C3,0.78707194
C1OC2(C=C1)C3NC2C=C3,1.0847592
C1CC2(C=C1)C3OC2C=C3,0.8155364
C1NN=CC12C3OC2C=C3,1.111175
C1OC=CC12C3OC2C=C3,1.0904769
C1ON=CC12C3OC2C=C3,1.3778442
C1NC2(C=C1)C3OC2C=C3,0.9446128
C1OC2(C=C1)C3OC2C=C3,1.2795913
C1C2C=CC1C23C=CC=C3,1.0026884
C1C2C=CC1C23C=NN=C3,2.0294762
N1C2C=CC1C23C=CC=C3,1.1728613
N1C2C=CC1C23C=NN=C3,2.1188667
O1C2C=CC1C23C=CC=C3,1.3061965
O1C2C=CC1C23C=NN=C3,2.5273204
C1CC2C(C1)C23CC=CC3,0.6736194
C1CC2C(C1)C23CC=CO3,0.5524606
C1CC2C(C1)C23OC=CO3,0.6142193
C1NCC2C1C23CC=CC3,0.6006503
C1NCC2C1C23CC=CO3,0.4911246
C1NCC2C1C23OC=CO3,0.44673997
C1OCC2C1C23CC=CC3,0.66449744
C1OCC2C1C23CC=CO3,0.6209885
C1OCC2C1C23OC=CO3,0.4937743
C1CC2C(N1)C23CC=CC3,0.5626347
C1CC2C(N1)C23CC=CO3,0.6315444
C1CC2C(N1)C23OC=CO3,0.7213186
C1CC2C(O1)C23CC=CC3,0.8007305
C1CC2C(O1)C23CC=CO3,0.69917333
C1CC2C(O1)C23OC=CO3,0.7074853
C1OC2C(O1)C23CC=CC3,0.6249953
C1OC2C(O1)C23CC=CO3,0.62753284
C1OC2C(O1)C23OC=CO3,0.6588459
C1CC2N(C1)C23CC=CC3,0.5754012
C1CC2C(C1)C23CCC=C3,0.77043784
C1CC2C(C1)C23COC=C3,0.5374839
C1CC2C(C1)C23NCC=C3,0.56448066
C1CC2C(C1)C23OCC=C3,0.7265894
C1CC2(C=C1)C3CNCC23,0.4172912
C1NCC2C1C23COC=C3,0.64097726
C1NC2(C=C1)C3CNCC23,0.6000673
C1NCC2C1C23OCC=C3,0.77585316
C1CC2(C=C1)C3COCC23,0.5729559
C1OCC2C1C23COC=C3,0.62720746
C1NC2(C=C1)C3COCC23,0.60807776
C1OC2(C=C1)C3COCC23,0.9167497
C1CC2C(N1)C23CCC=C3,0.6788554
C1CC2C(N1)C23COC=C3,0.7671603
C1CC2C(N1)C23NCC=C3,0.7258179
C1CC2C(N1)C23OCC=C3,0.97318137
C1CC2C(O1)C23CCC=C3,0.8245959
C1CC2C(O1)C23COC=C3,0.8045398
C1CC2C(O1)C23NCC=C3,0.7147011
C1CC2C(O1)C23OCC=C3,0.917284
C1OC2C(O1)C23CCC=C3,0.66356194
C1OC2C(O1)C23COC=C3,0.8555474
C1NC2(C=C1)C3OCOC23,0.93251467
C1OC2C(O1)C23OCC=C3,1.114756
C1CC2N(C1)C23CCC=C3,0.6708347
C1CC2N(C1)C23COC=C3,0.6217659
C1CC2C(C1)C23C=CC=C3,0.96681094
C1NCC2C1C23C=CC=C3,1.0100873
C1OCC2C1C23C=CC=C3,0.81809735
C1CC2C(N1)C23C=CC=C3,1.0710416
C1CC2C(O1)C23C=CC=C3,1.0415056
C1OC2C(O1)C23C=CC=C3,1.0556604
C1CC2N(C1)C23C=CC=C3,0.9918505
C1CCC2(C1)C3CC=CC23,0.7334146
C1CC2(CN1)C3CC=CC23,0.6400967
C1CC2(CO1)C3CC=CC23,0.69104815
C1CNC2(C1)C3CC=CC23,0.62948173
C1COC2(C1)C3CC=CC23,0.66470456
C1OCC2(O1)C3CC=CC23,0.5892464
C1COC2(O1)C3CC=CC23,0.61600673
C1CCC2(C1)C3OC=CC23,0.6943521
C1CC2(CN1)C3OC=CC23,0.79815733
C1CC2(CO1)C3OC=CC23,0.7041006
C1CNC2(C1)C3OC=CC23,0.78237396
C1COC2(C1)C3OC=CC23,0.85265195
C1OCC2(O1)C3OC=CC23,1.1012177
C1COC2(O1)C3OC=CC23,1.1668814
C1CCC2(C1)C3C=CCN23,0.4363667
C1CC2(CN1)C3C=CCN23,0.57337433
C1CC2(CO1)C3C=CCN23,0.5323616
C1C=CC2C1C23CC=CC3,0.78325355
C1C=CC2C1C23CC=NN3,0.92633766
C1C=CC2C1C23CN=CN3,0.9772254
C1C=CC2C1C23CC=CO3,0.93715274
C1C=CC2C1C23CC=NO3,1.122927
C1C=CC2C1C23OC=CO3,0.68005455
C1C=CC2C1C23OC=NO3,0.77645206
C1C=CCC12C3NN=CC23,0.8026043
C1C=COC12C3NN=CC23,1.1677917
N1N=CC2C1C23OC=CO3,0.8201838
C1C=CCC12C3NC=NC23,0.77894104
C1C=COC12C3NC=NC23,0.73419434
N1C=NC2C1C23OC=CO3,0.91401255
C1C=CCC12C3OC=CC23,1.0143327
C1C=NNC12C3OC=CC23,1.2594415
C1N=CNC12C3OC=CC23,1.0873846
C1C=COC12C3OC=CC23,1.2164496
C1C=NOC12C3OC=CC23,1.3531605
O1C=CC2C1C23OC=CO3,0.83057714
O1C=CC2C1C23OC=NO3,1.2178878
C1C=CCC12C3ON=CC23,1.1154021
C1C=COC12C3ON=CC23,1.3852781
O1C=COC12C3ON=CC23,1.5445753
C1N=CN2C1C23CC=CC3,0.8813026
C1C=NN2C1C23CC=CC3,0.8730291
C1C=CC2N1C23CC=CC3,0.70977247
C1CC2(C=C1)C3CC=CC23,0.6052675
C1NN=CC12C3CC=CC23,0.9786476
C1OC=CC12C3CC=CC23,0.8760859
C1ON=CC12C3CC=CC23,1.1423885
C1NC2(C=C1)C3CC=CC23,0.75021654
C1OC2(C=C1)C3CC=CC23,1.0678017
C1CC2(C=C1)C3NN=CC23,0.7786118
C1OC=CC12C3NN=CC23,0.7826655
C1NC2(C=C1)C3NN=CC23,0.8425484
C1OC2(C=C1)C3NN=CC23,1.0280501
C1CC2(C=C1)C3NC=NC23,0.7813529
C1OC=CC12C3NC=NC23,0.84148824
C1NC2(C=C1)C3NC=NC23,0.90861857
C1OC2(C=C1)C3NC=NC23,0.95422167
C1CC2(C=C1)C3OC=CC23,0.8493173
C1NN=CC12C3OC=CC23,1.3393978
C1OC=CC12C3OC=CC23,1.1250209
C1ON=CC12C3OC=CC23,1.5660111
C1NC2(C=C1)C3OC=CC23,0.970993
C1OC2(C=C1)C3OC=CC23,1.0654782
C1CC2(C=C1)C3ON=CC23,1.2710438
C1OC=CC12C3ON=CC23,1.3863717
C1NC2(C=C1)C3ON=CC23,1.3612183
C1OC2(C=C1)C3ON=CC23,1.5409297
C1CC2(C=C1)C3CN=CN23,0.9669492
C1OC=CC12C3CN=CN23,1.190906
C1CC2(C=C1)C3CC=NN23,0.98099744
C1OC=CC12C3CC=NN23,1.3668466
C1CC2(C=C1)C3C=CCN23,0.8366316
C1NN=CC12C3C=CCN23,1.314988
C1OC=CC12C3C=CCN23,1.00068
C1ON=CC12C3C=CCN23,1.7274534
C1C=CC2C1C23C=CC=C3,0.7808993
C1C=CC2C1C23C=NN=C3,1.969158
N1N=CC2C1C23C=CC=C3,1.105147
N1C=NC2C1C23C=CC=C3,1.1770407
O1C=CC2C1C23C=CC=C3,0.96738863
O1C=CC2C1C23C=NN=C3,2.3920164
O1N=CC2C1C23C=CC=C3,1.3586719
C1N=CN2C1C23C=CC=C3,1.1886111
C1C=NN2C1C23C=CC=C3,1.2140546
C1C=CC2N1C23C=CC=C3,1.128186
C1C=CC2N1C23C=NN=C3,2.3046567
CC12C3CC1C4C3C4C2=C,0.84512097
NC12C3CC1C4C3C4C2=C,0.757097
OC12C3CC1C4C3C4C2=C,0.79944885
CC12C3NC1C4C3C4C2=C,0.61270803
NC12C3NC1C4C3C4C2=C,0.75890976
OC12C3NC1C4C3C4C2=C,0.866634
CC12C3OC1C4C3C4C2=C,0.7692903
NC12C3OC1C4C3C4C2=C,1.0297323
OC12C3OC1C4C3C4C2=C,1.0841327
CC12C3CN1C4C3C4C2=C,0.7423353
CC12C3CC1N4C3C4C2=C,0.76266307
NC12C3CC1N4C3C4C2=C,0.8224728
OC12C3CC1N4C3C4C2=C,0.9105011
CC12C=CC3C4C1CC2C34,0.85709167
NC12C=CC3C4C1CC2C34,0.97210675
OC12C=CC3C4C1CC2C34,1.043436
CC12C=CC3C4C1NC2C34,0.67911196
NC12C=CC3C4C1NC2C34,0.7352496
OC12C=CC3C4C1NC2C34,0.9328502
CC12C=CC3C4C1OC2C34,0.66808295
NC12C=CC3C4C1OC2C34,0.8671485
OC12C=CC3C4C1OC2C34,1.1530447
CC12C=CC3C4C1CN2C34,0.9186508
CC12C=CC3C4C1CC2N34,0.92122555
NC12C=CC3C4C1CC2N34,1.0374961
OC12C=CC3C4C1CC2N34,1.2256442
CC12C3CC3C4C1C=CC24,0.7324926
NC12C3CC3C4C1C=CC24,0.75920147
OC12C3CC3C4C1C=CC24,0.77317625
CC12C3CC3N4C1C=CC24,0.81067425
NC12C3CC3N4C1C=CC24,0.8741077
OC12C3CC3N4C1C=CC24,0.94052494
CC12C3NC3C4C1C=CC24,0.7405007
NC12C3NC3C4C1C=CC24,0.9110954
OC12C3NC3C4C1C=CC24,0.8754823
CC12C3OC3C4C1C=CC24,0.8836272
NC12C3OC3C4C1C=CC24,1.0228171
OC12C3OC3C4C1C=CC24,1.2167046
CC12C3CN3C4C1C=CC24,0.83854747
NC12C3CN3C4C1C=CC24,0.9138987
OC12C3CN3C4C1C=CC24,0.919858
CC12C3C=CC1C3C4CN24,0.7358451
CC1CC1C2C3CC2C=C3,0.72597307
NC1CC1C2C3CC2C=C3,0.6893806
OC1CC1C2C3CC2C=C3,0.67825323
CC1CC1C2C3NC2C=C3,0.6666979
NC1CC1C2C3NC2C=C3,0.5960812
OC1CC1C2C3NC2C=C3,0.61688304
CC1CC1C2C3OC2C=C3,0.61958843
NC1CC1C2C3OC2C=C3,0.6435896
OC1CC1C2C3OC2C=C3,0.66509753
CC1CC1N2C3CC2C=C3,0.55072004
NC1CC1N2C3CC2C=C3,0.55974853
OC1CC1N2C3CC2C=C3,0.648548
CC1NC1C2C3CC2C=C3,0.6865662
CC1NC1C2C3NC2C=C3,0.7332665
CC1NC1C2C3OC2C=C3,0.73458505
CC1OC1C2C3CC2C=C3,0.7946191
CC1OC1C2C3NC2C=C3,0.6910707
CC1OC1C2C3OC2C=C3,0.7220181
CN1CC1C2C3CC2C=C3,0.66085994
CN1CC1C2C3NC2C=C3,0.566938
CN1CC1C2C3OC2C=C3,0.58673334
CC1CN1C2C3CC2C=C3,0.7880898
CC1CN1C2C3NC2C=C3,0.8204864
CC1CN1C2C3OC2C=C3,0.7348995
C1CC1CC2C3CC2C=C3,0.7043992
C1CC1NC2C3CC2C=C3,0.6278251
C1CC1OC2C3CC2C=C3,0.7815852
C1CC1CC2C3NC2C=C3,0.6152499
C1CC1NC2C3NC2C=C3,0.71345395
C1CC1OC2C3NC2C=C3,0.8031794
C1CC1CC2C3OC2C=C3,0.67759275
C1CC1NC2C3OC2C=C3,0.57234347
C1CC1OC2C3OC2C=C3,0.775653
C1CC1CN2C3CC2C=C3,0.67010427
C1NC1CC2C3CC2C=C3,0.67523
C1NC1CC2C3NC2C=C3,0.61869735
C1NC1CC2C3OC2C=C3,0.71257174
C1NC1CN2C3CC2C=C3,0.65458447
C1OC1CC2C3CC2C=C3,0.8133786
C1OC1CC2C3NC2C=C3,0.7482884
C1OC1CC2C3OC2C=C3,0.76368874
C1OC1CN2C3CC2C=C3,0.75065756
C1CN1CC2C3CC2C=C3,0.7588666
C1CN1CC2C3NC2C=C3,0.6970875
C1CN1CC2C3OC2C=C3,0.69240224
CC1CC1C2C3CC=CC23,0.7586743
NC1CC1C2C3CC=CC23,0.81712055
OC1CC1C2C3CC=CC23,0.54656065
CC1CC1C2C3OC=CC23,0.7846594
NC1CC1C2C3OC=CC23,0.93029666
OC1CC1C2C3OC=CC23,0.85544276
CC1NC1C2C3CC=CC23,0.8400883
CC1NC1C2C3OC=CC23,0.8933288
CC1OC1C2C3CC=CC23,0.8185084
CC1OC1C2C3OC=CC23,0.84695995
CN1CC1C2C3CC=CC23,0.70253634
CN1CC1C2C3OC=CC23,0.848504
CC1CN1C2C3CC=CC23,0.83825815
CC1CN1C2C3OC=CC23,0.9239615
CC1CC1N2C3CC=CC23,0.62235105
NC1CC1N2C3CC=CC23,0.60383266
OC1CC1N2C3CC=CC23,0.61462384
CC1CC1C2C3C=CCN23,0.9097672
NC1CC1C2C3C=CCN23,0.8336297
OC1CC1C2C3C=CCN23,0.6597093
CC1NC1C2C3C=CCN23,0.878467
CC1OC1C2C3C=CCN23,0.8362449
CN1CC1C2C3C=CCN23,0.7628146
C=C1CC2C3CC2C4C3C14,0.6472838
C=C1OC2C3CC2C4C3C14,0.90431464
C=C1CC2C3NC2C4C3C14,0.6207339
C=C1OC2C3NC2C4C3C14,0.7476542
C=C1CC2C3OC2C4C3C14,0.5954224
C=C1OC2C3OC2C4C3C14,0.79809606
C=C1CN2C3CC2C4C3C14,0.75494236
C=C1CC2C3CN2C4C3C14,0.8552077
C=C1CC2C3CC2N4C3C14,0.6026061
C=C1OC2C3CC2N4C3C14,0.7723863
CC1=CC2C3CC2C4C3C14,0.6003726
CC1=CC2C3NC2C4C3C14,0.561088
CC1=CC2C3OC2C4C3C14,0.5060003
CC1=CC2C3CN2C4C3C14,0.7350326
CC1=CC2C3CC2N4C3C14,0.5483303
C=C1C2CC3CC2C4C3C14,0.5595006
C=C1C2NC3CC2C4C3C14,0.6622749
C=C1C2OC3CC2C4C3C14,0.73314476
C=C1C2CC3NC2C4C3C14,0.6070898
C=C1C2CC3OC2C4C3C14,0.7604309
C=C1C2OC3OC2C4C3C14,0.97331655
C=C1C2CN3CC2C4C3C14,0.6689577
C=C1C2CC3CN2C4C3C14,0.67816263
C=C1C2CC3CC2C4C1N34,0.62401545
C=C1C2CC3CC2N4C3C14,0.6927703
C=C1C2NC3CC2N4C3C14,0.5677229
C=C1C2OC3CC2N4C3C14,0.7814489
C1C2CC3C1C4CC2=CC34,0.7841579
C1C2CC3C1C4OC2=CC34,0.88202405
C1C2NC3C1C4CC2=CC34,0.8426276
C1C2NC3C1C4OC2=CC34,0.80487704
C1C2OC3C1C4CC2=CC34,0.90880644
C1C2OC3C1C4OC2=CC34,1.1877588
C1C2NC3C1C4C=C2CC34,0.7584502
C1C2NC3C1C4C=C2OC34,0.5092726
C1C2OC3C1C4C=C2CC34,0.8863276
C1C2OC3C1C4C=C2OC34,0.7869185
C1C2C3OC4OC3C2C=C14,1.1392008
O1C2OC3C1C4OC2=CC34,1.3461931
C1C2CC3C1C4C=C2CN34,0.80758
C1C2NC3C1N4CC2=CC34,0.644405
C1C2OC3C1N4CC2=CC34,0.8458924
C1C2CN3C1C4CC2=CC34,0.886856
C1C2CN3C1C4OC2=CC34,0.9283135
C1C2CN3C1C4C=C2CC34,0.8649632
C1C2C3CC4=CC3C2C=C14,0.8051954
C1C2C3C=C1C4=NC2C3N4,1.2825141
C1C2C3OC4=CC3C2C=C14,1.225127
N1C2C3C=C4OC3C2N=C14,1.7202917
O1C2C3OC4=CC3C2C=C14,1.0128165
C1C2C3C=C1C4=CC3N2C4,0.86962295
C1C2C3C=C1C4=CC2C3C4,1.1444947
C1C2C3C=C1C4=CC2C3O4,1.5095054
O1C2C3C=C1C4=CC2C3O4,1.8437217
C1C2C3C=C1C4=CC2N3C4,1.1937954
C1N2C3C=C1C4=CC2C3O4,1.7229857
C1C2C3CC1=C4CC2C3C4,1.0169033
C1C2C3CC1=C4CC2C3O4,0.94333667
C1C2C3CC4=C1OC2C3O4,0.8734433
C1C2C3OC1=C4CC3C2O4,0.9641696
C1C2C3CC1=C4CC2N3C4,0.8339904
C1C2C3OC4=C1CN2C3C4,0.990896
C=C1C2CC3CC1C4C3C24,0.5228395
C=C1C2CC3NC1C4C3C24,0.57038915
C=C1C2CC3OC1C4C3C24,0.70726204
C=C1C2OC3OC1C4C3C24,0.9883692
C=C1C2CN3CC1C4C2C34,0.7679621
C=C1C2CC3CC1C4C2N34,0.654467
C=C1C2CC3CC1N4C3C24,0.6549789
C=C1C2CC3NC1C4C3N24,0.5725974
C=C1C2CC3OC1C4C3N24,0.78743577
CC1C2CC3=CC1C4C2C34,0.73177445
NC1C2CC3=CC1C4C2C34,0.67624474
OC1C2CC3=CC1C4C2C34,0.631415
CC1C2OC3=CC1C4C2C34,0.7345946
NC1C2OC3=CC1C4C2C34,0.81628895
OC1C2OC3=CC1C4C2C34,0.81699365
CN1C2CC3=CC1C4C2C34,0.6580774
CC1C2C=C3CN1C4C2C34,0.84389913
CC1C2CC3=CC1N4C2C34,0.9321319
NC1C2CC3=CC1N4C2C34,0.8763122
OC1C2CC3=CC1N4C2C34,0.79103017
CC1C2OC3=CC1N4C2C34,0.81746197
NC1C2OC3=CC1N4C2C34,1.2103564
OC1C2OC3=CC1N4C2C34,1.1028055
CC1C2CC3=CC1C4C3N24,0.7197003
NC1C2CC3=CC1C4C3N24,0.66998535
OC1C2CC3=CC1C4C3N24,0.64102036
C=C1C2CC3=CC1C4C2C34,0.72333723
O=C1C2CC3=CC1C4C2C34,0.8170393
C=C1C2NC3=NC1C4C2C34,0.99150276
C=C1C2OC3=CC1C4C2C34,0.95569634
O=C1C2OC3=CC1C4C2C34,1.1214565
C=C1C2CC3=CC1N4C2C34,0.89916074
O=C1C2CC3=CC1N4C2C34,1.2241967
C=C1C2OC3=CC1N4C2C34,1.3341388
O=C1C2OC3=CC1N4C2C34,1.7896572
C=C1C2CC3=CC1C4C3N24,0.8436022
O=C1C2CC3=CC1C4C3N24,1.1044556
C=C1CC2C3CC4C(C23)C14,0.62406355
C=C1OC2C3CC4C(C23)C14,0.88911134
C=C1CC2C3NC4C(C23)C14,0.6119742
C=C1OC2C3NC4C(C23)C14,0.79600835
C=C1CC2C3OC4C(C23)C14,0.94749874
C=C1OC2C3OC4C(C23)C14,0.8818536
C=C1CN2C3CC4C(C23)C14,0.64913386
C=C1CC2C3C4C(CN23)C14,0.54401565
C=C1CC2C3CN4C(C23)C14,0.44047803
C=C1OC2C3CN4C(C23)C14,0.6505537
C=C1CN2C3CN4C(C23)C14,0.5565027
C=C1CC2C3CC4C(C14)N23,0.5244019
C=C1CC2C3CC4C1N4C23,0.7386072
C=C1OC2C3CC4C1N4C23,0.7322376
CC1=CC2C3CC4C(C23)C14,0.6307329
CC1=CC2C3NC4C(C23)C14,0.6881824
CC1=CC2C3OC4C(C23)C14,0.9510093
CC1=CC2C3C4C(CN23)C14,0.5005105
CC1=CC2C3CN4C(C23)C14,0.42215326
CC1=CC2C3CC4C(C14)N23,0.50922984
CC1=CC2C3CC4C1N4C23,0.74561566
C=C1C2C3CCC4C(C23)C14,0.6524009
C=C1C2C3CNC4C(C23)C14,0.6082769
C=C1C2C3COC4C(C23)C14,0.6905201
C=C1C2C3CCN4C(C23)C14,0.68404377
C=C1C2C3C4C1N4CCN23,0.7652128
C=C1C2C3CCC4C1N4C23,0.88708943
C=C1C2C3NCC4C1N4C23,0.6342001
C=C1C2C3OCC4C1N4C23,0.75420964
CC1C2C3C=CC4C1C4C23,0.8034803
NC1C2C3C=CC4C1C4C23,0.77271944
OC1C2C3C=CC4C1C4C23,0.6759486
CN1C2C3C=CC4C(C23)C14,0.7616257
CC1C2C3C=CC4C(C23)N14,0.7929871
CC1C2C3C=CC4C1N4C23,0.87139326
NC1C2C3C=CC4C1N4C23,0.97963965
OC1C2C3C=CC4C1N4C23,0.8152069
C=C1C2C3C=CC4C(C23)C14,0.90436506
O=C1C2C3C=CC4C(C23)C14,1.1602345
C=C1C2C3C=CC4C1N4C23,0.9796237
O=C1C2C3C=CC4C1N4C23,1.4020759
C=C1C2CC3C4C2CC1C34,0.7461498
C=C1C2CC3C4C(NC13)C24,0.5182632
C=C1C2CC3C4C(OC13)C24,0.7225566
C=C1C2CC3C4C2NC1C34,0.58903015
C=C1C2NC3C4C2NC1C34,0.6580204
C=C1C2NC3C4C(OC13)C24,0.82707787
C=C1C2CC3C4C2OC1C34,0.7162446
C=C1C2NC3C4C2OC1C34,0.7463033
C=C1C2OC3C4C2OC1C34,0.95193726
C=C1C2CN3C4C(CC13)C24,0.5984155
C=C1C2CN3C4C2CC1C34,0.8485098
C=C1C2CN3C4C2NC1C34,0.6994301
C=C1C2CN3C4C2OC1C34,0.8582742
C=C1C2CC3C4C2CC1N34,0.73908216
C=C1C2CC3C4C1CC2N34,0.77620125
C=C1C2CC3CC4C2C4C13,0.62820107
C=C1C2NC3CC4C2C4C13,0.67142636
C=C1C2OC3CC4C2C4C13,0.85504794
C=C1C2CC3NC4C2C4C13,0.6654122
C=C1C2CC3OC4C2C4C13,0.6952031
C=C1C2OC3OC4C2C4C13,1.0597335
C=C1C2CN3CC4C2C4C13,0.8266959
C=C1C2CC3CN4C2C4C13,0.7801247
C=C1C2NC3CN4C2C4C13,0.79802364
C=C1C2OC3CN4C2C4C13,0.9121547
C=C1C2CC3CC4C(C13)N24,0.5825566
C=C1C2CN3CC4C(C13)N24,0.9170207
C=C1C2CC3CC4C2N4C13,0.78432035
C=C1C2NC3CC4C2N4C13,0.74561065
C=C1C2OC3CC4C2N4C13,0.8703153
C=C1C2CC3C4CC(C24)C13,0.67500734
C=C1C2NC3C4CC(C24)C13,0.5479173
C=C1C2OC3C4CC(C24)C13,0.69624496
C=C1C2CC3C4NC(C24)C13,0.4653481
C=C1C2NC3C4NC(C24)C13,0.5390502
C=C1C2OC3C4NC(C24)C13,0.7423026
C=C1C2CC3C4OC(C24)C13,0.6682594
C=C1C2NC3C4OC(C24)C13,0.6865675
C=C1C2OC3C4OC(C24)C13,0.84566
C=C1C2CN3C4CC(C24)C13,0.7764021
C=C1C2CC3C1C4CN3C24,0.67585504
C=C1C2CC3C4CN(C24)C13,0.6270382
C=C1C2NC3C4CN(C24)C13,0.58602977
C=C1C2OC3C4CN(C24)C13,0.86387837
C=C1C2CC3C4CC(C13)N24,0.6422116
C=C1CC2C3CC4C2C4C13,0.527889
C=C1OC2C3CC4C2C4C13,0.82126164
C=C1CC2C3NC4C2C4C13,0.67224205
C=C1OC2C3NC4C2C4C13,0.89828014
C=C1CC2C3OC4C2C4C13,0.8490682
C=C1OC2C3OC4C2C4C13,1.0324174
C=C1CN2C3CC4C(C24)C13,0.76538295
C=C1CC2C3C4CN2C1C34,0.8416574
C=C1CC2C3CN4C2C4C13,0.741451
C=C1OC2C3CN4C2C4C13,0.90429044
C=C1CC2C3CC4C(C13)N24,0.6738367
C=C1CC2C3CC4C2N4C13,0.647734
C=C1OC2C3CC4C2N4C13,0.83888716
CC1=CC2C3CC4C2C4C13,0.57970965
CC1=CC2C3NC4C2C4C13,0.77075565
CC1=CC2C3OC4C2C4C13,0.79808533
CC1=CC2C3C4CN2C1C34,0.99046004
CC1=CC2C3CN4C2C4C13,0.735204
CC1=CC2C3CC4C(C13)N24,0.57730365
CC1=CC2C3CC4C2N4C13,0.73320055
CC1C=C2C3CC4C(C13)C24,0.7922925
NC1C=C2C3CC4C(C13)C24,1.0284296
OC1C=C2C3CC4C(C13)C24,0.94522107
CC1C=C2C3NC4C(C13)C24,1.0110213
NC1C=C2C3NC4C(C13)C24,0.9210247
OC1C=C2C3NC4C(C13)C24,0.92111516
CC1C=C2C3OC4C(C13)C24,1.1801783
NC1C=C2C3OC4C(C13)C24,1.4361844
OC1C=C2C3OC4C(C13)C24,1.2136645
CC1C=C2C3CC4C(C24)N13,1.1087526
CC1C=C2C3CN4C(C13)C24,0.7407782
NC1C=C2C3CN4C(C13)C24,0.658043
OC1C=C2C3CN4C(C13)C24,0.8773414
CC1C=C2C3CC4C2N4C13,0.8936357
NC1C=C2C3CC4C2N4C13,1.0207931
OC1C=C2C3CC4C2N4C13,0.82498866
C=C1C=C2C3CC4C(C24)C13,1.0695884
O=C1C=C2C3CC4C(C24)C13,1.2024294
C=C1C=C2C3NC4C(C24)C13,0.98171604
O=C1C=C2C3NC4C(C24)C13,1.268864
C=C1C=C2C3OC4C(C24)C13,1.2147169
O=C1C=C2C3OC4C(C24)C13,1.2540845
C=C1C=C2C3CN4C(C13)C24,1.034242
O=C1C=C2C3CN4C(C13)C24,1.3542144
C=C1C=C2C3CC4C2N4C13,1.0425524
O=C1C=C2C3CC4C2N4C13,1.206966
C=C1C2C3CCC2C4C3C14,0.5379182
C=C1C2C3CNC2C4C3C14,0.61031485
C=C1C2C3COC2C4C3C14,0.6305691
C=C1C2C3C4CCN(C23)C14,0.5571933
C=C1C2C3CCC2N4C3C14,0.6472078
C=C1C2C3CNC2C4C1N34,0.7183417
C=C1C2C3COC2C4C1N34,0.69101286
CC1C2C3C=CC2C4C1C34,0.596021
NC1C2C3C=CC2C4C1C34,0.653382
OC1C2C3C=CC2C4C1C34,0.47321126
CN1C2C3C=CC2C4C3C14,0.6118204
CC1C2C3C4C=CC(C23)N14,0.8525924
CC1C2C3C=CC2C4C3N14,0.702657
CC1C2C3C=CC2N4C1C34,0.8003487
NC1C2C3C=CC2N4C1C34,0.78788424
OC1C2C3C=CC2N4C1C34,0.6758896
C=C1C2C3C=CC2C4C3C14,0.77279055
O=C1C2C3C=CC2C4C3C14,0.9730855
C=C1C2C3C=CC2N4C3C14,0.9110695
O=C1C2C3C=CC2N4C3C14,1.1117727
CC1C2C3C4CC=C(C14)C23,0.96063673
NC1C2C3C4CC=C(C14)C23,0.88458467
OC1C2C3C4CC=C(C14)C23,0.76221883
CC1C2C3C4OC=C(C14)C23,1.0682634
NC1C2C3C4OC=C(C14)C23,1.1944166
OC1C2C3C4OC=C(C14)C23,1.2736113
CN1C2C3C4CC=C(C23)C14,0.7103729
CN1C2C3C4OC=C(C23)C14,0.9785416
CC1C2C3C2C4=CCN3C14,0.75529784
NC1C2C3C2C4=CCN3C14,0.86955875
OC1C2C3C2C4=CCN3C14,0.9586879
CC1C2C3CC=C2C4C3N14,0.79719627
CC1C2C3OC=C2C4C3N14,0.84823984
CC1C2C3N2C4CC=C3C14,1.2679615
NC1C2C3N2C4CC=C3C14,0.9626128
OC1C2C3N2C4CC=C3C14,1.0178108
C=C1C2C3C4CC=C(C23)C14,0.8052106
O=C1C2C3C4CC=C(C23)C14,1.3057972
C=C1C2C3C4NN=C(C23)C14,1.3079692
C=C1C2C3C4OC=C(C23)C14,1.3000461
O=C1C2C3C4OC=C(C23)C14,1.420751
C=C1C2C3C4ON=C(C23)C14,1.3758608
C=C1C2C3C2C4=CCN3C14,1.1280502
O=C1C2C3C2C4=CCN3C14,1.2825137
C=C1C2C3N2C4CC=C3C14,1.2663735
O=C1C2C3N2C4CC=C3C14,1.4845756
C1C2CC3C1C4C=CC2C34,0.6980599
C1C2NC3C1C4C2C=CC34,0.9119369
C1C2OC3C1C4C2C=CC34,0.7621399
C1C2NC3C1C4C=CC2C34,0.6276821
C1C2OC3C1C4C=CC2C34,0.6917403
O1C2OC3C1C4C=CC2C34,0.8687358
C1C2C3CN1C4C=CC2C34,0.8827198
C1C2CN3C1C4C2C=CC34,0.80486846
C1C2CN3C1C4C=CC2C34,0.7466184
C1C2CC3C1C4C=CC2N34,0.7962819
C1C2NC3C1N4C2C=CC34,0.6951184
C1C2OC3C1N4C2C=CC34,0.80964506
C1C=C2C3CC4C1C2C4C3,0.7640181
C1C2CC3C1C4OC=C2C34,1.0460752
C1C=C2C3CC4C(N3)C1C24,0.67705184
C1C2NC3C1C4C3OC=C24,0.77661216
C1C=C2C3CC4C(O3)C1C24,0.7277719
C1C2OC3C1C4C3OC=C24,0.76991546
C1C=C2C3CC4C1C2C4N3,0.9613094
C1C2NC3C1C4OC=C2C34,0.98355114
C1C=C2C3CC4C1C2C4O3,0.8150965
C1C2OC3C1C4OC=C2C34,1.3402159
C1C=C2C3OC4C1C2C4O3,1.0971478
O1C=C2C3OC4C1C2C4O3,1.2277491
C1C=C2C3CC4C(C3)N1C24,0.90560406
C1C2NC3C1N4CC=C2C34,0.6238661
C1C2OC3C1N4CC=C2C34,1.081467
C1C=C2C3CC4C2C1N4C3,0.7207033
C1C=C2C3CC4C1C2N4C3,0.8195955
C1C2CN3C1C4OC=C2C34,1.1071583
C1CC2C3C1C4C=C2CC34,0.819199
C1NC2C3C1C4C=C2CC34,0.69351953
C1OC2C3C1C4C=C2CC34,0.81825984
C1NC2C3C=C4CC3C2C14,0.74829674
C1OC2C3C=C4CC3C2C14,1.0813589
C1CC2C3C1C4C=C2OC34,0.66943187
C1NC2C3C1C4C=C2OC34,0.6561719
C1OC2C3C1C4C=C2OC34,0.91286397
C1NC2C3C=C4OC3C2C14,0.84085226
C1OC2C3C=C4OC3C2C14,1.2692991
C1CN2C3C=C4CC3C2C14,0.53261
C1CN2C3C=C4OC3C2C14,0.713072
C1CC2C3C1C4C=C2CN34,0.7726839
C1NC2C3C1C4C=C2CN34,0.8481854
C1OC2C3C1C4C=C2CN34,0.93651485
C1NC2C3C=C4CN3C2C14,0.7366646
C1OC2C3C=C4CN3C2C14,1.035595
C1CC2N3C1C4C=C2CC34,0.93635654
C1C2C3C=C1C4C=CC3C24,0.97349584
N1C2C3C=CC4C3C2N=C14,1.6032068
O1C2C3C=C1C4C=CC3C24,1.2637824
C1N2C3C=C1C4C=CC3C24,1.2861683
C1C2C3C=C1C4C=CC3N24,1.1153891
C1C=C2C3C1C4C=C2CC34,1.1996402
C1C2C3C=C1C4=NNC3C24,1.4603485
C1C2C3C=C1C4=COC3C24,1.6212715
C1C2C3C=C1C4=NOC3C24,2.092276
C1C=C2C3C1C4N=C2NC34,1.2729671
N1C=C2C3C1C4N=C2NC34,1.5041343
N1C2C3N=C1C4=COC3C24,1.5090472
C1C=C2C3C1C4C=C2OC34,1.4215144
N1N=C2C3C1C4C=C2OC34,1.6226268
O1C=C2C3C1C4C=C2OC34,1.4082983
O1N=C2C3C1C4C=C2OC34,1.5812248
C1C=C2C3C4CC2=CC4N13,1.1795812
C1C=C2C3C4OC2=CC4N13,1.6416115
C1C=C2C3C1C4C=C2CN34,1.4429752
C1N2C3C=C1C4=NNC3C24,1.7245222
C1N2C3C=C1C4=COC3C24,1.6727841
C1N2C3C=C1C4=NOC3C24,1.9911882
C1CC2C3C1C4CC2=CC34,0.91024
C1NC2C3C1C4CC2=CC34,0.8871819
C1OC2C3C1C4CC2=CC34,0.84915864
C1NC2C3CC4=CC3C2C14,0.87631404
C1OC2C3CC4=CC3C2C14,0.8803851
C1CC2C3C1C4OC2=CC34,0.93763566
C1NC2C3C1C4OC2=CC34,0.95740986
C1OC2C3C1C4OC2=CC34,1.2061206
C1NC2C3OC4=CC3C2C14,1.0776011
C1OC2C3OC4=CC3C2C14,1.1591116
C1CN2C3CC4=CC3C2C14,0.6896762
C1CC2C3C1N4CC2=CC34,0.91583115
C1NC2C3C1N4CC2=CC34,0.6727369
C1OC2C3C1N4CC2=CC34,0.8389145
C1CC2N3C1C4CC2=CC34,0.8293998
C1CC2N3C1C4OC2=CC34,1.0190636
C1C2C3C=CC4C3C2C=C14,0.9332478
O1C2C3C=CC4C3C2C=C14,1.2499386
C1N2C3C=CC4C3C2C=C14,0.81261134
C1C2C3C=CC4N3C2C=C14,1.1080408
O1C2C3C=CC4N3C2C=C14,1.4159874
C1C=C2C3C1C4CC2=CC34,0.9632927
C1C2C3NN=C4C3C2C=C14,1.3191093
C1C2C3OC=C4C3C2C=C14,1.0567186
C1C2C3ON=C4C3C2C=C14,1.1548197
C1C=C2C3C1C4OC2=CC34,1.4831403
N1N=C2C3C1C4OC2=CC34,1.8772991
O1C=C2C3C1C4OC2=CC34,1.5393609
O1N=C2C3C1C4OC2=CC34,2.3082325
C1C=C2C3C4C=C2CC4N13,1.5466752
C1C=C2C3C1N4CC2=CC34,0.9195126
C1CC2=C3CC4C1C2C4C3,0.8397825
C1OC2=C3CC4C1C2C4C3,0.7626749
C1NC2C3CC4=C1C2C3C4,1.0194594
C1OC2C3CC4=C1C2C3C4,1.0965269
C1CC2=C3CC4C(O3)C1C24,0.71094394
C1OC2=C3CC4C(O3)C1C24,1.1210291
C1NC2C3OC4=C1C2C3C4,1.0732307
C1OC2C3OC4=C1C2C3C4,1.4388399
C1CC2=C3CC4C1C2C4O3,0.8907535
C1OC2=C3CC4C1C2C4O3,1.0552644
C1NC2C3CC4=C1C2C3O4,0.9401649
C1OC2C3CC4=C1C2C3O4,1.2578043
C1CC2=C3CC4C(C3)N1C24,1.0251915
C1CC2=C3CC4C(O3)C2N14,0.8048336
C1CC2=C3CC4C2C1N4C3,0.77296734
C1OC2=C3CC4C2C1N4C3,0.91323125
C1CC2=C3CC4C1C2N4C3,0.80242586
C1OC2=C3CC4C1C2N4C3,0.98719645
C1NC2C3CC4=C1C2N3C4,0.91313434
C1OC2C3CC4=C1C2N3C4,1.0082386
C1C2C3CC1=C4C=CC2C34,0.875389
C1C2C3OC1=C4C=CC3C24,1.2437879
C1C2C3OC1=C4C=CC2C34,1.0817868
C1C2C3C4C=CC3=C1CN24,1.3337353
C1C2C3C=CC4=C1CN2C34,1.0431484
C1C2CC3C=CC1C4C2C34,0.57259643
C1C2NC3C=CC1C4C2C34,0.5563707
C1C2OC3C=CC1C4C2C34,0.7045214
O1C2OC3C=CC1C4C2C34,0.9196577
C1C2C=CC3CN1C4C2C34,0.6673585
C1C2CC3C=CC1C4C2N34,0.6064611
C1C2NC3C=CC1N4C2C34,0.6270735
C1C2OC3C=CC1N4C2C34,0.7873779
C1C2CC3C=CC1C4C3N24,0.67737865
C1C=C2CC3CC1C4C3C24,0.93411684
C1C2CC3=COC1C4C2C34,0.5612868
C1C=C2OC3CC1C4C3C24,0.5883693
C1C2OC=C3OC1C4C2C34,0.8566464
C1C=C2CC3NC1C4C3C24,0.72041667
C1C=C2CC3OC1C4C3C24,0.81344694
C1C2OC3OC=C1C4C2C34,1.0605272
C1C=C2OC3OC1C4C3C24,0.89936125
O1C=C2OC3OC1C4C3C24,0.6984362
C1C=C2CC3CN1C4C3C24,0.7313214
C1C=C2OC3CN1C4C3C24,0.71550626
C1C=C2CN3CC1C4C3C24,0.57772064
C1C2OC=C3CN1C4C2C34,0.86250913
C1C=C2CC3CC1N4C3C24,0.7816408
C1C=C2OC3CC1N4C3C24,0.800541
C1C=C2CC3CC1C4C2N34,0.83177483
C1C2OC=C3CC1N4C2C34,0.7095791
C1CC2=CC3CC1C4C3C24,0.5780923
C1OC2=CC3CC1C4C3C24,0.88438195
C1NC2CC3C=C1C4C2C34,0.74434614
C1OC2CC3C=C1C4C2C34,0.7760659
C1CC2=CC3NC1C4C3C24,0.6824832
C1OC2=CC3NC1C4C3C24,0.67705524
C1CC2=CC3OC1C4C3C24,0.8678795
C1OC2=CC3OC1C4C3C24,1.0077149
C1OC2OC3C=C1C4C2C34,1.0922673
C1CC2=CC3CN1C4C3C24,0.71934354
C1CC2=CC3CC1N4C3C24,0.67430866
C1OC2=CC3CC1N4C3C24,0.8094152
C1CC2=CC3CC1C4C2N34,0.59833324
C1OC2=CC3CC1C4C2N34,0.8869114
C1NC2CC3C=C1C4C2N34,0.69649106
C1OC2CC3C=C1C4C2N34,0.829803
C1C2C=CC3=CC1C4C2C34,0.7943195
N1C2C=CC3=CC1C4C2C34,0.8728966
O1C2C=CC3=CC1C4C2C34,0.96443176
C1C2C=C3C=CC1N4C2C34,0.9087785
C1C2C=CC3=CC1N4C2C34,0.9082015
C1C2CC3=CC4CC2C4C13,0.8794198
C1C2OC3=CC4CC2C4C13,1.1493589
C1C2C=C3CC4NC3C2C14,1.0078564
C1C2C=C3CC4OC3C2C14,0.81460863
C1C2C=C3OC4OC3C2C14,1.0996667
C1C2CC3=CC4NC2C4C13,1.0415128
C1C2OC3=CC4NC2C4C13,1.0861958
C1C2NC3C4C(NC24)C=C13,0.6115638
C1C2OC3C4C(NC24)C=C13,0.8947964
N1C2C=C3OC4OC3C2C14,1.2098469
C1C2CC3=CC4OC2C4C13,0.90209067
C1C2OC3=CC4OC2C4C13,1.1482338
C1C2NC3C4C(OC24)C=C13,0.62206626
C1C2OC3C4C(OC24)C=C13,1.1651993
O1C2OC3=CC4OC2C4C13,1.186669
C1C2C=C3CN4CC3C2C14,0.8430786
C1C2CC3=CC4CN2C4C13,0.78368664
C1C2CC3=CC4CC2N4C13,0.9880806
C1C2OC3=CC4CC2N4C13,1.1667289
C1C2CC3=CC4CC3C2C14,0.8209157
C1C2OC3=CC4CC3C2C14,0.91806215
C1C2CC3=CC4NC3C2C14,0.56237507
C1C2OC3=CC4NC3C2C14,0.855742
C1C2CC3=CC4OC3C2C14,0.8289691
C1C2OC3=CC4OC3C2C14,1.0375305
C1C2C=C3CC4NC2C4C13,0.79075557
C1C2NC3C4NC(C23)C1=C4,0.94155896
C1C2NC3C4OC(C23)C1=C4,1.1381903
C1C2C=C3CC4OC2C4C13,0.8798092
C1C2OC3C4NC(C23)C1=C4,1.1141678
C1C2OC3C4OC(C23)C1=C4,1.3707678
C1C2C=C3CN4CC2C4C13,0.75209594
C1C2C3NC4C2N1CC4=C3,0.90984327
C1C2C3OC4C2N1CC4=C3,1.0016294
C1C2C=C3CC4CN2C4C13,0.74144065
C1C2C=C3OC4CN2C4C13,0.89096546
C1C2CC3=CC4CC3N2C14,0.83857554
C1C2CC3C4CC1C(=C4)C23,0.8613801
C1C2NC3CC4C=C3C2C14,1.1864822
C1C2OC3CC4C=C3C2C14,1.1876868
C1C2CC3C4NC1C(=C4)C23,0.8780618
C1C2CC3C4OC1C(=C4)C23,1.2245733
C1C2OC3OC4C=C3C2C14,1.4261549
C1C2NC3C4CC1C(=C4)C23,0.9396672
C1C2NC3C4NC1C(=C4)C23,0.8921925
C1C2NC3C4OC1C(=C4)C23,1.1812655
C1C2OC3C4CC1C(=C4)C23,1.1640917
C1C2NC3C=C2C4C1OC34,0.7638022
C1C2OC3C4OC1C(=C4)C23,1.2993202
C1C2C=C3C1CN4CC2C34,0.6236818
C1C2NC3C=C2C4C3CN14,0.6602118
C1C2OC3C=C2C4C3CN14,0.6320771
C1C2CN3C4CC1C(=C4)C23,0.89152247
C1C2NC3CN4C1C=C2C34,0.80184877
C1C2OC3CN4C1C=C2C34,1.1454517
C1C2C=C3CC4C=C3C2C14,1.213394
C1C2N=C3NC4C=C3C2C14,1.9993094
C1C2C=C3OC4C=C3C2C14,1.549397
C1C2C=C3C4C(NC24)C=C13,0.91574883
N1C2C=C3OC4C=C3C2C14,1.4013997
C1C2C=C3C4C(OC24)C=C13,1.2983681
O1C2C=C3OC4C=C3C2C14,1.3666283
C1C2C=C3CC4C=C3C2N14,1.2966206
C1C2CC3=CC4C=C3C2C14,1.2713982
C1C2OC3=CC4C=C3C2C14,1.6529051
C1C2NC3C4C=C1C(=C4)C23,1.0679733
C1C2OC3C4C=C1C(=C4)C23,1.6412214
C1C2C3C=C4CN1C2C4=C3,1.3304996
C1C2CC3=CC4C=C3C2N14,1.3828893
C1C2OC3=CC4C=C3C2N14,1.6299448
C1C2CC3=C4CC(C3)C1C24,1.0518402
C1C2OC3=C4CC(C3)C1C24,1.2080216
C1C2CC3=C4CC(O3)C1C24,0.93754673
C1C2CC3=C4OC(C3)C1C24,1.1017281
C1C2OC3=C4OC(C3)C1C24,1.0664016
C1C2CC3=C4OC(O3)C1C24,1.2716649
C1C2CC3=C1CC4NC2C34,0.5795455
C1C2NC3C4CC(C23)=C1O4,0.61332583
C1C2NC3C4CC1=C(O4)C23,0.97392
C1C2NC3C4OC1=C(O4)C23,0.84096766
C1C2CC3=C1CC4OC2C34,0.79445446
C1C2OC3C4CC(C23)=C1O4,0.84073377
C1C2OC3C4CC1=C(O4)C23,1.133815
C1C2OC3C4OC1=C(O4)C23,0.83825886
C1C2CC3=C4CN(C3)C1C24,1.1877475
C1C2OC3=C4CN(C3)C1C24,1.2285707
C1C2C3CC4=C(C3)C2N1C4,0.77520585
C1C2C3CC4=C(CN1C24)O3,1.1160251
C1C2C3CC4=C(O3)C2N1C4,0.67196286
C1C2C3OC4=C(O3)C2N1C4,0.9800563
C1C2C3N1CC4=C3CN2C4,0.8609135
C1C2CC3=C4CC(C3)N1C24,0.99424946
C1C2OC3=C4CC(C3)N1C24,1.0925324
C1C2C=CC3CC4C1C4C23,0.6557176
C1C2C=CC3NC4C1C4C23,0.6700676
C1C2C=CC3OC4C1C4C23,0.78317416
N1C2C=CC3NC4C1C4C23,0.568799
N1C2C=CC3OC4C1C4C23,0.86630815
O1C2C=CC3OC4C1C4C23,1.1904112
C1C2C=CC3CC4C1C4N23,0.61514765
C1C2C=CC3CN4C1C4C23,0.69514143
C1C2C=CC3CC4C1N4C23,0.74239504
CC1C2C3C4C1C4C(=C)C23,0.62333834
NC1C2C3C4C1C4C(=C)C23,0.6678238
OC1C2C3C4C1C4C(=C)C23,0.82878375
CN1C2C3C4C1C4C(=C)C23,0.5972025
CC1C2C3C4C(N14)C(=C)C23,0.8323479
CC1C2C3C2C(=C)C4C1N34,0.29382318
NC1C2C3C2C(=C)C4C1N34,0.40823463
OC1C2C3C2C(=C)C4C1N34,0.35947353
C=C1C2C3C4C1C4C(=C)C23,0.96862423
C=C1C2C3C4C1C4C(=O)C23,1.3026526
C=C1C2C3C2C(=C)C4C1N34,0.51262164
C=C1C2C3C2C(=O)C4C1N34,0.7358694
C=C1CC2C3CC3C4C2C14,0.42233768
C=C1OC2C3CC3C4C2C14,0.59236985
C=C1CN2C3CC3C4C2C14,0.6451793
C=C1CC2C3NC3C4C2C14,0.5396058
C=C1OC2C3NC3C4C2C14,0.6305162
C=C1CC2C3OC3C4C2C14,0.64124626
C=C1OC2C3OC3C4C2C14,0.7774412
C=C1CC2C3C(C4CN24)C13,0.40049294
C=C1CC2C3CN3C4C2C14,0.5244831
C=C1OC2C3CN3C4C2C14,0.62925035
C=C1CC2C3CC3N4C2C14,0.4528276
C=C1OC2C3CC3N4C2C14,0.6278473
C=C1CC2C3CC3C4C1N24,0.34823588
C=C1CC2C3NC3C4C1N24,0.5148645
C=C1CC2C3OC3C4C1N24,0.55779433
CC1=CC2C3CC3C4C2C14,0.57005847
CC1=CC2C3NC3C4C2C14,0.6333346
CC1=CC2C3OC3C4C2C14,0.61508
CC1=CC2C3C(C4CN24)C13,0.3561453
CC1=CC2C3CN3C4C2C14,0.5063489
CC1=CC2C3CC3N4C2C14,0.62852395
CC1=CC2C3CC3C4C1N24,0.4383963
CC1=CC2C3NC3C4C1N24,0.6097294
CC1=CC2C3OC3C4C1N24,0.6995215
C=C1C2CC3CC4C(C23)C14,0.80301297
C=C1C2CC3NC4C(C23)C14,0.7913051
C=C1C2CC3OC4C(C23)C14,1.0103803
C=C1C2NC3CC4C(C23)C14,0.7589746
C=C1C2OC3CC4C(C23)C14,0.9158467
C=C1C2CN3CC4C(C23)C14,0.6572406
C=C1C2CC3CC4C(C14)N23,0.78316617
C=C1C2CC3CN4C(C23)C14,0.59887195
C=C1C2NC3CN4C(C23)C14,0.56110996
C=C1C2OC3CN4C(C23)C14,0.7804115
C=C1C2CC3CC4C1N4C23,0.66344345
C=C1C2NC3CC4C1N4C23,0.6527114
C=C1C2OC3CC4C1N4C23,0.8520868
C=CC1C2C3CC4C2C4C13,0.6326599
C=CC1C2C3NC4C2C4C13,0.7831796
C=CC1C2C3OC4C2C4C13,0.8606878
C=CC1C2C3C4CN2C1C34,0.9310812
C=CC1C2C3CC4C2C4N13,0.759795
C=CC1C2C3CN4C2C4C13,0.8179024
C=CC1C2C3CC4C2N4C13,0.70430225
CC1C2C3C4C1C2C(=C)C34,0.74393106
NC1C2C3C4C1C2C(=C)C34,0.8449775
OC1C2C3C4C1C2C(=C)C34,0.67983043
CN1C2C3C4C1C2C(=C)C34,0.6730273
CC1C2C3C4C3C(=C)C2N14,1.2783241
CC1C2C3C4N3C1C2C4=C,1.1052803
NC1C2C3C4N3C1C2C4=C,1.0231192
OC1C2C3C4N3C1C2C4=C,1.0004017
C=C1C2C3C2C4C1C3C4=O,1.2629117
C=C1C2C3C4C1N4C2C3=O,1.5386318
C=C1C2CC3C(C4CC24)C13,0.6473908
C=C1C2NC3C(C4CC24)C13,0.6197271
C=C1C2OC3C(C4CC24)C13,0.8911486
C=C1C2CC3C(C4NC24)C13,0.6272518
C=C1C2NC3C(C4NC24)C13,0.76527214
C=C1C2OC3C(C4NC24)C13,0.85859275
C=C1C2CC3C(C4OC24)C13,0.8284412
C=C1C2NC3C(C4OC24)C13,0.804534
C=C1C2OC3C(C4OC24)C13,0.78485835
C=C1C2CC3C(C4CN24)C13,0.3618119
C=C1C2CC3C(C13)N4CC24,0.6363125
C=C1C2NC3C(C13)N4CC24,0.7182777
C=C1C2OC3C(C13)N4CC24,0.8705057
C=C1C2CC3C1N3C4CC24,0.64489937
C=C1C2CN3C(C4CC24)C13,0.699716
C=C1C2CN3C(C4NC24)C13,0.6550918
C=C1C2CN3C(C4OC24)C13,0.87149477
C=C1C2CN3C(C4CN24)C13,0.5489349
C=C1CC2C3C4CC4C1C23,0.51507163
C=C1OC2C3C4CC4C1C23,0.79996026
C=C1CC2C3C4NC4C1C23,0.4083383
C=C1OC2C3C4NC4C1C23,0.741573
C=C1CC2C3C4OC4C1C23,0.78616804
C=C1OC2C3C4OC4C1C23,1.0566314
C=C1CC2C3C4CN4C1C23,0.44552773
C=C1OC2C3C4CN4C1C23,0.6046813
C=C1CN2C3C4CC4C1C23,0.51806504
C=C1CN2C3C4NC4C1C23,0.6205442
C=C1CN2C3C4OC4C1C23,0.9263313
C=C1CN2C3C4CN4C1C23,0.5559178
C=C1CC2C3C2N4CC4C13,0.346908
C=C1OC2C3C2N4CC4C13,0.5709198
C=C1CC2C3C1C4CC4N23,0.47836283
C=C1CC2C3C4CC4C1N23,0.46015692
C=C1CC2C3C4NC4C1N23,0.3653746
C=C1CC2C3C4OC4C1N23,0.7177383
CC1=CC2C3C4CC4C1C23,0.5420977
CC1=CC2C3C4NC4C1C23,0.3694038
CC1=CC2C3C4OC4C1C23,0.7065488
CC1=CC2C3C4CN4C1C23,0.46709493
CC1=CC2C3C2N4CC4C13,0.48693672
CC1=CC2C3C1C4CC4N23,0.43827805
CC1=CC2C3C4CC4C1N23,0.5134459
CC1=CC2C3C4NC4C1N23,0.4388845
CC1=CC2C3C4OC4C1N23,0.8456389
C=C1C2CC3C2C4CC4C13,0.56085676
C=C1C2NC3C2C4CC4C13,0.6725527
C=C1C2OC3C2C4CC4C13,0.788453
C=C1C2CC3C1C4CC4N23,0.5585015
C=C1C2CN3C2C4CC4C13,0.7123788
C=C1C2CC3C2C4NC4C13,0.6561996
C=C1C2NC3C2C4NC4C13,0.76516056
C=C1C2OC3C2C4NC4C13,0.7993306
C=C1C2CN3C2C4NC4C13,0.7302828
C=C1C2CC3C2C4OC4C13,0.86471426
C=C1C2NC3C2C4OC4C13,0.8647004
C=C1C2OC3C2C4OC4C13,0.9937329
C=C1C2CN3C2C4OC4C13,1.030282
C=C1C2CC3C2C4CN4C13,0.63382095
C=C1C2NC3C2C4CN4C13,0.553607
C=C1C2OC3C2C4CN4C13,0.97600627
C=C1C2CC3C2N4CC4C13,0.68658733
C=C1C2NC3C2N4CC4C13,0.7087115
C=C1C2OC3C2N4CC4C13,0.83376825
C1C2CC3C4C=CC3C4C12,1.0714468
C1C2NC3C4C=CC3C4C12,1.1749754
C1C2OC3C4C=CC3C4C12,1.0475949
C1C2CN3C4C=CC3C4C12,1.1027012
C1C2CC2N3C4C=CC3C14,0.9461899
C1C2NC3C4C=CC3N4C12,0.55977726
C1C2OC3C4C=CC3N4C12,0.92444885
C1C2NC2C3C4C=CC3C14,0.9747954
C1C2NC2C3C4C=CC3N14,0.8722093
C1C2OC2C3C4C=CC3C14,1.0190647
C1C2OC2C3C4C=CC3N14,0.91216147
C1C2C3C=CC2C3C4CN14,1.1082793
C1C2CN2C3C4C=CC3C14,1.1243376
C1C2CN2C3C4C=CC3N14,0.94769293
C=C1CC2C3C4CC4C2C13,0.7301584
C=C1OC2C3C4CC4C2C13,1.0532874
C=C1CN2C3C4CC4C2C13,0.8278956
C=C1CC2C3C4CC4N2C13,0.80356884
C=C1CC2C3C4NC4C2C13,0.52830476
C=C1OC2C3C4NC4C2C13,0.9305669
C=C1CN2C3C4NC4C2C13,0.66800696
C=C1CC2C3C4OC4C2C13,0.7528603
C=C1OC2C3C4OC4C2C13,1.1606196
C=C1CN2C3C4OC4C2C13,0.8547714
C=C1CC2C3C4CN4C2C13,0.8344173
C=C1OC2C3C4CN4C2C13,1.0591669
CC1=CC2C3C4CC4C2C13,0.7637585
CC1=CC2C3C4CC4N2C13,0.8782077
CC1=CC2C3C4NC4C2C13,0.47582027
CC1=CC2C3C4OC4C2C13,0.7341342
CC1=CC2C3C4CN4C2C13,0.76432335
CC1C2C3C4C=CC3C4C12,0.9554804
NC1C2C3C4C=CC3C4C12,1.2131482
OC1C2C3C4C=CC3C4C12,1.0519323
CC1C2C3C4C=CC3N4C12,1.2000207
NC1C2C3C4C=CC3N4C12,0.984254
OC1C2C3C4C=CC3N4C12,1.1873842
CN1C2C3C4C=CC3C4C12,1.2254328
CC1C2C3C4C=CC3C4N12,1.2714292
C=C1C2CCC1C3CC2C3,0.769375
C=C1C2CNC1C3CC2C3,0.5724731
C=C1C2COC1C3CC2C3,0.7666832
C=C1C2CCC1C3CC2N3,0.6682595
C=C1C2CNC1C3CC2N3,0.7074691
C=C1C2COC1C3CC2N3,0.7349951
C=C1C2CCC1C3CC2O3,0.66669285
C=C1C2CNC1C3CC2O3,0.82018816
C=C1C2COC1C3CC2O3,0.72309786
C=C1C2CCC1N3CC2C3,0.5997596
C=C1C2CNC1C3CN2C3,0.68754125
C=C1C2COC1C3CN2C3,0.64092004
CC1C2C=CC1C3CC2C3,0.7974983
NC1C2C=CC1C3CC2C3,0.7606614
OC1C2C=CC1C3CC2C3,0.8824201
CC1C2C=CC1C3CC2N3,0.72299373
NC1C2C=CC1C3CC2N3,0.84792
OC1C2C=CC1C3CC2N3,0.9115486
CC1C2C=CC1C3CC2O3,0.69862884
NC1C2C=CC1C3CC2O3,0.9829985
OC1C2C=CC1C3CC2O3,0.7193006
CN1C2C=CC1C3CC2C3,0.5656
CN1C2C=CC1C3CC2N3,0.68498164
CN1C2C=CC1C3CC2O3,0.72491986
CC1C2C=CC1N3CC2C3,0.72241074
NC1C2C=CC1N3CC2C3,0.98305583
OC1C2C=CC1N3CC2C3,0.81114507
C=C1C2C=CC1C3CC2C3,1.0036913
O=C1C2C=CC1C3CC2C3,1.2156522
C=C1C2C=CC1C3CC2N3,1.1740586
O=C1C2C=CC1C3CC2N3,1.462959
C=C1C2C=CC1C3CC2O3,0.9632473
O=C1C2C=CC1C3CC2O3,1.6083075
C=C1C2C=CC1N3CC2C3,0.9893396
O=C1C2C=CC1N3CC2C3,1.2580293
C1CC2C=CC1C3CC2C3,0.90392524
C1NC2C=CC1C3CC2C3,0.68188184
C1OC2C=CC1C3CC2C3,0.9084333
C1CC2C=CC1C3CC2N3,0.65237916
C1NC2C=CC1C3CC2N3,0.7019836
C1OC2C=CC1C3CC2N3,0.9992042
C1CC2C=CC1C3CC2O3,0.7110672
C1NC2C=CC1C3CC2O3,0.8237136
C1OC2C=CC1C3CC2O3,0.86299354
C1CC2C=CC1C3CN2C3,0.6717789
C1NC2C=CC1N3CC2C3,0.90831435
C1OC2C=CC1N3CC2C3,0.8059026
C1C2CC1C3C=CC2C=C3,1.1268581
C1C2NC1C3C=CC2C=C3,1.0199808
C1C2OC1C3C=CC2C=C3,1.0902038
C1C2CN1C3C=CC2C=C3,1.0681399
C1CC(C1)C2C=CC3CC23,0.7636049
C1NCC1C2C=CC3CC23,0.60669893
C1OCC1C2C=CC3CC23,0.65020776
C1CC(N1)C2C=CC3CC23,0.5770639
C1CC(O1)C2C=CC3CC23,0.6581794
C1CN(C1)C2C=CC3CC23,0.44765773
C1CC(C1)C2C=CC3NC23,0.66894335
C1NCC1C2C=CC3NC23,0.5463373
C1OCC1C2C=CC3NC23,0.7528702
C1CC(N1)C2C=CC3NC23,0.65678924
C1CC(O1)C2C=CC3NC23,0.6809077
C1CN(C1)C2C=CC3NC23,0.5006677
C1CC(C1)C2C=CC3OC23,0.8551008
C1NCC1C2C=CC3OC23,0.62368673
C1OCC1C2C=CC3OC23,0.90003026
C1CC(N1)C2C=CC3OC23,0.8217621
C1CC(O1)C2C=CC3OC23,0.8910967
C1CN(C1)C2C=CC3OC23,0.7801363
C1CC(C1)C2C=CC3CN23,0.6981743
C1NCC1C2C=CC3CN23,0.6232114
C1OCC1C2C=CC3CN23,0.69672835
C1CC(N1)C2C=CC3CN23,0.59328765
C1CC(O1)C2C=CC3CN23,0.60538393
C1CC(C1)C2=CCC3CC23,0.87657833
C1CC(C1)C2=COC3CC23,0.655969
C1NCC1C2=CCC3CC23,0.56041646
C1NCC1C2=COC3CC23,0.85747325
C1OCC1C2=CCC3CC23,0.6572673
C1OCC1C2=COC3CC23,0.91361326
C1CC(N1)C2=CCC3CC23,0.5772029
C1CC(N1)C2=COC3CC23,0.83517396
C1CC(O1)C2=CCC3CC23,0.72574073
C1CC(O1)C2=COC3CC23,0.8683646
C1CC(C1)C2=CCC3NC23,0.70365995
C1NCC1C2=CCC3NC23,0.52100956
C1OCC1C2=CCC3NC23,0.7971088
C1CC(N1)C2=CCC3NC23,0.5427177
C1CC(O1)C2=CCC3NC23,0.75994194
C1CC(C1)C2=CCC3OC23,0.64833164
C1NCC1C2=CCC3OC23,0.7273626
C1OCC1C2=CCC3OC23,0.894436
C1CC(N1)C2=CCC3OC23,0.82506627
C1CC(O1)C2=CCC3OC23,0.9318565
C1CC(C1)C2=CCN3CC23,0.6081067
C1NCC1C2=CCN3CC23,0.6825098
C1OCC1C2=CCN3CC23,0.847895
C1CC(N1)C2=CCN3CC23,0.70775354
C1CC(O1)C2=CCN3CC23,0.8888355
C=CC1C2CC(C2)C3CC13,0.5966265
C=CC1C2CC(N2)C3CC13,0.5773569
C=CC1C2CC(O2)C3CC13,0.43347564
C=CC1C2CC2C3CN1C3,0.59531116
C=CC1C2CN(C2)C3CC13,0.312209
C=CC1C2CC(C2)C3NC13,0.5008463
C=CC1C2CC(N2)C3NC13,0.43380818
C=CC1C2CC(O2)C3NC13,0.4693022
C=CC1C2NC2C3CN1C3,0.5938467
C=CC1C2CC(C2)C3OC13,0.45288098
C=CC1C2CC(N2)C3OC13,0.3651646
C=CC1C2CC(O2)C3OC13,0.40134323
C=CC1C2OC2C3CN1C3,0.6202841
C=CC1C2CC(C2)C3CN13,0.5556525
C=CC1C2CC(N2)C3CN13,0.5483466
C=CC1C2CC(O2)C3CN13,0.44547507
C=CC1C2CC(C2)N3CC13,0.3050685
C=CC1C2CN2C3CN1C3,0.7394505
CC=C1C2CC(C2)C3CC13,0.55385405
CC=C1C2CC(N2)C3CC13,0.49516362
CC=C1C2CC(O2)C3CC13,0.5567737
CC=C1C2CN(C2)C3CC13,0.34111774
CC=C1C2CC(C2)C3NC13,0.6300118
CC=C1C2CC(N2)C3NC13,0.4680955
CC=C1C2CC(O2)C3NC13,0.5394965
CC=C1C2CC(C2)C3OC13,0.58367443
CC=C1C2CC(N2)C3OC13,0.5263855
CC=C1C2CC(O2)C3OC13,0.5565794
CC=C1C2CC(C2)N3CC13,0.4287613
C=CC1C2CCC2C3CC13,0.6869948
C=CC1C2CC2C3CNC13,0.63153696
C=CC1C2CC2C3COC13,0.5773379
C=CC1C2CNC2C3CC13,0.40690526
C=CC1C2COC2C3CC13,0.6252289
C=CC1C2CC2C3CCN13,0.515017
C=CC1C2CC2N3CCC13,0.43881723
C=CC1C2CCC2C3NC13,0.6429222
C=CC1C2NCC2C3NC13,0.48374444
C=CC1C2NC2C3COC13,0.5679052
C=CC1C2CNC2C3NC13,0.589148
C=CC1C2COC2C3NC13,0.6787635
C=CC1C2NC2C3CCN13,0.5684834
C=CC1C2CCC2C3OC13,0.6197839
C=CC1C2NCC2C3OC13,0.57941335
C=CC1C2OCC2C3OC13,0.6531075
C=CC1C2CNC2C3OC13,0.6398239
C=CC1C2COC2C3OC13,0.69262683
C=CC1C2OC2C3CCN13,0.4917204
C=CC1C2CCC2C3CN13,0.58331823
C=CC1C2NCC2C3CN13,0.5562194
C=CC1C2OCC2C3CN13,0.6323357
C=CC1C2CNC2C3CN13,0.52743995
C=CC1C2COC2C3CN13,0.55785894
C=CC1C2CCC2N3CC13,0.47652286
C=CC1C2CN2C3CNC13,0.4733824
C=CC1C2CN2C3COC13,0.6710173
CC=C1C2CCC2C3CC13,0.6231057
CC=C1C2CC2C3CNC13,0.58484006
CC=C1C2CC2C3COC13,0.52728325
CC=C1C2CNC2C3CC13,0.28078768
CC=C1C2COC2C3CC13,0.6345534
CC=C1C2CC2N3CCC13,0.45138872
CC=C1C2CCC2C3NC13,0.64419353
CC=C1C2NCC2C3NC13,0.3977503
CC=C1C2NC2C3COC13,0.5138359
CC=C1C2CNC2C3NC13,0.46970153
CC=C1C2COC2C3NC13,0.57131886
CC=C1C2CCC2C3OC13,0.5759481
CC=C1C2NCC2C3OC13,0.47200397
CC=C1C2OCC2C3OC13,0.63566434
CC=C1C2CNC2C3OC13,0.7642371
CC=C1C2COC2C3OC13,0.7532327
CC=C1C2CCC2N3CC13,0.3701274
CC=C1C2CN2C3CNC13,0.4859605
CC=C1C2CN2C3COC13,0.6682612
C1C2C=CC3CC2C4C1C34,0.5262104
C1C2C=CC3NC4C2C4C13,0.9535506
C1C2C=CC3OC4C2C4C13,0.87377036
C1C2C=CC3NC2C4C1C34,0.6041297
N1C2C=CC3NC2C4C1C34,0.5420976
N1C2C=CC3OC4C2C4C13,1.0331846
C1C2C=CC3OC2C4C1C34,0.59777635
N1C2C=CC3OC2C4C1C34,0.77906257
O1C2C=CC3OC2C4C1C34,0.9342273
C1C2C=CC3CN2C4C1C34,0.6144486
C1C2C=CC3CN4C2C4C13,0.7437908
C1C2C=CC3NC2C4C3N14,0.85792994
C1C2C=CC3OC2C4C3N14,1.0457735
C1C2C=CC3CC2C4C1N34,0.6820851
C1C2C=CC3CC2N4C1C34,0.62807935
C1C2C3CC4C2C=CC4C13,0.82939565
C1C2C3NC4C2C=CC4C13,0.8243799
C1C2C3OC4C2C=CC4C13,1.0336853
C1C2C3NC2C4C=CC3C14,1.0092119
N1C2C3NC4C2C=CC4C13,0.7485022
N1C2C3OC4C2C=CC4C13,0.9382753
C1C2C3OC2C4C=CC3C14,0.9068351
N1C2C3OC2C4C=CC3C14,1.1519183
O1C2C3OC4C2C=CC4C13,1.1388052
C1C2C3CN4C2C=CC4C13,0.7865224
C1C2C3NC2C4C=CC3N14,0.6553302
C1C2C3OC2C4C=CC3N14,0.85132957
C1C2C3C=CC2N4CC3C14,1.0146844
C1C2C3C=CC4C3CN2C14,0.81925696
C1C2CC1C3=CC4CC4C23,0.5243386
C1C2NC1C3=CC4CC4C23,0.59043694
C1C2OC1C3=CC4CC4C23,0.7609767
C1C2C=C3C4CN(C4)C3C12,1.100442
C1C2CC1C3=CC4NC4C23,0.5351598
C1C2NC1C3=CC4NC4C23,0.7256073
C1C2OC1C3=CC4NC4C23,0.7749189
C1C2CN1C3C4NC4C=C23,0.7577394
C1C2CC1C3=CC4OC4C23,1.0165703
C1C2NC1C3=CC4OC4C23,1.0259036
C1C2OC1C3=CC4OC4C23,1.2135528
C1C2CN1C3C4OC4C=C23,1.1867701
C1C2CC1C3=CC4CN4C23,0.6907359
C1C2NC1C3=CC4CN4C23,0.7017324
C1C2OC1C3=CC4CN4C23,1.041841
C1C2CC1C3=C2CC4CC34,0.6779587
C1C2CC1C3=C2OC4CC34,0.81292033
C1C2CC3=C(C4CC3N4)C12,1.01577
C1C2NC1C3=C2OC4CC34,0.81960034
C1C2CC3=C(C4CC3O4)C12,1.0563928
C1C2OC3=C(C4CC3O4)C12,1.1109295
C1C2CC1C3=C2CC4NC34,0.7476104
C1C2NC1C3=C2CC4NC34,0.9026395
C1C2OC1C3=C2CC4NC34,0.88779676
C1C2CC1C3=C2CC4OC34,0.752069
C1C2NC1C3=C2CC4OC34,0.94581395
C1C2OC1C3=C2CC4OC34,0.8439698
C1C2CC1C3=C2CN4CC34,0.8044982
C1C2NC1C3=C2CN4CC34,0.9243411
C1C2OC1C3=C2CN4CC34,0.95371974
C1C2CC3C4CC4C=C3C12,0.97402495
C1C2NC3C4CC4C=C3C12,0.94605184
C1C2OC3C4CC4C=C3C12,1.1462067
C1C2CC3C4NC4C=C3C12,0.87379557
C1C2NC3C4NC4C=C3C12,0.80449224
C1C2OC3C4NC4C=C3C12,1.0540142
C1C2CC3C4OC4C=C3C12,1.1056324
C1C2NC3C4OC4C=C3C12,1.0698751
C1C2OC3C4OC4C=C3C12,1.3337061
C1C2NC2C3=CC4CC4C13,0.57632715
C1C2NC2C3=CC4NC4C13,0.689636
C1C2NC2C3=CC4OC4C13,0.9836804
C1C2OC2C3=CC4CC4C13,0.83023477
C1C2OC2C3=CC4NC4C13,0.88114977
C1C2OC2C3=CC4OC4C13,1.1589977
C1C2C=C3C(CN4CC34)C12,0.78926194
C1C2C3NC3C=C2C4CN14,0.7031445
C1C2C3OC3C=C2C4CN14,0.7658502
C1C2CC3N4CC4C=C3C12,0.980729
C1C2NC2C3=CC4CN4C13,0.70730734
C1C2OC2C3=CC4CN4C13,1.1371568
C1C2C=C3C4CN4CC3N12,1.3541692
C1C2C=C3C4CC4C=C3C12,1.2301712
C1C2C=C3C4NC4C=C3C12,1.0205163
C1C2C=C3C4OC4C=C3C12,1.4795266
N1C2C=C3C4NC4C=C3C12,1.0769057
N1C2C=C3C4OC4C=C3C12,1.3678253
O1C2C=C3C4OC4C=C3C12,1.658547
C1C2C=C3C4CN4N=C3C12,1.6208163
C1C2N1N=C3C4NC4C=C23,1.395059
C1C2N1N=C3C4OC4C=C23,1.8651077
C1C2N1C=C3C4CN4N=C23,1.7812778
C1C2N=C3N4CC4C=C3C12,1.5226487
C1C2C=C3C4CN4N=C3N12,1.535303
C1C2CC3=C(CC4CC34)C12,0.7069392
C1C2CC3=C(OC4CC34)C12,0.6024365
C1C2OC3=C(OC4CC34)C12,0.6777177
C1C2CC3=C(CC4NC34)C12,0.6230254
C1C2OC3=C(CC4NC34)C12,0.8374415
C1C2CC3=C(CC4OC34)C12,0.82481253
C1C2OC3=C(CC4OC34)C12,1.0071367
C1C2NC2C3=C1C4NC4C3,0.6429775
C1C2NC2C3=C1C4OC4C3,1.0015754
C1C2OC2C3=C1C4OC4C3,1.2674925
C1C2CC3=C(CN4CC34)C12,0.9271133
C1C2OC3=C(CN4CC34)C12,0.93595874
C1C2N1CC3=C2CC4NC34,0.9086614
C1C2N1CC3=C2CC4OC34,1.0592126
C1C2N1CC3=C2CN4CC34,0.9936904
C1C2C1C3C=CC4C2CC34,0.80083245
C1C2C1C3C=CC4C2NC34,0.70422256
C1C2C1C3C=CC4C2OC34,0.72363114
C1C2C1N3CC4C2C=CC34,0.61269855
C1C2C1C3C=CC4C2CN34,0.841825
C1C2C3NC3C4C=CC2C14,0.83326626
N1C2C1C3C=CC4C2NC34,0.5000715
N1C2C1C3C=CC4C2OC34,0.80664027
C1C2C3NC3C4C=CC2N14,0.77628434
C1C2C3OC3C4C=CC2C14,0.97746146
N1C2C3OC3C4C=CC2C14,1.130869
O1C2C1C3C=CC4C2OC34,1.2311504
C1C2C3OC3C4C=CC2N14,1.1645982
C1C2C3CN3C4C=CC2C14,1.1757587
C1C2C3NC4C3C=CC4N12,0.79179776
C1C2C3OC4C3C=CC4N12,0.9547467
C1C2C3C=CC2C4CN4C13,0.8819071
C1C2C3C=CC4C(CN34)N12,0.7445445
C=CC1C2C3CC4C1C4C23,0.4406372
C=CC1C2C3NC4C1C4C23,0.58431435
C=CC1C2C3OC4C1C4C23,0.7235973
C=CC1C2C3CN4C1C4C23,0.5405797
C=CC1C2C3CC4C(C23)N14,0.58023906
C=CC1C2C3C4C(CN23)N14,0.5729242
C=CC1C2C3CC4C1N4C23,0.6744093
CC=C1C2C3CC4C(C23)C14,0.78740615
CC=C1C2C3NC4C(C23)C14,0.8099654
CC=C1C2C3OC4C(C23)C14,0.9977586
CC=C1C2C3CN4C(C23)C14,0.5437859
CC=C1C2C3CC4C1N4C23,0.71712977
C1C2C1C3C=CC2C4CC34,0.6955949
C1C2C1C3C=CC2C4NC34,0.56855583
C1C2C1C3C=CC2C4OC34,0.67019707
N1C2C1C3C=CC2C4NC34,0.5972599
N1C2C1C3C=CC2C4OC34,0.89068484
O1C2C1C3C=CC2C4OC34,1.0486692
C1C2C1C3C=CC2C4CN34,0.70174176
C1C2C3C=CC(C4NC34)N12,0.9179911
C1C2C3C=CC(C4OC34)N12,0.8824538
C1C2C3C=CC(C4CN34)N12,0.87378854
C=C1C2C3CC3C1C4CC24,0.58081836
C=C1C2C3CC3C1C4NC24,0.6020085
C=C1C2C3CC3C1C4OC24,0.6226666
C=C1C2C3NC3C1C4NC24,0.6671347
C=C1C2C3NC3C1C4OC24,0.7662927
C=C1C2C3OC3C1C4OC24,0.8495456
C=C1C2C3CC3C1N4CC24,0.7912451
C=C1C2C3CN3C1C4NC24,0.68538386
C=C1C2C3CN3C1C4OC24,0.81731117
C=C1C2C3CN3C1C4CN24,0.7893564
C1C2CC3=CC4CC4C3C12,0.62619144
C1C2OC3=CC4CC4C3C12,0.7154139
C1C2CC3=CC4NC4C3C12,0.67350096
C1C2OC3=CC4NC4C3C12,0.73720425
C1C2CC3=CC4OC4C3C12,1.0268321
C1C2OC3=CC4OC4C3C12,1.2738117
C1C2C=C3CC4NC4C3C12,0.6651863
C1C2NC2C3C4NC4C=C13,0.6359396
C1C2NC2C3C4OC4C=C13,0.9691427
C1C2C=C3CC4OC4C3C12,1.0203438
C1C2OC2C3C4NC4C=C13,0.870231
C1C2OC2C3C4OC4C=C13,1.3475217
C1C2C=C3CN4CC4C3C12,0.79104066
C1C2C3C4NC4C=C3CN12,0.93531567
C1C2C3C4OC4C=C3CN12,1.1877965
C1C2CC3=CC4CN4C3C12,0.74236506
C1C2OC3=CC4CN4C3C12,0.8553869
C1C2C=C3CC4NC4C3N12,0.9422159
C1C2C=C3CC4OC4C3N12,1.0972457
C1C2C=C3CN4CC4C3N12,1.207357
C1C2C=C3CC4CN4C3C12,0.8870413
C1C2CC3=CC4NC4C3N12,0.9001648
C1C2CC3=CC4OC4C3N12,1.170425
C1C2CC3=C(C12)C4CC4C3,0.821748
C1C2CC3=C(C12)C4CC4O3,0.7346348
C1C2CC3=C(C12)C4NC4C3,0.5988847
C1C2OC3=C(C12)C4NC4C3,0.69952154
C1C2CC3=C(C12)C4OC4C3,0.9284162
C1C2OC3=C(C12)C4OC4C3,0.84220123
C1C2NC2C3=C1CC4NC34,0.7000681
C1C2NC2C3=C1CC4OC34,0.930861
C1C2OC2C3=C1CC4OC34,1.0026082
C1C2CC3=C(C12)C4CN4C3,0.832634
C1C2OC3=C(C12)C4CN4C3,0.96792567
C1C2N1CC3=C2C4NC4C3,0.77658033
C1C2N1CC3=C2C4OC4C3,1.2316767
C1C2N1CC3=C2C4CN4C3,1.1119874
CC1CC(C=C)C1C2CC2,0.6711538
NC1CC(C=C)C1C2CC2,0.7240999
OC1CC(C=C)C1C2CC2,0.7730679
CC1NC(C=C)C1C2CC2,0.6156824
CC1OC(C=C)C1C2CC2,0.9159106
CN1CC(C=C)C1C2CC2,0.5165496
CC1CC(C=C)N1C2CC2,0.5031912
CC1CC(C=C)C1C2CN2,0.55949116
NC1CC(C=C)C1C2CN2,0.70944095
OC1CC(C=C)C1C2CN2,0.7998945
CC1NC(C=C)C1C2CN2,0.7145578
CC1OC(C=C)C1C2CN2,0.81612796
CN1CC(C=C)C1C2CN2,0.63672733
CC1CC(C=C)C1C2CO2,0.71042114
NC1CC(C=C)C1C2CO2,0.7522466
OC1CC(C=C)C1C2CO2,0.87931055
CC1NC(C=C)C1C2CO2,0.71779984
CC1OC(C=C)C1C2CO2,0.86228836
CN1CC(C=C)C1C2CO2,0.6153296
CC1CC(C=C)C1N2CC2,0.5538437
NC1CC(C=C)C1N2CC2,0.6805289
OC1CC(C=C)C1N2CC2,0.661263
CC1NC(C=C)C1N2CC2,0.6706736
CC1OC(C=C)C1N2CC2,0.9013863
C=CC1CC(=O)C1C2CC2,1.0263699
C=CC1NC(=O)C1C2CC2,0.90040255
C=CC1OC(=O)C1C2CC2,1.2898813
C=CC1CC(=O)N1C2CC2,0.8402679
C=CC1CC(=O)C1C2CN2,1.1636685
C=CC1NC(=O)C1C2CN2,0.6755011
C=CC1OC(=O)C1C2CN2,0.861413
C=CC1CC(=O)C1C2CO2,1.2008768
C=CC1NC(=O)C1C2CO2,0.8396636
C=CC1OC(=O)C1C2CO2,1.437229
C=CC1CC(=O)C1N2CC2,1.2180237
C=CC1NC(=O)C1N2CC2,1.0024046
C=CC1OC(=O)C1N2CC2,1.2390321
C=CC1CC(=O)N1N2CC2,1.2519549
C=C1CCCCC1C2CC2,0.60995847
C=C1CNCCC1C2CC2,0.43846685
C=C1COCCC1C2CC2,0.7021582
C=C1CCNCC1C2CC2,0.4735994
C=C1CCOCC1C2CC2,0.6806409
C=C1OCCCC1C2CC2,0.62017894
C=C1OCOCC1C2CC2,0.5961163
C=C1CCCNC1C2CC2,0.44131875
C=C1OCCNC1C2CC2,0.54077375
C=C1CCCOC1C2CC2,0.36361477
C=C1COCOC1C2CC2,0.4633228
C=C1OCCOC1C2CC2,0.45882723
C=C1CCCCC1C2CN2,0.5086897
C=C1CNCCC1C2CN2,0.57564974
C=C1COCCC1C2CN2,0.7495538
C=C1CCNCC1C2CN2,0.60406286
C=C1CCOCC1C2CN2,0.5462082
C=C1OCCCC1C2CN2,0.6105634
C=C1OCOCC1C2CN2,0.4452868
C=C1CCCNC1C2CN2,0.55371225
C=C1OCCNC1C2CN2,0.48491043
C=C1CCCOC1C2CN2,0.53699136
C=C1COCOC1C2CN2,0.5052953
C=C1OCCOC1C2CN2,0.41230607
C=C1CCCCC1C2CO2,0.6867821
C=C1CNCCC1C2CO2,0.5813775
C=C1COCCC1C2CO2,0.8234706
C=C1CCNCC1C2CO2,0.6134481
C=C1CCOCC1C2CO2,0.65510094
C=C1OCCCC1C2CO2,0.68438476
C=C1OCOCC1C2CO2,0.7326963
C=C1CCCNC1C2CO2,0.4917651
C=C1OCCNC1C2CO2,0.5543518
C=C1CCCOC1C2CO2,0.44470206
C=C1COCOC1C2CO2,0.46865782
C=C1OCCOC1C2CO2,0.4009656
C=C1CCCCC1N2CC2,0.601064
C=C1CNCCC1N2CC2,0.58919513
C=C1COCCC1N2CC2,0.80220747
C=C1CCNCC1N2CC2,0.5689654
C=C1CCOCC1N2CC2,0.70937365
C=C1OCCCC1N2CC2,0.6101207
C=C1OCOCC1N2CC2,0.77384984
CC1CC=CCC1C2CC2,0.5950076
NC1CC=CCC1C2CC2,0.6202158
OC1CC=CCC1C2CC2,0.8555083
CC1OC=CCC1C2CC2,0.6763617
CC1CC=COC1C2CC2,0.23700793
NC1CC=COC1C2CC2,0.4088111
OC1CC=COC1C2CC2,0.5641004
CC1OC=COC1C2CC2,0.43996343
CN1CC=CCC1C2CC2,0.42623293
CC1CC=CCN1C2CC2,0.39883956
CC1CC=CCC1C2CN2,0.5540887
NC1CC=CCC1C2CN2,0.6875808
OC1CC=CCC1C2CN2,0.8898447
CC1OC=CCC1C2CN2,0.6445916
CC1CC=COC1C2CN2,0.38741204
NC1CC=COC1C2CN2,0.28542364
OC1CC=COC1C2CN2,0.49292925
CC1OC=COC1C2CN2,0.20172872
CN1CC=CCC1C2CN2,0.56523144
CC1CC=CCC1C2CO2,0.7136222
NC1CC=CCC1C2CO2,0.6985053
OC1CC=CCC1C2CO2,1.0079901
CC1OC=CCC1C2CO2,0.6836097
CC1CC=COC1C2CO2,0.2635783
NC1CC=COC1C2CO2,0.43086582
OC1CC=COC1C2CO2,0.4656814
CC1OC=COC1C2CO2,0.2596571
CN1CC=CCC1C2CO2,0.51926404
CC1CC=CCC1N2CC2,0.57236934
NC1CC=CCC1N2CC2,0.5841029
OC1CC=CCC1N2CC2,0.73523223
CC1OC=CCC1N2CC2,0.5968373
C=C1CC=CCC1C2CC2,0.9052299
O=C1CC=CCC1C2CC2,1.1210119
N=C1NC=CCC1C2CC2,0.76566035
O=C1NC=CCC1C2CC2,1.4418898
C=C1N=CNCC1C2CC2,0.975598
C=C1OC=CCC1C2CC2,0.9192252
O=C1OC=CCC1C2CC2,1.5422894
C=C1CN=CNC1C2CC2,0.7640895
C=C1CC=NNC1C2CC2,0.79161084
C=C1N=CNNC1C2CC2,1.1462454
C=C1OC=NNC1C2CC2,0.8459517
C=C1CC=COC1C2CC2,0.6345757
O=C1CC=COC1C2CC2,0.9229567
C=C1CC=NOC1C2CC2,1.1200489
N=C1NC=COC1C2CC2,0.91812015
O=C1NC=COC1C2CC2,1.1336313
C=C1N=CNOC1C2CC2,0.96515024
C=C1OC=COC1C2CC2,0.8403944
O=C1OC=COC1C2CC2,1.1178648
C=C1OC=NOC1C2CC2,0.9429681
N=C1CC=CCN1C2CC2,0.8489288
O=C1CC=CCN1C2CC2,0.98294747
N=C1NC=CCN1C2CC2,0.884425
O=C1NC=CCN1C2CC2,1.079755
C=C1CC=CCC1C2CN2,1.0221149
O=C1CC=CCC1C2CN2,0.9595505
N=C1NC=CCC1C2CN2,0.6014756
O=C1NC=CCC1C2CN2,0.9256141
C=C1N=CNCC1C2CN2,0.81518817
C=C1OC=CCC1C2CN2,0.6721574
O=C1OC=CCC1C2CN2,1.1091288
C=C1CN=CNC1C2CN2,0.86832756
C=C1CC=NNC1C2CN2,0.75876325
C=C1N=CNNC1C2CN2,0.9197803
C=C1OC=NNC1C2CN2,0.8835486
C=C1CC=COC1C2CN2,0.55932903
O=C1CC=COC1C2CN2,1.0367374
C=C1CC=NOC1C2CN2,0.91707146
N=C1NC=COC1C2CN2,0.88863957
O=C1NC=COC1C2CN2,1.2074962
C=C1N=CNOC1C2CN2,0.9306224
C=C1OC=COC1C2CN2,0.8170255
O=C1OC=COC1C2CN2,0.894682
C=C1OC=NOC1C2CN2,0.95866436
C=C1CC=CCC1C2CO2,1.0861498
O=C1CC=CCC1C2CO2,1.2907412
N=C1NC=CCC1C2CO2,1.0717114
O=C1NC=CCC1C2CO2,1.2740808
C=C1N=CNCC1C2CO2,1.0020452
C=C1OC=CCC1C2CO2,1.0080861
O=C1OC=CCC1C2CO2,1.3216482
C=C1CN=CNC1C2CO2,0.6875237
C=C1CC=NNC1C2CO2,0.7407644
C=C1N=CNNC1C2CO2,0.9461835
C=C1OC=NNC1C2CO2,0.96754456
C=C1CC=COC1C2CO2,0.62993723
O=C1CC=COC1C2CO2,1.0503006
C=C1CC=NOC1C2CO2,0.96386504
N=C1NC=COC1C2CO2,0.97180104
O=C1NC=COC1C2CO2,1.1234455
C=C1N=CNOC1C2CO2,1.1393466
C=C1OC=COC1C2CO2,0.6670747
O=C1OC=COC1C2CO2,0.8648805
C=C1OC=NOC1C2CO2,1.0521331
C=C1CC=CCC1N2CC2,0.8083673
O=C1CC=CCC1N2CC2,1.2894416
N=C1NC=CCC1N2CC2,1.0937513
O=C1NC=CCC1N2CC2,1.2740867
C=C1N=CNCC1N2CC2,1.1279182
C=C1OC=CCC1N2CC2,1.117438
O=C1OC=CCC1N2CC2,1.3359015
N=C1CC=CCN1N2CC2,1.1181457
O=C1CC=CCN1N2CC2,1.2359701
N=C1NC=CCN1N2CC2,1.1066291
O=C1NC=CCN1N2CC2,1.3348914
CC1C=CCCC1C2CC2,0.5785259
NC1C=CCCC1C2CC2,0.75995916
OC1C=CCCC1C2CC2,0.75840145
CC1C=COCC1C2CC2,0.42905897
NC1C=COCC1C2CC2,0.4866293
OC1C=COCC1C2CC2,0.48497137
CC1C=CCNC1C2CC2,0.37508172
NC1C=CCNC1C2CC2,0.5436519
OC1C=CCNC1C2CC2,0.5740738
CC1C=CCOC1C2CC2,0.4399288
NC1C=CCOC1C2CC2,0.75467896
OC1C=CCOC1C2CC2,0.7450551
CC1C=CCCN1C2CC2,0.36018834
CC1C=CCCC1C2CN2,0.4557033
NC1C=CCCC1C2CN2,0.72609377
OC1C=CCCC1C2CN2,0.74948597
CC1C=COCC1C2CN2,0.37255356
NC1C=COCC1C2CN2,0.51284945
OC1C=COCC1C2CN2,0.49184847
CC1C=CCNC1C2CN2,0.5283741
NC1C=CCNC1C2CN2,0.58026254
OC1C=CCNC1C2CN2,0.63178384
CC1C=CCOC1C2CN2,0.5415579
NC1C=CCOC1C2CN2,0.5688245
OC1C=CCOC1C2CN2,0.6981169
CC1C=CCCC1C2CO2,0.5449034
NC1C=CCCC1C2CO2,0.7593821
OC1C=CCCC1C2CO2,0.7824387
CC1C=COCC1C2CO2,0.45410496
NC1C=COCC1C2CO2,0.59539974
OC1C=COCC1C2CO2,0.6767894
CC1C=CCNC1C2CO2,0.45074964
NC1C=CCNC1C2CO2,0.44184944
OC1C=CCNC1C2CO2,0.6155078
CC1C=CCOC1C2CO2,0.49930596
NC1C=CCOC1C2CO2,0.5501932
OC1C=CCOC1C2CO2,0.6837982
CC1C=CCCC1N2CC2,0.51937616
NC1C=CCCC1N2CC2,0.6996772
OC1C=CCCC1N2CC2,0.6789653
CC1C=COCC1N2CC2,0.4748842
NC1C=COCC1N2CC2,0.62447894
OC1C=COCC1N2CC2,0.82577235
C=C1C=CCCC1C2CC2,0.85248005
O=C1C=CCCC1C2CC2,1.0954112
O=C1C=CNCC1C2CC2,1.1758755
C=C1C=NNCC1C2CC2,1.0877407
C=C1C=COCC1C2CC2,0.65537
O=C1C=COCC1C2CC2,1.1432086
C=C1C=NOCC1C2CC2,1.2326524
C=C1C=CCNC1C2CC2,0.86731815
O=C1C=CCNC1C2CC2,1.2112715
C=C1C=CCOC1C2CC2,0.8927448
O=C1C=CCOC1C2CC2,1.3932288
N=C1C=CCCN1C2CC2,0.7714097
O=C1C=CCCN1C2CC2,1.0972087
N=C1C=CCNN1C2CC2,0.97127134
O=C1C=CCNN1C2CC2,1.1435877
N=C1C=CCON1C2CC2,0.9678767
O=C1C=CCON1C2CC2,1.1016794
C=C1C=CCCC1C2CN2,0.9949163
O=C1C=CCCC1C2CN2,1.0439386
O=C1C=CNCC1C2CN2,0.72684216
C=C1C=NNCC1C2CN2,1.0358378
C=C1C=COCC1C2CN2,0.6547573
O=C1C=COCC1C2CN2,0.9729678
C=C1C=NOCC1C2CN2,1.1406687
C=C1C=CCNC1C2CN2,0.94211596
O=C1C=CCNC1C2CN2,0.9267701
C=C1C=CCOC1C2CN2,0.75085
O=C1C=CCOC1C2CN2,1.3402363
C=C1C=CCCC1C2CO2,1.0569378
O=C1C=CCCC1C2CO2,1.4647446
O=C1C=CNCC1C2CO2,0.9212328
C=C1C=NNCC1C2CO2,1.1479934
C=C1C=COCC1C2CO2,0.856442
O=C1C=COCC1C2CO2,1.2050533
C=C1C=NOCC1C2CO2,1.160158
C=C1C=CCNC1C2CO2,0.86373127
O=C1C=CCNC1C2CO2,1.1425653
C=C1C=CCOC1C2CO2,0.8658668
O=C1C=CCOC1C2CO2,1.42266
C=C1C=CCCC1N2CC2,0.7773267
O=C1C=CCCC1N2CC2,1.3013476
O=C1C=CNCC1N2CC2,1.2109873
C=C1C=NNCC1N2CC2,1.1179259
C=C1C=COCC1N2CC2,0.9520246
O=C1C=COCC1N2CC2,1.284874
C=C1C=NOCC1N2CC2,1.2709337
N=C1C=CCCN1N2CC2,1.1470929
O=C1C=CCCN1N2CC2,1.2577715
CC1CCC=CC1C2CC2,0.607964
NC1CCC=CC1C2CC2,0.6608752
OC1CCC=CC1C2CC2,0.7179775
CC1COC=CC1C2CC2,0.5099829
NC1COC=CC1C2CC2,0.65795165
OC1COC=CC1C2CC2,0.7094454
CC1NCC=CC1C2CC2,0.53427804
CC1OCC=CC1C2CC2,0.7486879
CN1CCC=CC1C2CC2,0.42189986
CC1CCC=CC1C2CN2,0.61281854
NC1CCC=CC1C2CN2,0.81103575
OC1CCC=CC1C2CN2,0.7566488
CC1COC=CC1C2CN2,0.54583085
NC1COC=CC1C2CN2,0.7408646
OC1COC=CC1C2CN2,0.71020585
CC1NCC=CC1C2CN2,0.73543143
CC1OCC=CC1C2CN2,0.75392455
CN1CCC=CC1C2CN2,0.6357622
CC1CCC=CC1C2CO2,0.78831327
NC1CCC=CC1C2CO2,0.8126019
OC1CCC=CC1C2CO2,0.84525305
CC1COC=CC1C2CO2,0.6054186
NC1COC=CC1C2CO2,0.7728007
OC1COC=CC1C2CO2,0.69827825
CC1NCC=CC1C2CO2,0.722168
CC1OCC=CC1C2CO2,0.8322477
CN1CCC=CC1C2CO2,0.54660505
CC1CCC=CC1N2CC2,0.6573009
NC1CCC=CC1N2CC2,0.6612683
OC1CCC=CC1N2CC2,0.70504296
CC1COC=CC1N2CC2,0.60418844
NC1COC=CC1N2CC2,0.76197827
OC1COC=CC1N2CC2,1.0076625
CC1NCC=CC1N2CC2,0.6077975
CC1OCC=CC1N2CC2,0.8325362
C=C1CCC=CC1C2CC2,0.77909935
O=C1CCC=CC1C2CC2,0.91606206
C=C1COC=CC1C2CC2,0.77317935
O=C1COC=CC1C2CC2,1.2077278
C=C1CNN=CC1C2CC2,0.79828084
C=C1CON=CC1C2CC2,1.159067
N=C1NCC=CC1C2CC2,0.6841439
O=C1NCC=CC1C2CC2,1.1685909
C=C1OCC=CC1C2CC2,0.9253683
O=C1OCC=CC1C2CC2,1.4691297
N=C1CCC=CN1C2CC2,0.53466636
O=C1CCC=CN1C2CC2,0.6569888
N=C1COC=CN1C2CC2,0.7571284
O=C1COC=CN1C2CC2,1.0612413
C=C1CCN=CN1C2CC2,0.7277327
C=C1CNN=CN1C2CC2,0.73739123
C=C1CON=CN1C2CC2,0.92121196
N=C1NCC=CN1C2CC2,0.7113565
O=C1NCC=CN1C2CC2,0.8362634
N=C1OCC=CN1C2CC2,0.7211726
O=C1OCC=CN1C2CC2,0.94131684
C=C1CCC=CC1C2CN2,0.8928288
O=C1CCC=CC1C2CN2,0.80913854
C=C1COC=CC1C2CN2,0.65233964
O=C1COC=CC1C2CN2,1.0618254
C=C1CNN=CC1C2CN2,0.76727694
C=C1CON=CC1C2CN2,0.97190285
N=C1NCC=CC1C2CN2,0.6895205
O=C1NCC=CC1C2CN2,0.75407815
C=C1OCC=CC1C2CN2,0.7398282
O=C1OCC=CC1C2CN2,1.1904612
C=C1CCC=CC1C2CO2,0.966327
O=C1CCC=CC1C2CO2,1.03329
C=C1COC=CC1C2CO2,0.6232929
O=C1COC=CC1C2CO2,1.2543725
C=C1CNN=CC1C2CO2,0.76188266
C=C1CON=CC1C2CO2,1.0613607
N=C1NCC=CC1C2CO2,0.9699017
O=C1NCC=CC1C2CO2,1.2338018
C=C1OCC=CC1C2CO2,0.98148537
O=C1OCC=CC1C2CO2,1.5491412
C=C1CCC=CC1N2CC2,0.810709
O=C1CCC=CC1N2CC2,1.0836658
C=C1COC=CC1N2CC2,1.0129757
O=C1COC=CC1N2CC2,1.1738576
C=C1CNN=CC1N2CC2,1.0891119
C=C1CON=CC1N2CC2,1.258964
N=C1NCC=CC1N2CC2,1.02793
O=C1NCC=CC1N2CC2,1.1056272
C=C1OCC=CC1N2CC2,1.1126016
O=C1OCC=CC1N2CC2,1.3380034
N=C1CCC=CN1N2CC2,0.77427924
O=C1CCC=CN1N2CC2,0.942747
N=C1COC=CN1N2CC2,0.971029
O=C1COC=CN1N2CC2,1.0230113
C=C1CCN=CN1N2CC2,0.90218693
C=C1CNN=CN1N2CC2,0.8734679
C=C1CON=CN1N2CC2,1.2023784
N=C1NCC=CN1N2CC2,0.94931155
O=C1NCC=CN1N2CC2,1.153297
N=C1OCC=CN1N2CC2,0.97894204
O=C1OCC=CN1N2CC2,1.1672393
CC1C=CC=CC1C2CC2,0.8769352
NC1C=CC=CC1C2CC2,0.94474
OC1C=CC=CC1C2CC2,1.0309412
CN1N=CC=CC1C2CC2,0.96945614
CC1C=CC=NN1C2CC2,1.1829265
CC1C=CC=CC1C2CN2,1.0146942
NC1C=CC=CC1C2CN2,1.0289541
OC1C=CC=CC1C2CN2,1.0007544
CN1N=CC=CC1C2CN2,0.87992424
CC1C=CC=CC1C2CO2,1.0994743
NC1C=CC=CC1C2CO2,1.1805979
OC1C=CC=CC1C2CO2,1.1260366
CN1N=CC=CC1C2CO2,0.9268946
CC1C=CC=CC1N2CC2,0.8987731
NC1C=CC=CC1N2CC2,1.0282097
OC1C=CC=CC1N2CC2,1.2203269
C=C1C=CC=CC1C2CC2,1.1621646
C=C1C=NN=CC1C2CC2,1.4838573
C=C1C=NN=CN1C2CC2,1.3507313
C=C1C=CC=CC1C2CN2,1.1802058
C=C1C=NN=CC1C2CN2,1.4696103
C=C1C=CC=CC1C2CO2,1.2768481
C=C1C=NN=CC1C2CO2,1.7106389
C=C1C=CC=CC1N2CC2,1.4018725
C=C1C=NN=CC1N2CC2,1.4972425
C=C1C=NN=CN1N2CC2,1.6006833
CC1=CCCCC1C2CC2,0.59303015
CC1=COCCC1C2CC2,0.6006926
CC1=CCNCC1C2CC2,0.442409
CC1=CCOCC1C2CC2,0.5953435
CC1=CCCNC1C2CC2,0.36600545
CC1=CCCOC1C2CC2,0.4737726
CC1=COCOC1C2CC2,0.36234993
CC1=CCCCC1C2CN2,0.5149203
CC1=COCCC1C2CN2,0.6237735
CC1=CCNCC1C2CN2,0.524629
CC1=CCOCC1C2CN2,0.56927794
CC1=CCCNC1C2CN2,0.521405
CC1=CCCOC1C2CN2,0.51779604
CC1=COCOC1C2CN2,0.33138362
CC1=CCCCC1C2CO2,0.7149646
CC1=COCCC1C2CO2,0.5666932
CC1=CCNCC1C2CO2,0.5426176
CC1=CCOCC1C2CO2,0.54175246
CC1=CCCNC1C2CO2,0.50508845
CC1=CCCOC1C2CO2,0.4360987
CC1=COCOC1C2CO2,0.38879552
CC1=CCCCC1N2CC2,0.5944147
CC1=COCCC1N2CC2,0.6614199
CC1=CCNCC1N2CC2,0.5258615
CC1=CCOCC1N2CC2,0.61926097
CC1=CC=CCC1C2CC2,0.923887
CC1=CC=NNC1C2CC2,0.80953634
NC1=CC=NNC1C2CC2,1.0841821
CC1=CC=COC1C2CC2,0.68964225
CC1=CC=NOC1C2CC2,1.1870638
NC1=CC=NOC1C2CC2,1.2150719
CC1=CC=CCC1C2CN2,1.0157431
CC1=CC=NNC1C2CN2,0.79125524
NC1=CC=NNC1C2CN2,0.89029926
CC1=CC=COC1C2CN2,0.61094034
CC1=CC=NOC1C2CN2,0.9845998
NC1=CC=NOC1C2CN2,1.2101735
CC1=CC=CCC1C2CO2,0.95325875
CC1=CC=NNC1C2CO2,0.74041325
NC1=CC=NNC1C2CO2,0.85886
CC1=CC=COC1C2CO2,0.60035884
CC1=CC=NOC1C2CO2,1.1262754
NC1=CC=NOC1C2CO2,1.5022088
CC1=CC=CCC1N2CC2,0.91622686
CC1=CCC=CC1C2CC2,0.7780509
CC1=COC=CC1C2CC2,0.72150666
CC1=CN=CNC1C2CC2,0.7079886
CC1=CCN=CN1C2CC2,0.7426412
CC1=NCC=CN1C2CC2,0.74773955
CC1=CCC=CC1C2CN2,0.91983205
CC1=COC=CC1C2CN2,0.58896226
CC1=CN=CNC1C2CN2,0.7696778
CC1=CCC=CC1C2CO2,0.9667347
CC1=COC=CC1C2CO2,0.6300527
CC1=CN=CNC1C2CO2,0.63786125
CC1=CCC=CC1N2CC2,0.82656276
CC1=COC=CC1N2CC2,0.7965727
CC1=CCN=CN1N2CC2,0.8726999
CC1=NCC=CN1N2CC2,0.8857938
CC1CCCC=C1C2CC2,0.5910261
NC1CCCC=C1C2CC2,0.55713576
OC1CCCC=C1C2CC2,0.703224
CC1CNCC=C1C2CC2,0.40194127
NC1CNCC=C1C2CC2,0.5323818
OC1CNCC=C1C2CC2,0.5959334
CC1COCC=C1C2CC2,0.76505965
NC1COCC=C1C2CC2,0.8185576
OC1COCC=C1C2CC2,0.9803575
CC1CCOC=C1C2CC2,0.51623225
NC1CCOC=C1C2CC2,0.63399494
OC1CCOC=C1C2CC2,0.55466634
CC1NCCC=C1C2CC2,0.44797224
CC1OCCC=C1C2CC2,0.7483013
CC1OCOC=C1C2CC2,0.6815036
CC1CCCC=C1C2CN2,0.52312577
NC1CCCC=C1C2CN2,0.70703626
OC1CCCC=C1C2CN2,0.56991106
CC1CNCC=C1C2CN2,0.6245623
NC1CNCC=C1C2CN2,0.52028716
OC1CNCC=C1C2CN2,0.66708845
CC1COCC=C1C2CN2,0.6669684
NC1COCC=C1C2CN2,0.76268804
OC1COCC=C1C2CN2,0.75939727
CC1CCOC=C1C2CN2,0.47946653
NC1CCOC=C1C2CN2,0.66175073
OC1CCOC=C1C2CN2,0.55139554
CC1NCCC=C1C2CN2,0.65018547
CC1OCCC=C1C2CN2,0.5759395
CC1OCOC=C1C2CN2,0.54945517
CC1CCCC=C1C2CO2,0.72908413
NC1CCCC=C1C2CO2,0.6999573
OC1CCCC=C1C2CO2,0.77629125
CC1CNCC=C1C2CO2,0.5990318
NC1CNCC=C1C2CO2,0.70790213
OC1CNCC=C1C2CO2,0.684324
CC1COCC=C1C2CO2,0.73151934
NC1COCC=C1C2CO2,0.75833017
OC1COCC=C1C2CO2,0.8815521
CC1CCOC=C1C2CO2,0.5734487
NC1CCOC=C1C2CO2,0.59043324
OC1CCOC=C1C2CO2,0.5303964
CC1NCCC=C1C2CO2,0.6155674
CC1OCCC=C1C2CO2,0.66400826
CC1OCOC=C1C2CO2,0.6814707
C=C1CCCC=C1C2CC2,0.7680718
O=C1CCCC=C1C2CC2,0.9048292
C=C1CNCC=C1C2CC2,0.6756883
O=C1CNCC=C1C2CC2,0.9298116
C=C1COCC=C1C2CC2,0.9774649
O=C1COCC=C1C2CC2,1.2657813
O=C1CCNC=C1C2CC2,0.692153
C=C1CCOC=C1C2CC2,0.6762269
O=C1CCOC=C1C2CC2,0.92686534
N=C1NCCC=C1C2CC2,0.72750723
O=C1NCCC=C1C2CC2,1.0235342
N=C1NNCC=C1C2CC2,0.91048574
O=C1NNCC=C1C2CC2,1.1473159
N=C1NOCC=C1C2CC2,1.1190344
O=C1NOCC=C1C2CC2,1.4618658
C=C1OCCC=C1C2CC2,0.85829014
O=C1OCCC=C1C2CC2,1.3088868
C=C1OCOC=C1C2CC2,0.9659493
O=C1OCOC=C1C2CC2,0.9479004
C=C1CCNN=C1C2CC2,0.8027085
C=C1CCON=C1C2CC2,1.2045206
C=C1OCON=C1C2CC2,1.2748191
C=C1CCCC=C1C2CN2,0.83050644
O=C1CCCC=C1C2CN2,0.62960434
C=C1CNCC=C1C2CN2,0.79757524
O=C1CNCC=C1C2CN2,0.63300973
C=C1COCC=C1C2CN2,0.69998604
O=C1COCC=C1C2CN2,1.1874472
O=C1CCNC=C1C2CN2,0.48002124
C=C1CCOC=C1C2CN2,0.631202
O=C1CCOC=C1C2CN2,0.86712885
N=C1NCCC=C1C2CN2,0.5994346
O=C1NCCC=C1C2CN2,0.72872174
N=C1NNCC=C1C2CN2,0.53775907
O=C1NNCC=C1C2CN2,1.1581064
N=C1NOCC=C1C2CN2,1.1413893
O=C1NOCC=C1C2CN2,1.506719
C=C1OCCC=C1C2CN2,0.6163821
O=C1OCCC=C1C2CN2,1.0867811
C=C1OCOC=C1C2CN2,0.88606334
O=C1OCOC=C1C2CN2,0.8056505
C=C1CCNN=C1C2CN2,0.64905155
C=C1CCON=C1C2CN2,0.8764077
C=C1OCON=C1C2CN2,1.1626729
C=C1CCCC=C1C2CO2,1.0702014
O=C1CCCC=C1C2CO2,1.0181837
C=C1CNCC=C1C2CO2,0.8823567
O=C1CNCC=C1C2CO2,1.0076618
C=C1COCC=C1C2CO2,0.819436
O=C1COCC=C1C2CO2,1.6781083
O=C1CCNC=C1C2CO2,0.7714473
C=C1CCOC=C1C2CO2,0.563
O=C1CCOC=C1C2CO2,1.2809564
N=C1NCCC=C1C2CO2,0.91663504
O=C1NCCC=C1C2CO2,1.260091
N=C1NNCC=C1C2CO2,1.0867997
O=C1NNCC=C1C2CO2,1.7747864
N=C1NOCC=C1C2CO2,1.688561
O=C1NOCC=C1C2CO2,1.8687913
C=C1OCCC=C1C2CO2,0.89360046
O=C1OCCC=C1C2CO2,1.7151442
C=C1OCOC=C1C2CO2,1.1435578
O=C1OCOC=C1C2CO2,0.95616317
C=C1CCNN=C1C2CO2,0.5900457
C=C1CCON=C1C2CO2,0.9616291
C=C1OCON=C1C2CO2,1.4730281
C=C1CCCN=C1N2CC2,0.98843396
C=C1CCNN=C1N2CC2,0.8725543
C=C1CCON=C1N2CC2,1.0238723
C=C1OCCN=C1N2CC2,1.1779215
C=C1OCON=C1N2CC2,1.356464
CC1CC=CC=C1C2CC2,0.9034066
NC1CC=CC=C1C2CC2,0.88930357
OC1CC=CC=C1C2CC2,1.1635544
CC1NN=CC=C1C2CC2,1.044958
CC1OC=CC=C1C2CC2,1.1095958
CC1ON=CC=C1C2CC2,1.3916924
CC1CC=CC=C1C2CN2,0.94984865
NC1CC=CC=C1C2CN2,1.0248139
OC1CC=CC=C1C2CN2,0.90479666
CC1NN=CC=C1C2CN2,0.78683037
CC1OC=CC=C1C2CN2,0.7109568
CC1ON=CC=C1C2CN2,0.9977856
CC1CC=CC=C1C2CO2,1.1657764
NC1CC=CC=C1C2CO2,1.1180176
OC1CC=CC=C1C2CO2,1.1290826
CC1NN=CC=C1C2CO2,1.1023755
CC1OC=CC=C1C2CO2,1.0713651
CC1ON=CC=C1C2CO2,1.5619746
CC1NN=CC=C1N2CC2,0.96903116
CC1ON=CC=C1N2CC2,1.1829244
C=C1CC=CC=C1C2CC2,1.1215125
C=C1OC=CC=C1C2CC2,1.3475139
C=C1CC=NN=C1C2CC2,1.3630438
C=C1N=CNN=C1C2CC2,1.1220843
C=C1OC=NN=C1C2CC2,1.4219064
C=C1CC=CC=C1C2CN2,0.9055455
C=C1OC=CC=C1C2CN2,1.0668304
C=C1CC=NN=C1C2CN2,1.1598176
C=C1N=CNN=C1C2CN2,1.2193022
C=C1OC=NN=C1C2CN2,1.350743
C=C1CC=CC=C1C2CO2,1.2295461
C=C1OC=CC=C1C2CO2,1.4490948
C=C1CC=NN=C1C2CO2,1.6303086
C=C1N=CNN=C1C2CO2,1.3776891
C=C1OC=NN=C1C2CO2,1.6989537
C=C1CN=CN=C1N2CC2,1.419953
C=C1CC=NN=C1N2CC2,1.2690374
C=C1N=CNN=C1N2CC2,1.4012166
C=C1OC=NN=C1N2CC2,1.3451653
CC1C=CCC=C1C2CC2,0.86664516
NC1C=CCC=C1C2CC2,0.86699265
OC1C=CCC=C1C2CC2,1.058652
CC1C=COC=C1C2CC2,0.7085306
NC1C=COC=C1C2CC2,0.7546028
OC1C=COC=C1C2CC2,0.79504305
CC1N=CNC=C1C2CC2,0.83667934
CN1C=NCC=C1C2CC2,0.83264697
NN1C=NCC=C1C2CC2,1.0673732
ON1C=NCC=C1C2CC2,1.224145
CN1C=CCN=C1C2CC2,0.7326344
NN1C=CCN=C1C2CC2,0.8503274
ON1C=CCN=C1C2CC2,1.001776
CC1C=CCC=C1C2CN2,0.923433
NC1C=CCC=C1C2CN2,0.9817104
OC1C=CCC=C1C2CN2,0.8086831
CC1C=COC=C1C2CN2,0.6995214
NC1C=COC=C1C2CN2,0.45161244
OC1C=COC=C1C2CN2,0.6927662
CC1N=CNC=C1C2CN2,0.6760696
CN1C=NCC=C1C2CN2,0.5808525
NN1C=NCC=C1C2CN2,0.74431443
ON1C=NCC=C1C2CN2,1.2841456
CN1C=CCN=C1C2CN2,0.41579312
NN1C=CCN=C1C2CN2,0.5176182
ON1C=CCN=C1C2CN2,0.879201
CC1C=CCC=C1C2CO2,1.2289116
NC1C=CCC=C1C2CO2,1.1303957
OC1C=CCC=C1C2CO2,1.0816296
CC1C=COC=C1C2CO2,0.76996386
NC1C=COC=C1C2CO2,0.64812636
OC1C=COC=C1C2CO2,0.90677387
CC1N=CNC=C1C2CO2,0.8315385
CN1C=NCC=C1C2CO2,0.8274437
NN1C=NCC=C1C2CO2,1.0757823
ON1C=NCC=C1C2CO2,1.6573274
CN1C=CCN=C1C2CO2,0.45951316
NN1C=CCN=C1C2CO2,0.53006226
ON1C=CCN=C1C2CO2,1.1110598
CC1C=CCN=C1N2CC2,1.132313
NC1C=CCN=C1N2CC2,1.1486874
OC1C=CCN=C1N2CC2,1.1423826
CN1C=CCN=C1N2CC2,0.68289953
NN1C=CCN=C1N2CC2,0.92546076
ON1C=CCN=C1N2CC2,1.2124488
C=C1C=CCC=C1C2CC2,1.1010104
C=C1C=COC=C1C2CC2,0.84510493
C=C1C=CCC=C1C2CN2,0.8970727
C=C1C=COC=C1C2CN2,0.8061191
C=C1C=CCC=C1C2CO2,1.1657845
C=C1C=COC=C1C2CO2,1.0727773
C=C1C=CCN=C1N2CC2,1.3996328
CC1=CCCC=C1C2CC2,0.8084176
CC1=COCC=C1C2CC2,0.9002747
CC1=CCOC=C1C2CC2,0.727224
CC1=NNCC=C1C2CC2,0.98839563
CC1=NOCC=C1C2CC2,1.279787
CC1=CCNN=C1C2CC2,0.8197024
CC1=CCON=C1C2CC2,1.2224358
CC1=CCCC=C1C2CN2,0.8339099
CC1=COCC=C1C2CN2,0.56279796
CC1=CCOC=C1C2CN2,0.65363765
CC1=NNCC=C1C2CN2,0.7384895
CC1=NOCC=C1C2CN2,1.0271109
CC1=CCNN=C1C2CN2,0.6213893
CC1=CCON=C1C2CN2,1.0284771
CC1=CCCC=C1C2CO2,0.94865894
CC1=COCC=C1C2CO2,0.6834321
CC1=CCOC=C1C2CO2,0.6914146
CC1=NNCC=C1C2CO2,0.93140507
CC1=NOCC=C1C2CO2,1.2510701
CC1=CCNN=C1C2CO2,0.6679607
CC1=CCON=C1C2CO2,1.1311412
CC1=CCCN=C1N2CC2,1.0437629
CC1=CCNN=C1N2CC2,0.9189513
CC1=CCON=C1N2CC2,1.2064153
CC1=C(CCCC1)C2CC2,0.6698891
CC1=C(CCNC1)C2CC2,0.44624266
CC1=C(CCOC1)C2CC2,0.50504124
CC1=C(CNCC1)C2CC2,0.42515105
CC1=C(COCC1)C2CC2,0.5512625
CC1=C(CCCO1)C2CC2,0.56680185
CC1=C(COCO1)C2CC2,0.70428073
CC1=C(OCCC1)C2CC2,0.44954425
CC1=C(OCOC1)C2CC2,0.54753184
CC1=C(OCCO1)C2CC2,0.56631064
CC1=C(CCCC1)C2CN2,0.5713091
CC1=C(CCNC1)C2CN2,0.5945251
CC1=C(CCOC1)C2CN2,0.55887794
CC1=C(CNCC1)C2CN2,0.59529495
CC1=C(COCC1)C2CN2,0.5465349
CC1=C(CCCO1)C2CN2,0.53340197
CC1=C(COCO1)C2CN2,0.58030486
CC1=C(OCCC1)C2CN2,0.4805465
CC1=C(OCOC1)C2CN2,0.42580327
CC1=C(OCCO1)C2CN2,0.4803252
CC1=C(CCCC1)C2CO2,0.7675192
CC1=C(CCNC1)C2CO2,0.53701764
CC1=C(CCOC1)C2CO2,0.60323876
CC1=C(CNCC1)C2CO2,0.6800015
CC1=C(COCC1)C2CO2,0.5943984
CC1=C(CCCO1)C2CO2,0.50921696
CC1=C(COCO1)C2CO2,0.5483171
CC1=C(OCCC1)C2CO2,0.67107946
CC1=C(OCOC1)C2CO2,0.57591623
CC1=C(OCCO1)C2CO2,0.5794573
CC1=C(CC=CC1)C2CC2,0.73628134
CC1=C(CN=CN1)C2CC2,0.6715092
CC1=C(CC=CO1)C2CC2,0.76994145
CC1=C(N=CNC1)C2CC2,0.67500985
CC1=C(OC=CC1)C2CC2,0.6311658
CC1=C(OC=CO1)C2CC2,0.51217407
CC1=C(CC=CC1)C2CN2,0.86354053
CC1=C(CN=CN1)C2CN2,0.69021565
CC1=C(CC=CO1)C2CN2,0.7620981
CC1=C(N=CNC1)C2CN2,0.7551735
CC1=C(OC=CC1)C2CN2,0.5148991
CC1=C(OC=CO1)C2CN2,0.5107486
CC1=C(CC=CC1)C2CO2,1.1204658
CC1=C(CN=CN1)C2CO2,0.62685347
CC1=C(CC=CO1)C2CO2,0.779024
CC1=C(N=CNC1)C2CO2,0.9313988
CC1=C(OC=CC1)C2CO2,0.67573655
CC1=C(OC=CO1)C2CO2,0.8564435
CC1=C(CCC=C1)C2CC2,0.72614914
CC1=C(CNN=C1)C2CC2,0.7700522
CC1=C(COC=C1)C2CC2,0.696264
CC1=C(CON=C1)C2CC2,1.3243912
CC1=C(OCC=C1)C2CC2,0.7394886
CC1=C(CCC=C1)C2CN2,0.7559789
CC1=C(CNN=C1)C2CN2,0.72080374
CC1=C(COC=C1)C2CN2,0.70087636
CC1=C(CON=C1)C2CN2,1.1131667
CC1=C(OCC=C1)C2CN2,0.6766766
CC1=C(CCC=C1)C2CO2,0.9318642
CC1=C(CNN=C1)C2CO2,0.8483608
CC1=C(COC=C1)C2CO2,0.8227922
CC1=C(CON=C1)C2CO2,1.3159412
CC1=C(OCC=C1)C2CO2,0.7788323
CC1=C(CNN=C1)N2CC2,0.70631063
CC1=C(CON=C1)N2CC2,1.0638831
CC1=C(C=CCC1)C2CC2,0.8023396
CC1=C(C=COC1)C2CC2,0.7122463
CC1=C(C=NNC1)C2CC2,0.77924275
NC1=C(C=NNC1)C2CC2,0.9374994
CC1=C(C=NOC1)C2CC2,1.1906916
NC1=C(C=NOC1)C2CC2,1.3179201
CC1=C(C=CCO1)C2CC2,1.0185207
CC1=C(C=CCC1)C2CN2,0.9864083
CC1=C(C=COC1)C2CN2,0.63471276
CC1=C(C=NNC1)C2CN2,0.7854522
NC1=C(C=NNC1)C2CN2,0.7795298
CC1=C(C=NOC1)C2CN2,1.2920799
NC1=C(C=NOC1)C2CN2,1.2911255
CC1=C(C=CCO1)C2CN2,1.0171953
CC1=C(C=CCC1)C2CO2,1.1720895
CC1=C(C=COC1)C2CO2,0.8680577
CC1=C(C=NNC1)C2CO2,1.0237502
NC1=C(C=NNC1)C2CO2,1.1869013
CC1=C(C=NOC1)C2CO2,1.4294589
NC1=C(C=NOC1)C2CO2,1.4169495
CC1=C(C=CCO1)C2CO2,1.0007318
C=CCC1CCC1C2CC2,0.5808692
C=COC1CCC1C2CC2,0.5768227
C=CCC1NCC1C2CC2,0.4415201
C=CCC1OCC1C2CC2,0.54836583
C=CCC1CNC1C2CC2,0.38372386
C=COC1CNC1C2CC2,0.6034559
C=CCC1COC1C2CC2,0.40513816
C=COC1COC1C2CC2,0.69446766
C=CCN1CCC1C2CC2,0.4974611
C=CCC1CCN1C2CC2,0.42910996
C=CCC1CCC1C2CN2,0.51097333
C=COC1CCC1C2CN2,0.606843
C=CCC1NCC1C2CN2,0.5777693
C=CCC1OCC1C2CN2,0.5088641
C=CCC1CNC1C2CN2,0.58440566
C=COC1CNC1C2CN2,0.56820685
C=CCC1COC1C2CN2,0.5412624
C=COC1COC1C2CN2,0.6005162
C=CCN1CCC1C2CN2,0.66514313
C=CCC1CCC1C2CO2,0.6318894
C=COC1CCC1C2CO2,0.7008554
C=CCC1NCC1C2CO2,0.5722701
C=CCC1OCC1C2CO2,0.7761587
C=CCC1CNC1C2CO2,0.57743025
C=COC1CNC1C2CO2,0.6487916
C=CCC1COC1C2CO2,0.7250141
C=COC1COC1C2CO2,0.64147556
C=CCN1CCC1C2CO2,0.5969811
C=CCC1CCC1N2CC2,0.50183535
C=COC1CCC1N2CC2,0.6119093
C=CCC1NCC1N2CC2,0.5520402
C=CCC1OCC1N2CC2,0.574383
CC=CC1CCC1C2CC2,0.50823224
CC=CC1NCC1C2CC2,0.32786754
CC=CC1OCC1C2CC2,0.5158795
CC=CC1CNC1C2CC2,0.34143052
CC=CC1COC1C2CC2,0.46419835
CC=CC1CCN1C2CC2,0.39127108
CC=CC1CCC1C2CN2,0.5226193
CC=CC1NCC1C2CN2,0.5446706
CC=CC1OCC1C2CN2,0.5236438
CC=CC1CNC1C2CN2,0.6091785
CC=CC1COC1C2CN2,0.6019658
CC=CC1CCC1C2CO2,0.61727655
CC=CC1NCC1C2CO2,0.59563917
CC=CC1OCC1C2CO2,0.7742231
CC=CC1CNC1C2CO2,0.60007787
CC=CC1COC1C2CO2,0.6662125
CC=CC1CCC1N2CC2,0.38089332
CC=CC1NCC1N2CC2,0.48934665
CC=CC1OCC1N2CC2,0.48154974
C=CCCC1CC1C2CC2,0.600625
C=COCC1CC1C2CC2,0.6057155
C=CCNC1CC1C2CC2,0.46808583
C=CCOC1CC1C2CC2,0.60663265
C=CCCC1CC1C2CN2,0.47965345
C=COCC1CC1C2CN2,0.48438695
C=CCNC1CC1C2CN2,0.5893169
C=CCOC1CC1C2CN2,0.5246387
C=CCCC1CC1C2CO2,0.64443076
C=COCC1CC1C2CO2,0.59542125
C=CCNC1CC1C2CO2,0.57154995
C=CCOC1CC1C2CO2,0.57531005
C=CCCC1NC1C2CC2,0.43229568
C=COCC1NC1C2CC2,0.52789086
C=CCCC1NC1C2CN2,0.5516936
C=COCC1NC1C2CN2,0.5267554
C=CCCC1NC1C2CO2,0.64251244
C=COCC1NC1C2CO2,0.76780325
C=CCCC1OC1C2CC2,0.5838718
C=COCC1OC1C2CC2,0.85687816
C=CCCC1OC1C2CN2,0.6796611
C=COCC1OC1C2CN2,0.7864185
C=CCCC1OC1C2CO2,0.76002604
C=COCC1OC1C2CO2,0.72569746
C=CCCN1CC1C2CC2,0.30695906
C=CCCN1CC1C2CN2,0.5287926
C=CCCN1CC1C2CO2,0.5641983
C=CCCC1CC1N2CC2,0.35878453
C=COCC1CC1N2CC2,0.5258743
C=CCNC1CC1N2CC2,0.5994414
C=CCOC1CC1N2CC2,0.67760736
C=CCCC1CN1C2CC2,0.49628416
C=COCC1CN1C2CC2,0.4162333
CC=CCC1CC1C2CC2,0.46217516
CC=COC1CC1C2CC2,0.5246117
CC=CCC1CC1C2CN2,0.48150235
CC=COC1CC1C2CN2,0.5111388
CC=CCC1CC1C2CO2,0.5810272
CC=COC1CC1C2CO2,0.5396698
CC=CCC1NC1C2CC2,0.4663042
CC=CCC1NC1C2CN2,0.64908963
CC=CCC1NC1C2CO2,0.751045
CC=CCC1OC1C2CC2,0.59872437
CC=CCC1OC1C2CN2,0.7054291
CC=CCC1OC1C2CO2,0.8892063
CC=CCN1CC1C2CC2,0.2901427
CC=CCN1CC1C2CN2,0.48795938
CC=CCN1CC1C2CO2,0.562068
CC=CCC1CC1N2CC2,0.43517825
CC=COC1CC1N2CC2,0.60392237
CC=CCC1CN1C2CC2,0.4749179
CCC=CC1CC1C2CC2,0.6058518
NCC=CC1CC1C2CC2,0.47730085
OCC=CC1CC1C2CC2,0.5811864
COC=CC1CC1C2CC2,0.4090585
CCC=CC1CC1C2CN2,0.5422152
NCC=CC1CC1C2CN2,0.59702003
OCC=CC1CC1C2CN2,0.6302961
COC=CC1CC1C2CN2,0.43731987
CCC=CC1CC1C2CO2,0.5930683
NCC=CC1CC1C2CO2,0.7147675
OCC=CC1CC1C2CO2,0.8788925
COC=CC1CC1C2CO2,0.5808006
CCC=CC1NC1C2CC2,0.5083241
NCC=CC1NC1C2CC2,0.4793713
OCC=CC1NC1C2CC2,0.62334955
COC=CC1NC1C2CC2,0.5171033
CCC=CC1NC1C2CN2,0.6976351
NCC=CC1NC1C2CN2,0.6708107
OCC=CC1NC1C2CN2,0.69099104
COC=CC1NC1C2CN2,0.6083095
CCC=CC1NC1C2CO2,0.7604155
NCC=CC1NC1C2CO2,0.75784695
OCC=CC1NC1C2CO2,1.0038987
COC=CC1NC1C2CO2,0.7149547
CCC=CC1OC1C2CC2,0.8102256
NCC=CC1OC1C2CC2,0.8660973
OCC=CC1OC1C2CC2,0.9763235
COC=CC1OC1C2CC2,0.8135404
CCC=CC1OC1C2CN2,0.9717984
NCC=CC1OC1C2CN2,0.99658966
OCC=CC1OC1C2CN2,1.0181324
COC=CC1OC1C2CN2,0.81043494
CCC=CC1OC1C2CO2,1.0931304
NCC=CC1OC1C2CO2,1.1119744
OCC=CC1OC1C2CO2,1.0219824
COC=CC1OC1C2CO2,0.92437613
CCC=CC1CC1N2CC2,0.40643883
NCC=CC1CC1N2CC2,0.4976962
OCC=CC1CC1N2CC2,0.7126497
COC=CC1CC1N2CC2,0.59727764
CCC=CC1CN1C2CC2,0.5359696
NCC=CC1CN1C2CC2,0.52486706
OCC=CC1CN1C2CC2,0.4892142
COC=CC1CN1C2CC2,0.42192313
C=CC=CC1CC1C2CC2,0.7683244
O=CC=CC1CC1C2CC2,0.69073725
N#CC=CC1CC1C2CC2,1.2732137
C=CC=CC1CC1C2CN2,0.8310923
O=CC=CC1CC1C2CN2,0.6904719
N#CC=CC1CC1C2CN2,0.9575476
C=CC=CC1CC1C2CO2,1.035209
O=CC=CC1CC1C2CO2,1.2080399
N#CC=CC1CC1C2CO2,1.4567441
C=CC=CC1NC1C2CC2,0.7502116
O=CC=CC1NC1C2CC2,0.8660095
N#CC=CC1NC1C2CC2,1.1181095
C=CC=CC1NC1C2CN2,0.828119
O=CC=CC1NC1C2CN2,0.7442294
N#CC=CC1NC1C2CN2,1.2179719
C=CC=CC1NC1C2CO2,1.0748339
O=CC=CC1NC1C2CO2,1.1077964
N#CC=CC1NC1C2CO2,1.4903879
C=CC=CC1OC1C2CC2,0.9881743
O=CC=CC1OC1C2CC2,1.1772873
N#CC=CC1OC1C2CC2,1.5259317
C=CC=CC1OC1C2CN2,1.1721957
O=CC=CC1OC1C2CN2,1.400473
N#CC=CC1OC1C2CN2,1.7379557
C=CC=CC1OC1C2CO2,1.1609873
O=CC=CC1OC1C2CO2,1.7179761
N#CC=CC1OC1C2CO2,1.8143618
O=CC=CN1CC1C2CC2,0.70288646
N#CC=CN1CC1C2CC2,0.83796775
C=CC=NN1CC1C2CC2,0.6445635
O=CC=CN1CC1C2CN2,0.34882537
N#CC=CN1CC1C2CN2,0.8017875
C=CC=NN1CC1C2CN2,0.77246034
O=CC=CN1CC1C2CO2,0.7018602
N#CC=CN1CC1C2CO2,1.1457897
C=CC=NN1CC1C2CO2,1.0413917
C=CC=CC1CC1N2CC2,0.75982046
O=CC=CC1CC1N2CC2,1.0040216
N#CC=CC1CC1N2CC2,1.2812907
C=CC=CC1CN1C2CC2,0.6302277
O=CC=CC1CN1C2CC2,0.8680457
N#CC=CC1CN1C2CC2,1.2939807
C#CC=CC1CC1C2CC2,1.0604806
C#CC=CC1CC1C2CN2,0.8139941
C#CC=CC1CC1C2CO2,1.1406292
C#CC=CC1NC1C2CC2,0.88320726
C#CC=CC1NC1C2CN2,0.9784315
C#CC=CC1NC1C2CO2,1.1565576
C#CC=CC1OC1C2CC2,1.2530689
C#CC=CC1OC1C2CN2,1.2732201
C#CC=CC1OC1C2CO2,1.7299961
C#CC=CC1CC1N2CC2,1.0472244
C#CC=CC1CN1C2CC2,1.0217758
C=CC#CC1CC1C2CC2,1.0948194
C=CC#CC1CC1C2CN2,0.99753547
C=CC#CC1CC1C2CO2,1.3219002
C=CC#CC1NC1C2CC2,0.90045273
C=CC#CC1NC1C2CN2,0.9246824
C=CC#CC1NC1C2CO2,1.2540205
C=CC#CC1OC1C2CC2,1.2353405
C=CC#CC1OC1C2CN2,1.494101
C=CC#CC1OC1C2CO2,1.7837867
C=CC#CC1CC1N2CC2,1.1443459
C=CC#CC1CN1C2CC2,1.0426353
C=CC1CCCC1C2CC2,0.62970567
C=CC1CNCC1C2CC2,0.393092
C=CC1COCC1C2CC2,0.67689335
C=CC1NCCC1C2CC2,0.41749707
C=CC1OCCC1C2CC2,0.63991874
C=CC1CCNC1C2CC2,0.36645663
C=CC1CCOC1C2CC2,0.38973093
C=CC1OCOC1C2CC2,0.56006867
C=CC1CCCN1C2CC2,0.40738973
C=CC1CCCC1C2CN2,0.49474433
C=CC1CNCC1C2CN2,0.52961135
C=CC1COCC1C2CN2,0.54149103
C=CC1NCCC1C2CN2,0.5485272
C=CC1OCCC1C2CN2,0.64556605
C=CC1CCNC1C2CN2,0.51540774
C=CC1CCOC1C2CN2,0.5809619
C=CC1OCOC1C2CN2,0.47649774
C=CC1CCCC1C2CO2,0.5951289
C=CC1CNCC1C2CO2,0.5340699
C=CC1COCC1C2CO2,0.64276403
C=CC1NCCC1C2CO2,0.5970209
C=CC1OCCC1C2CO2,0.7427904
C=CC1CCNC1C2CO2,0.55749565
C=CC1CCOC1C2CO2,0.70104706
C=CC1OCOC1C2CO2,0.58200336
C=CC1CCCC1N2CC2,0.46595165
C=CC1CNCC1N2CC2,0.57905823
C=CC1COCC1N2CC2,0.6025568
C=CC1NCCC1N2CC2,0.59048265
C=CC1OCCC1N2CC2,0.7868916
CC=C1CCCC1C2CC2,0.5671311
CC=C1CNCC1C2CC2,0.3387723
CC=C1COCC1C2CC2,0.510995
CC=C1OCCC1C2CC2,0.48323306
CC=C1CCNC1C2CC2,0.36497724
CC=C1CCOC1C2CC2,0.3575526
CC=C1OCOC1C2CC2,0.46258387
CC=C1CCCC1C2CN2,0.49480617
CC=C1CNCC1C2CN2,0.52008384
CC=C1COCC1C2CN2,0.5139396
CC=C1OCCC1C2CN2,0.5323039
CC=C1CCNC1C2CN2,0.50092643
CC=C1CCOC1C2CN2,0.5864929
CC=C1OCOC1C2CN2,0.44333282
CC=C1CCCC1C2CO2,0.62435526
CC=C1CNCC1C2CO2,0.55499756
CC=C1COCC1C2CO2,0.64814067
CC=C1OCCC1C2CO2,0.62344897
CC=C1CCNC1C2CO2,0.54365176
CC=C1CCOC1C2CO2,0.64653367
CC=C1OCOC1C2CO2,0.5264938
CC=C1CCCC1N2CC2,0.4275825
CC=C1CNCC1N2CC2,0.49057648
CC=C1COCC1N2CC2,0.5825103
CC=C1OCCC1N2CC2,0.66282773
CCC1C=CCC1C2CC2,0.612466
NCC1C=CCC1C2CC2,0.54692096
OCC1C=CCC1C2CC2,0.8326101
CNC1C=CCC1C2CC2,0.48639175
COC1C=CCC1C2CC2,0.86432374
CCC1C=COC1C2CC2,0.3631351
NCC1C=COC1C2CC2,0.4924328
OCC1C=COC1C2CC2,0.6445307
CNC1C=COC1C2CC2,0.46418732
COC1C=COC1C2CC2,0.6151081
CCC1C=CCN1C2CC2,0.5032502
NCC1C=CCN1C2CC2,0.40310937
OCC1C=CCN1C2CC2,0.6027166
CCC1C=CCC1C2CN2,0.5883687
NCC1C=CCC1C2CN2,0.68826103
OCC1C=CCC1C2CN2,0.72875255
CNC1C=CCC1C2CN2,0.6313989
COC1C=CCC1C2CN2,0.7327558
CCC1C=COC1C2CN2,0.49681726
NCC1C=COC1C2CN2,0.41893333
OCC1C=COC1C2CN2,0.6260095
CNC1C=COC1C2CN2,0.30863634
COC1C=COC1C2CN2,0.53552294
CCC1C=CCC1C2CO2,0.5714414
NCC1C=CCC1C2CO2,0.6007864
OCC1C=CCC1C2CO2,0.85609823
CNC1C=CCC1C2CO2,0.53363794
COC1C=CCC1C2CO2,0.7664195
CCC1C=COC1C2CO2,0.63327473
NCC1C=COC1C2CO2,0.61006784
OCC1C=COC1C2CO2,0.6671823
CNC1C=COC1C2CO2,0.39291656
COC1C=COC1C2CO2,0.41571432
CCC1C=CCC1N2CC2,0.62001765
NCC1C=CCC1N2CC2,0.56989294
OCC1C=CCC1N2CC2,0.78730756
CNC1C=CCC1N2CC2,0.55575037
COC1C=CCC1N2CC2,0.88983935
C=CC1C=CCC1C2CC2,0.9164139
O=CC1C=CCC1C2CC2,0.9810472
N#CC1C=CCC1C2CC2,1.623627
C=CC1C=NNC1C2CC2,0.8186829
C=CC1N=CNC1C2CC2,0.8645004
C=CC1C=COC1C2CC2,0.63257116
O=CC1C=COC1C2CC2,0.99503696
N#CC1C=COC1C2CC2,1.4402403
C=CC1C=NOC1C2CC2,1.2379402
N=CN1C=CCC1C2CC2,0.53498757
O=CN1C=CCC1C2CC2,0.97862464
C=CN1C=NCC1C2CC2,0.6735227
C=CC1C=CCN1C2CC2,0.6683474
O=CC1C=CCN1C2CC2,0.9556695
N#CC1C=CCN1C2CC2,1.3106438
N=CN1C=CCN1C2CC2,0.8281113
O=CN1C=CCN1C2CC2,0.9624155
C=CC1C=CCC1C2CN2,0.93717027
O=CC1C=CCC1C2CN2,0.88769704
N#CC1C=CCC1C2CN2,1.2364525
C=CC1C=NNC1C2CN2,0.82516277
C=CC1N=CNC1C2CN2,0.98358554
C=CC1C=COC1C2CN2,0.6705677
O=CC1C=COC1C2CN2,0.98997355
N#CC1C=COC1C2CN2,1.4320533
C=CC1C=NOC1C2CN2,1.0725354
N=CN1C=CCC1C2CN2,0.563025
O=CN1C=CCC1C2CN2,0.7299527
C=CN1C=NCC1C2CN2,0.637331
C=CC1C=CCC1C2CO2,0.96466774
O=CC1C=CCC1C2CO2,1.1548002
N#CC1C=CCC1C2CO2,1.5009073
C=CC1C=NNC1C2CO2,0.6858859
C=CC1N=CNC1C2CO2,0.8570543
C=CC1C=COC1C2CO2,0.70065737
O=CC1C=COC1C2CO2,1.1194378
N#CC1C=COC1C2CO2,1.3826116
C=CC1C=NOC1C2CO2,1.2581336
N=CN1C=CCC1C2CO2,0.7656366
O=CN1C=CCC1C2CO2,0.791747
C=CN1C=NCC1C2CO2,0.8255951
C=CC1C=CCC1N2CC2,0.8805506
O=CC1C=CCC1N2CC2,1.3159553
N#CC1C=CCC1N2CC2,1.6215581
C#CC1C=CCC1C2CC2,1.0492394
C#CC1C=COC1C2CC2,0.9676441
C#CC1C=CCN1C2CC2,1.0034419
C#CC1C=CCC1C2CN2,1.0065297
C#CC1C=COC1C2CN2,0.96488917
C#CC1C=CCC1C2CO2,1.2602512
C#CC1C=COC1C2CO2,1.1415857
C#CC1C=CCC1N2CC2,1.372918
CC=C1C=CCC1C2CC2,0.9509486
NN=C1C=CCC1C2CC2,1.264705
ON=C1C=CCC1C2CC2,1.5825566
NN=C1C=CNC1C2CC2,1.0542732
ON=C1C=CNC1C2CC2,1.0735214
CC=C1C=NNC1C2CC2,0.85901725
NC=C1C=NNC1C2CC2,0.90798473
CC=C1C=COC1C2CC2,0.6840562
NN=C1C=COC1C2CC2,0.99576616
ON=C1C=COC1C2CC2,1.1611145
CC=C1C=NOC1C2CC2,1.1461746
NC=C1C=NOC1C2CC2,1.1782302
CN=C1C=CCN1C2CC2,0.80863786
NN=C1C=CCN1C2CC2,1.0116055
ON=C1C=CCN1C2CC2,1.2021972
CC=C1C=CCC1C2CN2,1.0005728
NN=C1C=CCC1C2CN2,1.2545208
ON=C1C=CCC1C2CN2,1.2421296
NN=C1C=CNC1C2CN2,0.8173008
ON=C1C=CNC1C2CN2,0.98779154
CC=C1C=NNC1C2CN2,0.86594015
NC=C1C=NNC1C2CN2,0.77954954
CC=C1C=COC1C2CN2,0.79627097
NN=C1C=COC1C2CN2,1.0365552
ON=C1C=COC1C2CN2,1.2724494
CC=C1C=NOC1C2CN2,1.0614696
NC=C1C=NOC1C2CN2,1.2427942
CC=C1C=CCC1C2CO2,0.9839471
NN=C1C=CCC1C2CO2,1.4156169
ON=C1C=CCC1C2CO2,1.3767537
NN=C1C=CNC1C2CO2,0.8031669
ON=C1C=CNC1C2CO2,1.0585897
CC=C1C=NNC1C2CO2,0.770437
NC=C1C=NNC1C2CO2,0.8628019
CC=C1C=COC1C2CO2,0.89263225
NN=C1C=COC1C2CO2,1.1825366
ON=C1C=COC1C2CO2,1.2140733
CC=C1C=NOC1C2CO2,1.4512554
NC=C1C=NOC1C2CO2,1.6263388
CC=C1C=CCC1N2CC2,0.92205954
NN=C1C=CCC1N2CC2,1.4360954
ON=C1C=CCC1N2CC2,1.5792986
CN=C1C=CCN1N2CC2,1.0176666
NN=C1C=CCN1N2CC2,1.232872
ON=C1C=CCN1N2CC2,1.3071225
CCC1CC=CC1C2CC2,0.69470954
NCC1CC=CC1C2CC2,0.5874398
OCC1CC=CC1C2CC2,0.7861019
CNC1CC=CC1C2CC2,0.5703645
COC1CC=CC1C2CC2,0.7485662
CCC1OC=CC1C2CC2,0.6596566
NCC1OC=CC1C2CC2,0.705524
OCC1OC=CC1C2CC2,0.8378498
COC1OC=CC1C2CC2,0.69967365
CCN1CC=CC1C2CC2,0.4134544
CCC1CC=CC1C2CN2,0.61427456
NCC1CC=CC1C2CN2,0.7117932
OCC1CC=CC1C2CN2,0.6925739
CNC1CC=CC1C2CN2,0.71449804
COC1CC=CC1C2CN2,0.691898
CCC1OC=CC1C2CN2,0.6449104
NCC1OC=CC1C2CN2,0.69104725
OCC1OC=CC1C2CN2,0.68701994
COC1OC=CC1C2CN2,0.44228092
CCN1CC=CC1C2CN2,0.62844867
CCC1CC=CC1C2CO2,0.7299935
NCC1CC=CC1C2CO2,0.7424369
OCC1CC=CC1C2CO2,0.9075283
CNC1CC=CC1C2CO2,0.69734234
COC1CC=CC1C2CO2,0.8425956
CCC1OC=CC1C2CO2,0.743431
NCC1OC=CC1C2CO2,0.8111594
OCC1OC=CC1C2CO2,0.80645335
COC1OC=CC1C2CO2,0.47446212
CCN1CC=CC1C2CO2,0.587421
CCC1CC=CC1N2CC2,0.7530039
NCC1CC=CC1N2CC2,0.6277711
OCC1CC=CC1N2CC2,0.8106142
CNC1CC=CC1N2CC2,0.65377146
COC1CC=CC1N2CC2,0.8261508
CCC1OC=CC1N2CC2,0.67064846
NCC1OC=CC1N2CC2,0.8331206
OCC1OC=CC1N2CC2,1.1002691
COC1OC=CC1N2CC2,0.87088466
C=CC1CC=CC1C2CC2,0.79328316
O=CC1CC=CC1C2CC2,0.807921
N#CC1CC=CC1C2CC2,1.4196526
C=CC1NN=CC1C2CC2,0.74219006
C=CC1OC=CC1C2CC2,0.8626858
O=CC1OC=CC1C2CC2,1.1450981
N#CC1OC=CC1C2CC2,1.4919697
C=CC1ON=CC1C2CC2,1.2583108
N=CN1CC=CC1C2CC2,0.6472167
O=CN1CC=CC1C2CC2,0.891813
C=NN1CC=CC1C2CC2,0.81069803
C=CC1CN=CN1C2CC2,0.7078747
C=CC1CC=NN1C2CC2,0.7869775
C=CC1CC=CC1C2CN2,0.7685015
O=CC1CC=CC1C2CN2,0.88146275
N#CC1CC=CC1C2CN2,1.0363337
C=CC1NN=CC1C2CN2,0.77425826
C=CC1OC=CC1C2CN2,0.81178725
O=CC1OC=CC1C2CN2,0.9613317
N#CC1OC=CC1C2CN2,1.1403418
C=CC1ON=CC1C2CN2,1.065977
N=CN1CC=CC1C2CN2,0.6701403
O=CN1CC=CC1C2CN2,0.41334715
C=NN1CC=CC1C2CN2,0.88117814
C=CC1CC=CC1C2CO2,0.9858187
O=CC1CC=CC1C2CO2,1.0174831
N#CC1CC=CC1C2CO2,1.4579424
C=CC1NN=CC1C2CO2,0.8102774
C=CC1OC=CC1C2CO2,0.78455895
O=CC1OC=CC1C2CO2,1.2497363
N#CC1OC=CC1C2CO2,1.3990477
C=CC1ON=CC1C2CO2,1.2675117
N=CN1CC=CC1C2CO2,0.7311904
O=CN1CC=CC1C2CO2,0.719296
C=NN1CC=CC1C2CO2,0.86530036
C=CC1CC=CC1N2CC2,0.7969222
O=CC1CC=CC1N2CC2,1.1611639
N#CC1CC=CC1N2CC2,1.3752238
C=CC1NN=CC1N2CC2,1.1004866
C=CC1OC=CC1N2CC2,1.1042643
O=CC1OC=CC1N2CC2,1.2387339
N#CC1OC=CC1N2CC2,1.6845787
C=CC1ON=CC1N2CC2,1.4520632
C=CC1CN=CN1N2CC2,1.0413309
C#CC1CC=CC1C2CC2,0.956456
C#CC1OC=CC1C2CC2,1.2666963
C#CC1CC=CC1C2CN2,0.95878744
C#CC1OC=CC1C2CN2,1.129186
C#CC1CC=CC1C2CO2,1.118012
C#CC1OC=CC1C2CO2,1.3117396
C#CC1CC=CC1N2CC2,1.1150022
C#CC1OC=CC1N2CC2,1.2737799
CC=C1CC=CC1C2CC2,0.8228821
NN=C1CC=CC1C2CC2,1.1199567
ON=C1CC=CC1C2CC2,1.3777461
CN=C1NC=CC1C2CC2,0.78350747
NN=C1NC=CC1C2CC2,0.987549
ON=C1NC=CC1C2CC2,1.239289
CC=C1OC=CC1C2CC2,0.81133556
NN=C1OC=CC1C2CC2,1.1493026
ON=C1OC=CC1C2CC2,1.2778891
CC=C1N=CNC1C2CC2,0.7311142
CN=C1CC=CN1C2CC2,0.63502824
NN=C1CC=CN1C2CC2,0.80135036
ON=C1CC=CN1C2CC2,0.9352504
CC=C1CN=CN1C2CC2,0.67356026
CC=C1CC=CC1C2CN2,0.9050764
NN=C1CC=CC1C2CN2,1.1887691
ON=C1CC=CC1C2CN2,0.91259104
CN=C1NC=CC1C2CN2,0.7289292
NNC1=NC=CC1C2CN2,0.83236885
ON=C1NC=CC1C2CN2,1.1365101
CC=C1OC=CC1C2CN2,0.64311945
NN=C1OC=CC1C2CN2,1.0625689
ON=C1OC=CC1C2CN2,0.95131063
CC=C1N=CNC1C2CN2,0.88143164
CC=C1CC=CC1C2CO2,1.0422537
NN=C1CC=CC1C2CO2,1.2052646
ON=C1CC=CC1C2CO2,1.2364186
CN=C1NC=CC1C2CO2,0.6741219
NNC1=NC=CC1C2CO2,1.1020637
ON=C1NC=CC1C2CO2,1.4140182
CC=C1OC=CC1C2CO2,0.86405015
NN=C1OC=CC1C2CO2,1.3621119
ON=C1OC=CC1C2CO2,1.2165716
CC=C1N=CNC1C2CO2,0.73894006
CC=C1CC=CC1N2CC2,0.9172348
NN=C1CC=CC1N2CC2,1.3423378
ON=C1CC=CC1N2CC2,1.3357995
CN=C1NC=CC1N2CC2,0.9206713
NN=C1NC=CC1N2CC2,1.0787059
ON=C1NC=CC1N2CC2,1.2962793
CC=C1OC=CC1N2CC2,0.9233298
NN=C1OC=CC1N2CC2,1.2399608
ON=C1OC=CC1N2CC2,1.5213884
CN=C1CC=CN1N2CC2,0.8052852
NN=C1CC=CN1N2CC2,1.103954
ON=C1CC=CN1N2CC2,1.0550731
CC=C1CN=CN1N2CC2,0.97263795
CCC1=CCCC1C2CC2,0.55908895
NCC1=CCCC1C2CC2,0.6320497
OCC1=CCCC1C2CC2,0.7265125
COC1=CCCC1C2CC2,0.5616149
CCC1=COCC1C2CC2,0.4311173
NCC1=COCC1C2CC2,0.44542187
OCC1=COCC1C2CC2,0.5716101
COC1=COCC1C2CC2,0.4660246
CCC1=CCNC1C2CC2,0.42081758
NCC1=CCNC1C2CC2,0.46079442
OCC1=CCNC1C2CC2,0.6644928
COC1=CCNC1C2CC2,0.4895583
CCC1=CCOC1C2CC2,0.46999928
NCC1=CCOC1C2CC2,0.5993353
OCC1=CCOC1C2CC2,0.78288865
COC1=CCOC1C2CC2,0.54130423
CCC1=CCCC1C2CN2,0.5231127
NCC1=CCCC1C2CN2,0.6754315
OCC1=CCCC1C2CN2,0.7611973
COC1=CCCC1C2CN2,0.5859727
CCC1=COCC1C2CN2,0.43830362
NCC1=COCC1C2CN2,0.4220321
OCC1=COCC1C2CN2,0.61932343
COC1=COCC1C2CN2,0.47383296
CCC1=CCNC1C2CN2,0.608598
NCC1=CCNC1C2CN2,0.54198456
OCC1=CCNC1C2CN2,0.6767366
COC1=CCNC1C2CN2,0.5452205
CCC1=CCOC1C2CN2,0.6664026
NCC1=CCOC1C2CN2,0.567558
OCC1=CCOC1C2CN2,0.82646656
COC1=CCOC1C2CN2,0.43048266
CCC1=CCCC1C2CO2,0.6137284
NCC1=CCCC1C2CO2,0.64482754
OCC1=CCCC1C2CO2,0.84066117
COC1=CCCC1C2CO2,0.6223604
CCC1=COCC1C2CO2,0.5258302
NCC1=COCC1C2CO2,0.35352167
OCC1=COCC1C2CO2,0.64354956
COC1=COCC1C2CO2,0.52207386
CCC1=CCNC1C2CO2,0.5326479
NCC1=CCNC1C2CO2,0.34659588
OCC1=CCNC1C2CO2,0.6027646
COC1=CCNC1C2CO2,0.39420077
CCC1=CCOC1C2CO2,0.734187
NCC1=CCOC1C2CO2,0.54779685
OCC1=CCOC1C2CO2,0.87273717
COC1=CCOC1C2CO2,0.5446328
CCC1=CCCC1N2CC2,0.52856433
NCC1=CCCC1N2CC2,0.56860965
OCC1=CCCC1N2CC2,0.6936807
COC1=CCCC1N2CC2,0.59699434
CCC1=COCC1N2CC2,0.5007236
NCC1=COCC1N2CC2,0.48934034
OCC1=COCC1N2CC2,0.85520697
COC1=COCC1N2CC2,0.6562171
C=CC1=CCCC1C2CC2,0.9117573
O=CC1=CCCC1C2CC2,1.0679158
N#CC1=CCCC1C2CC2,1.4239593
O=CC1=CNCC1C2CC2,1.0093385
N#CC1=CNCC1C2CC2,1.1467568
C=CC1=COCC1C2CC2,0.6925553
O=CC1=COCC1C2CC2,1.0358382
N#CC1=COCC1C2CC2,0.91606534
C=CC1=NNCC1C2CC2,0.9949391
C=CC1=NOCC1C2CC2,1.3182014
C=CC1=CCNC1C2CC2,0.79406667
O=CC1=CCNC1C2CC2,1.1554726
N#CC1=CCNC1C2CC2,1.3376007
C=CC1=CCOC1C2CC2,0.85474885
O=CC1=CCOC1C2CC2,1.3402689
N#CC1=CCOC1C2CC2,1.5069516
C=CC1=NCCN1C2CC2,0.9366558
C=CC1=CCCC1C2CN2,0.95824933
O=CC1=CCCC1C2CN2,1.0119171
N#CC1=CCCC1C2CN2,1.1857833
O=CC1=CNCC1C2CN2,0.6852791
N#CC1=CNCC1C2CN2,0.91711855
C=CC1=COCC1C2CN2,0.78205377
O=CC1=COCC1C2CN2,0.9265015
N#CC1=COCC1C2CN2,0.9238881
C=CC1=NNCC1C2CN2,1.0730844
C=CC1=NOCC1C2CN2,1.2331655
C=CC1=CCNC1C2CN2,0.90306556
O=CC1=CCNC1C2CN2,0.96058255
N#CC1=CCNC1C2CN2,1.2810587
C=CC1=CCOC1C2CN2,0.9557538
O=CC1=CCOC1C2CN2,1.3799564
N#CC1=CCOC1C2CN2,1.5808812
C=CC1=CCCC1C2CO2,0.9696609
O=CC1=CCCC1C2CO2,1.3800957
N#CC1=CCCC1C2CO2,1.3458487
O=CC1=CNCC1C2CO2,0.7653773
N#CC1=CNCC1C2CO2,1.0963479
C=CC1=COCC1C2CO2,0.8245445
O=CC1=COCC1C2CO2,0.99757534
N#CC1=COCC1C2CO2,1.0374366
C=CC1=NNCC1C2CO2,1.1454473
C=CC1=NOCC1C2CO2,1.255573
C=CC1=CCNC1C2CO2,0.7981828
O=CC1=CCNC1C2CO2,1.0577233
N#CC1=CCNC1C2CO2,1.374495
C=CC1=CCOC1C2CO2,0.9847545
O=CC1=CCOC1C2CO2,1.4847244
N#CC1=CCOC1C2CO2,1.5864322
C=CC1=CCCC1N2CC2,0.8377369
O=CC1=CCCC1N2CC2,1.2735264
N#CC1=CCCC1N2CC2,1.4565219
O=CC1=CNCC1N2CC2,1.0327443
N#CC1=CNCC1N2CC2,1.1088179
C=CC1=COCC1N2CC2,0.9075057
O=CC1=COCC1N2CC2,1.2519858
N#CC1=COCC1N2CC2,1.3471444
C=CC1=NNCC1N2CC2,1.2487062
C=CC1=NOCC1N2CC2,1.4289795
C=CC1=NCCN1N2CC2,1.2278724
C#CC1=CCCC1C2CC2,1.1376423
C#CC1=COCC1C2CC2,1.1768949
C#CC1=CCNC1C2CC2,1.2579273
C#CC1=CCOC1C2CC2,1.4052329
C#CC1=CCCC1C2CN2,1.0944707
C#CC1=COCC1C2CN2,1.0366615
C#CC1=CCNC1C2CN2,1.0997252
C#CC1=CCOC1C2CN2,1.4388243
C#CC1=CCCC1C2CO2,1.4763948
C#CC1=COCC1C2CO2,1.0921892
C#CC1=CCNC1C2CO2,1.1678094
C#CC1=CCOC1C2CO2,1.4922845
C#CC1=CCCC1N2CC2,1.341125
C#CC1=COCC1N2CC2,1.3402542
CCC1=CC=CC1C2CC2,0.9070914
NCC1=CC=CC1C2CC2,0.88117296
OCC1=CC=CC1C2CC2,1.001895
COC1=CC=CC1C2CC2,0.9502314
CCC1=CC=CC1C2CN2,1.0013181
NCC1=CC=CC1C2CN2,1.0790191
OCC1=CC=CC1C2CN2,1.0134015
COC1=CC=CC1C2CN2,0.9233358
CCC1=CC=CC1C2CO2,1.0087928
NCC1=CC=CC1C2CO2,0.9738213
OCC1=CC=CC1C2CO2,0.9517863
COC1=CC=CC1C2CO2,0.80557275
CCC1=CC=CC1N2CC2,0.8516751
NCC1=CC=CC1N2CC2,0.97063786
OCC1=CC=CC1N2CC2,1.1414338
COC1=CC=CC1N2CC2,0.9582403
C=CC1=CC=CC1C2CC2,1.0991057
O=CC1=CC=CC1C2CC2,1.5184884
N#CC1=CC=CC1C2CC2,1.7616686
C=CC1=NN=CC1C2CC2,1.5966271
C=Cc1cccn1C2CC2,0.7949524
C=Cc1cncn1C2CC2,0.9768458
C=Cc1nccn1C2CC2,1.0144644
C=Cc1nncn1C2CC2,1.1127982
C=Cc1ccnn1C2CC2,1.1747011
C=Cc1cnnn1C2CC2,1.1527286
C=Cc1ncnn1C2CC2,1.2264632
C=Cc1nnnn1C2CC2,1.4923607
C=CC1=CC=CC1C2CN2,1.1875291
O=CC1=CC=CC1C2CN2,1.4451638
N#CC1=CC=CC1C2CN2,1.4456898
C=CC1=NN=CC1C2CN2,1.5591756
C=CC1=CC=CC1C2CO2,1.1549895
O=CC1=CC=CC1C2CO2,1.5728428
N#CC1=CC=CC1C2CO2,1.8320676
C=CC1=NN=CC1C2CO2,1.9900831
C=CC1=CC=CC1N2CC2,1.2929597
O=CC1=CC=CC1N2CC2,1.5603317
N#CC1=CC=CC1N2CC2,1.9170104
C=CC1=NN=CC1N2CC2,1.720391
C=Cc1cccn1N2CC2,1.1439106
C=Cc1cncn1N2CC2,1.28487
C=Cc1nccn1N2CC2,1.3048116
C=Cc1nncn1N2CC2,1.7261167
C=Cc1ccnn1N2CC2,1.3228832
C=Cc1cnnn1N2CC2,1.6660291
C=Cc1ncnn1N2CC2,1.6599028
C#CC1=CC=CC1C2CC2,1.5233938
C#CC1=CC=CC1C2CN2,1.5277212
C#CC1=CC=CC1C2CO2,1.768397
C#CC1=CC=CC1N2CC2,1.6647233
CCC1CCC=C1C2CC2,0.7196836
NCC1CCC=C1C2CC2,0.57994866
OCC1CCC=C1C2CC2,0.6990518
CNC1CCC=C1C2CC2,0.5710716
COC1CCC=C1C2CC2,0.7525916
CCC1COC=C1C2CC2,0.57110786
NCC1COC=C1C2CC2,0.60501665
OCC1COC=C1C2CC2,0.66553116
CNC1COC=C1C2CC2,0.5154418
COC1COC=C1C2CC2,0.57751244
CCC1NCC=C1C2CC2,0.62808526
NCC1NCC=C1C2CC2,0.6353204
OCC1NCC=C1C2CC2,0.67373127
CCC1OCC=C1C2CC2,0.81511486
NCC1OCC=C1C2CC2,0.80780333
OCC1OCC=C1C2CC2,0.9497042
COC1OCC=C1C2CC2,0.813365
CCC1CCC=C1C2CN2,0.58657455
NCC1CCC=C1C2CN2,0.6619417
OCC1CCC=C1C2CN2,0.5630897
CNC1CCC=C1C2CN2,0.6576767
COC1CCC=C1C2CN2,0.5588156
CCC1COC=C1C2CN2,0.44782332
NCC1COC=C1C2CN2,0.59998363
OCC1COC=C1C2CN2,0.6406347
CNC1COC=C1C2CN2,0.5677079
COC1COC=C1C2CN2,0.512601
CCC1NCC=C1C2CN2,0.7074743
NCC1NCC=C1C2CN2,0.5055853
OCC1NCC=C1C2CN2,0.722143
CCC1OCC=C1C2CN2,0.6547532
NCC1OCC=C1C2CN2,0.7203717
OCC1OCC=C1C2CN2,0.7051005
COC1OCC=C1C2CN2,0.48468858
CCC1CCC=C1C2CO2,0.7624427
NCC1CCC=C1C2CO2,0.7280993
OCC1CCC=C1C2CO2,0.98779887
CNC1CCC=C1C2CO2,0.71959645
COC1CCC=C1C2CO2,0.8827544
CCC1COC=C1C2CO2,0.83848715
NCC1COC=C1C2CO2,0.7061853
OCC1COC=C1C2CO2,0.72554564
CNC1COC=C1C2CO2,0.5974218
COC1COC=C1C2CO2,0.6152228
CCC1NCC=C1C2CO2,0.7607182
NCC1NCC=C1C2CO2,0.82144994
OCC1NCC=C1C2CO2,0.8883243
CCC1OCC=C1C2CO2,0.9993199
NCC1OCC=C1C2CO2,0.93108284
OCC1OCC=C1C2CO2,0.93991554
COC1OCC=C1C2CO2,0.7939575
C=CC1CCC=C1C2CC2,0.7859667
O=CC1CCC=C1C2CC2,0.7324854
N#CC1CCC=C1C2CC2,1.0676532
C=CC1COC=C1C2CC2,0.7794788
O=CC1COC=C1C2CC2,0.9038992
N#CC1COC=C1C2CC2,1.0820441
C=CC1NCC=C1C2CC2,0.68166524
O=CC1NCC=C1C2CC2,0.7878131
N#CC1NCC=C1C2CC2,1.245855
C=CC1OCC=C1C2CC2,0.94820356
O=CC1OCC=C1C2CC2,1.1821352
N#CC1OCC=C1C2CC2,1.6754026
C=CC1CNN=C1C2CC2,0.8143161
C=CC1CON=C1C2CC2,1.1919818
N=CN1CCC=C1C2CC2,0.4451459
O=CN1CCC=C1C2CC2,0.75456315
N=CN1NCC=C1C2CC2,0.6523603
O=CN1NCC=C1C2CC2,0.8796708
N=CN1OCC=C1C2CC2,0.9901645
O=CN1OCC=C1C2CC2,1.2055179
C=CN1CCN=C1C2CC2,0.6470907
C=CC1CCC=C1C2CN2,0.7078155
O=CC1CCC=C1C2CN2,0.6172166
N#CC1CCC=C1C2CN2,0.78976333
C=CC1COC=C1C2CN2,0.7549452
O=CC1COC=C1C2CN2,0.649019
N#CC1COC=C1C2CN2,1.0939698
C=CC1NCC=C1C2CN2,0.72276264
O=CC1NCC=C1C2CN2,0.36972436
N#CC1NCC=C1C2CN2,1.1813118
C=CC1OCC=C1C2CN2,0.81188
O=CC1OCC=C1C2CN2,0.95866233
N#CC1OCC=C1C2CN2,1.5428394
C=CC1CNN=C1C2CN2,0.6789113
C=CC1CON=C1C2CN2,0.9990456
N=CN1CCC=C1C2CN2,0.2722321
O=CN1CCC=C1C2CN2,0.2776656
N=CN1NCC=C1C2CN2,0.21468145
O=CN1NCC=C1C2CN2,0.7508514
N=CN1OCC=C1C2CN2,0.75095
O=CN1OCC=C1C2CN2,1.113507
C=CN1CCN=C1C2CN2,0.5134433
C=CC1CCC=C1C2CO2,1.0389124
O=CC1CCC=C1C2CO2,0.8604849
N#CC1CCC=C1C2CO2,1.3458424
C=CC1COC=C1C2CO2,0.83894956
O=CC1COC=C1C2CO2,1.1401569
N#CC1COC=C1C2CO2,1.540856
C=CC1NCC=C1C2CO2,0.8609097
O=CC1NCC=C1C2CO2,0.83436215
N#CC1NCC=C1C2CO2,1.7378542
C=CC1OCC=C1C2CO2,1.005432
O=CC1OCC=C1C2CO2,1.5727147
N#CC1OCC=C1C2CO2,1.927512
C=CC1CNN=C1C2CO2,0.72023165
C=CC1CON=C1C2CO2,0.97549796
N=CN1CCC=C1C2CO2,0.49444553
O=CN1CCC=C1C2CO2,0.66663694
N=CN1NCC=C1C2CO2,0.6602665
O=CN1NCC=C1C2CO2,1.2519919
N=CN1OCC=C1C2CO2,1.3784662
O=CN1OCC=C1C2CO2,1.4940306
C=CN1CCN=C1C2CO2,0.66816443
C=CC1CCN=C1N2CC2,0.98771703
C=CC1CNN=C1N2CC2,1.0066342
C=CC1CON=C1N2CC2,1.0811235
C=CN1CCN=C1N2CC2,0.8421384
C#CC1CCC=C1C2CC2,0.76744866
C#CC1COC=C1C2CC2,0.97435004
C#CC1NCC=C1C2CC2,0.828071
C#CC1OCC=C1C2CC2,1.2797538
C#CC1CCC=C1C2CN2,0.7177376
C#CC1COC=C1C2CN2,0.7707912
C#CC1NCC=C1C2CN2,0.42166284
C#CC1OCC=C1C2CN2,1.048488
C#CC1CCC=C1C2CO2,0.95530045
C#CC1COC=C1C2CO2,1.2246453
C#CC1NCC=C1C2CO2,0.88446224
C#CC1OCC=C1C2CO2,1.6619056
CC=C1CCC=C1C2CC2,0.85091317
NN=C1CCC=C1C2CC2,0.9492017
ON=C1CCC=C1C2CC2,1.235451
NN=C1CNC=C1C2CC2,0.7741703
ON=C1CNC=C1C2CC2,1.0547534
CC=C1COC=C1C2CC2,0.64446944
NN=C1COC=C1C2CC2,1.0102941
ON=C1COC=C1C2CC2,1.0981318
CN=C1NCC=C1C2CC2,0.7702928
NN=C1NCC=C1C2CC2,0.95767015
ON=C1NCC=C1C2CC2,1.2213773
CC=C1OCC=C1C2CC2,0.7890737
NN=C1OCC=C1C2CC2,1.1720891
ON=C1OCC=C1C2CC2,1.5692617
CC=C1CNN=C1C2CC2,0.7947532
NC=C1CNN=C1C2CC2,0.8324091
CC=C1CON=C1C2CC2,1.1887852
NC=C1CON=C1C2CC2,1.2259679
CC=C1CCC=C1C2CN2,0.7742567
NN=C1CCC=C1C2CN2,0.72979355
ON=C1CCC=C1C2CN2,0.76784384
NN=C1CNC=C1C2CN2,0.53971773
ON=C1CNC=C1C2CN2,1.0023298
CC=C1COC=C1C2CN2,0.69084233
NN=C1COC=C1C2CN2,0.81907713
ON=C1COC=C1C2CN2,1.0709733
CN=C1NCC=C1C2CN2,0.55694735
NN=C1NCC=C1C2CN2,0.4886482
ON=C1NCC=C1C2CN2,1.206348
CC=C1OCC=C1C2CN2,0.5941977
NN=C1OCC=C1C2CN2,1.0037966
ON=C1OCC=C1C2CN2,1.3666111
CC=C1CNN=C1C2CN2,0.63156605
NC=C1CNN=C1C2CN2,0.4866223
CC=C1CON=C1C2CN2,0.9499526
NC=C1CON=C1C2CN2,1.0050386
CC=C1CCC=C1C2CO2,1.1926755
NN=C1CCC=C1C2CO2,1.0096565
ON=C1CCC=C1C2CO2,1.203201
NN=C1CNC=C1C2CO2,0.6259249
ON=C1CNC=C1C2CO2,1.2430437
CC=C1COC=C1C2CO2,0.8826766
NN=C1COC=C1C2CO2,1.2083452
ON=C1COC=C1C2CO2,1.3787841
CN=C1NCC=C1C2CO2,0.8065983
NN=C1NCC=C1C2CO2,0.83013463
ON=C1NCC=C1C2CO2,1.7113632
CC=C1OCC=C1C2CO2,0.8815955
NN=C1OCC=C1C2CO2,1.4794358
ON=C1OCC=C1C2CO2,1.7459302
CC=C1CNN=C1C2CO2,0.8150959
NC=C1CNN=C1C2CO2,0.6740784
CC=C1CON=C1C2CO2,1.0846993
NC=C1CON=C1C2CO2,1.4084624
CC=C1CCN=C1N2CC2,0.97310245
NC=C1CCN=C1N2CC2,1.0677173
CC=C1CNN=C1N2CC2,0.86423063
NC=C1CNN=C1N2CC2,0.9688406
CC=C1CON=C1N2CC2,1.1613752
NC=C1CON=C1N2CC2,1.208126
CCC1C=CC=C1C2CC2,0.99425715
NCC1C=CC=C1C2CC2,0.83738995
OCC1C=CC=C1C2CC2,1.2164859
CNC1C=CC=C1C2CC2,0.8236753
COC1C=CC=C1C2CC2,1.326793
CCC1C=CC=C1C2CN2,0.89658374
NCC1C=CC=C1C2CN2,0.9604041
OCC1C=CC=C1C2CN2,0.90925556
CNC1C=CC=C1C2CN2,0.9023306
COC1C=CC=C1C2CN2,1.0355873
CCC1C=CC=C1C2CO2,1.2632
NCC1C=CC=C1C2CO2,1.1260935
OCC1C=CC=C1C2CO2,1.2174199
CNC1C=CC=C1C2CO2,0.99157923
COC1C=CC=C1C2CO2,1.2650474
C=CC1C=CC=C1C2CC2,1.2678996
O=CC1C=CC=C1C2CC2,1.3393857
N#CC1C=CC=C1C2CC2,1.887062
C=CC1C=NN=C1C2CC2,1.5645877
C=Cn1cccc1C2CC2,0.7281052
C=Cn1cncc1C2CC2,1.0358462
C=Cn1nccc1C2CC2,1.1424305
C=Cn1nncc1C2CC2,1.2069248
C=Cn1ccnc1C2CC2,0.885388
C=Cn1cnnc1C2CC2,0.85951287
C=Cn1ncnc1C2CC2,1.1521561
C=Cn1nnnc1C2CC2,1.3273946
C=CC1C=CC=C1C2CN2,1.0189716
O=CC1C=CC=C1C2CN2,1.159426
N#CC1C=CC=C1C2CN2,1.6880895
C=CC1C=NN=C1C2CN2,1.4494708
C=Cn1cccc1C2CN2,0.34524208
C=Cn1cncc1C2CN2,0.8270302
C=Cn1nccc1C2CN2,1.0019323
C=Cn1nncc1C2CN2,1.060263
C=Cn1ccnc1C2CN2,0.73239017
C=Cn1cnnc1C2CN2,1.0104831
C=Cn1ncnc1C2CN2,1.3455604
C=Cn1nnnc1C2CN2,1.2343507
C=CC1C=CC=C1C2CO2,1.345625
O=CC1C=CC=C1C2CO2,1.6689035
N#CC1C=CC=C1C2CO2,2.0831857
C=CC1C=NN=C1C2CO2,1.703575
C=Cn1cccc1C2CO2,0.73384017
C=Cn1cncc1C2CO2,1.2310059
C=Cn1nccc1C2CO2,1.3458834
C=Cn1nncc1C2CO2,1.512875
C=Cn1ccnc1C2CO2,1.0939091
C=Cn1cnnc1C2CO2,1.5079029
C=Cn1ncnc1C2CO2,1.5857848
C=Cn1nnnc1C2CO2,1.7423676
C=CC1C=NN=C1N2CC2,1.6169713
C=CC1N=CN=C1N2CC2,1.6431422
C=Cn1cccc1N2CC2,0.85187584
C=Cn1cncc1N2CC2,1.0811336
C=Cn1nccc1N2CC2,1.13348
C=Cn1nncc1N2CC2,1.3763455
C=Cn1ccnc1N2CC2,1.0732356
C=Cn1cnnc1N2CC2,1.3325073
C=Cn1ncnc1N2CC2,1.497823
C=Cn1nnnc1N2CC2,1.358529
C#CC1C=CC=C1C2CC2,1.5294943
C#CC1C=CC=C1C2CN2,1.3227278
C#CC1C=CC=C1C2CO2,1.6646932
CC=C1C=CC=C1C2CC2,1.2144982
NN=C1C=CC=C1C2CC2,1.7244962
ON=C1C=CC=C1C2CC2,1.8463284
NN=C1C=NC=C1C2CC2,1.6431726
CN=C1N=CC=C1C2CC2,1.6096824
NN=C1C=CN=C1C2CC2,1.514354
C=Cc1c[nH]nc1C2CC2,0.92043483
CC=C1C=CC=C1C2CN2,1.0493134
NN=C1C=CC=C1C2CN2,1.4210907
ON=C1C=CC=C1C2CN2,1.6526839
NN=C1C=NC=C1C2CN2,1.5939186
CN=C1N=CC=C1C2CN2,1.5512046
NN=C1C=CN=C1C2CN2,1.5575542
C=Cc1c[nH]nc1C2CN2,0.75234103
CC=C1C=CC=C1C2CO2,1.186887
NN=C1C=CC=C1C2CO2,1.7041519
ON=C1C=CC=C1C2CO2,2.0297592
NN=C1C=NC=C1C2CO2,1.8710525
CN=C1N=CC=C1C2CO2,1.8688707
NN=C1C=CN=C1C2CO2,1.7720828
C=Cc1c[nH]nc1C2CO2,1.0555342
CN=C1N=CC=C1N2CC2,1.5192374
NN=C1C=CN=C1N2CC2,1.663585
ON=C1C=CN=C1N2CC2,1.6980754
C=Cc1c[nH]nc1N2CC2,1.1586006
CCC1=CCC=C1C2CC2,0.8879829
NCC1=CCC=C1C2CC2,0.76203686
OCC1=CCC=C1C2CC2,0.9092409
COC1=CCC=C1C2CC2,0.8565326
CCC1=CCC=C1C2CN2,0.84815216
NCC1=CCC=C1C2CN2,0.7862875
OCC1=CCC=C1C2CN2,0.6692359
COC1=CCC=C1C2CN2,0.5387588
CCC1=CCC=C1C2CO2,1.2850908
NCC1=CCC=C1C2CO2,1.0736417
OCC1=CCC=C1C2CO2,1.0328419
COC1=CCC=C1C2CO2,0.71109927
CCC1=CCN=C1N2CC2,1.1724858
NCC1=CCN=C1N2CC2,1.0717515
OCC1=CCN=C1N2CC2,1.3158646
COC1=CCN=C1N2CC2,1.1261919
C=CC1=CCC=C1C2CC2,1.127529
O=CC1=CCC=C1C2CC2,1.419835
N#CC1=CCC=C1C2CC2,1.8019685
C=Cc1c[nH]cc1C2CC2,0.6303325
OC=C1C=NC=C1C2CC2,1.6150917
C=Cc1cocc1C2CC2,0.77442044
C=Cc1[nH]ncc1C2CC2,1.1052307
OC=C1N=NC=C1C2CC2,1.6980364
C=Cc1nocc1C2CC2,1.3890281
OC=C1C=NN=C1C2CC2,1.9792296
C=Cc1conc1C2CC2,1.2350785
C=Cc1[nH]nnc1C2CC2,1.0132862
OC=C1N=NN=C1C2CC2,2.0939589
C=Cc1nonc1C2CC2,1.7624408
C=CC1=CCC=C1C2CN2,0.86825377
O=CC1=CCC=C1C2CN2,1.3250774
N#CC1=CCC=C1C2CN2,1.5108191
C=Cc1c[nH]cc1C2CN2,0.43358707
OC=C1C=NC=C1C2CN2,1.4202497
C=Cc1cocc1C2CN2,0.7593149
C=Cc1[nH]ncc1C2CN2,0.9288267
OC=C1N=NC=C1C2CN2,1.533414
C=Cc1nocc1C2CN2,1.3372307
OC=C1C=NN=C1C2CN2,1.9190353
C=Cc1conc1C2CN2,1.1920487
C=Cc1[nH]nnc1C2CN2,1.0824761
OC=C1N=NN=C1C2CN2,2.1124408
C=Cc1nonc1C2CN2,1.6472023
C=CC1=CCC=C1C2CO2,1.1721241
O=CC1=CCC=C1C2CO2,1.786522
N#CC1=CCC=C1C2CO2,2.109755
C=Cc1c[nH]cc1C2CO2,0.5647367
OC=C1C=NC=C1C2CO2,1.6810809
C=Cc1cocc1C2CO2,1.0499518
C=Cc1[nH]ncc1C2CO2,1.256747
OC=C1N=NC=C1C2CO2,1.9106151
C=Cc1nocc1C2CO2,1.6638064
OC=C1C=NN=C1C2CO2,2.1631632
C=Cc1conc1C2CO2,1.7136381
C=Cc1[nH]nnc1C2CO2,1.590817
OC=C1N=NN=C1C2CO2,2.4114356
C=Cc1nonc1C2CO2,2.100922
C=Cc1c[nH]cc1N2CC2,0.8705265
OC=C1C=NC=C1N2CC2,1.4541614
C=Cc1cocc1N2CC2,1.0242283
C=Cc1[nH]ncc1N2CC2,1.1310613
OC=C1N=NC=C1N2CC2,1.6206349
C=Cc1nocc1N2CC2,1.2789258
C=CC1=CCN=C1N2CC2,1.4379289
O=CC1=CCN=C1N2CC2,1.8172649
N#CC1=CCN=C1N2CC2,1.9175364
C=Cc1conc1N2CC2,1.3524932
C=Cc1[nH]nnc1N2CC2,1.310603
C=Cc1nonc1N2CC2,1.6818303
C#CC1=CCC=C1C2CC2,1.3258168
C#CC1=CCC=C1C2CN2,1.4266728
C#CC1=CCC=C1C2CO2,1.8537948
C#CC1=CCN=C1N2CC2,1.7764517
CCC1=C(CCC1)C2CC2,0.51007515
NCC1=C(CCC1)C2CC2,0.41732067
OCC1=C(CCC1)C2CC2,0.4603644
COC1=C(CCC1)C2CC2,0.36797798
CCC1=C(CNC1)C2CC2,0.34883848
NCC1=C(CNC1)C2CC2,0.19463925
OCC1=C(CNC1)C2CC2,0.32351834
COC1=C(CNC1)C2CC2,0.31683457
CCC1=C(COC1)C2CC2,0.4170461
NCC1=C(COC1)C2CC2,0.51021814
OCC1=C(COC1)C2CC2,0.5944857
COC1=C(COC1)C2CC2,0.4432778
CCC1=C(CCO1)C2CC2,0.46390733
NCC1=C(CCO1)C2CC2,0.45259473
OCC1=C(CCO1)C2CC2,0.45491764
CCC1=C(OCC1)C2CC2,0.34323978
NCC1=C(OCC1)C2CC2,0.4249266
OCC1=C(OCC1)C2CC2,0.56679595
COC1=C(OCC1)C2CC2,0.3022491
CCC1=C(OCO1)C2CC2,0.5267799
NCC1=C(OCO1)C2CC2,0.64130306
OCC1=C(OCO1)C2CC2,0.79689515
CCC1=C(CCC1)C2CN2,0.5773259
NCC1=C(CCC1)C2CN2,0.54125774
OCC1=C(CCC1)C2CN2,0.5408948
COC1=C(CCC1)C2CN2,0.41745156
CCC1=C(CNC1)C2CN2,0.55728054
NCC1=C(CNC1)C2CN2,0.4285042
OCC1=C(CNC1)C2CN2,0.71067685
COC1=C(CNC1)C2CN2,0.54098964
CCC1=C(COC1)C2CN2,0.52252275
NCC1=C(COC1)C2CN2,0.57709336
OCC1=C(COC1)C2CN2,0.6399761
COC1=C(COC1)C2CN2,0.37365177
CCC1=C(CCO1)C2CN2,0.582538
NCC1=C(CCO1)C2CN2,0.485979
OCC1=C(CCO1)C2CN2,0.38852414
CCC1=C(OCC1)C2CN2,0.30463883
NCC1=C(OCC1)C2CN2,0.5868419
OCC1=C(OCC1)C2CN2,0.6314217
COC1=C(OCC1)C2CN2,0.33517593
CCC1=C(OCO1)C2CN2,0.4248
NCC1=C(OCO1)C2CN2,0.43673345
OCC1=C(OCO1)C2CN2,0.6385418
CCC1=C(CCC1)C2CO2,0.66217303
NCC1=C(CCC1)C2CO2,0.73873585
OCC1=C(CCC1)C2CO2,0.9126237
COC1=C(CCC1)C2CO2,0.68473953
CCC1=C(CNC1)C2CO2,0.6331416
NCC1=C(CNC1)C2CO2,0.54551363
OCC1=C(CNC1)C2CO2,0.8827156
COC1=C(CNC1)C2CO2,0.7553338
CCC1=C(COC1)C2CO2,0.6256474
NCC1=C(COC1)C2CO2,0.6214162
OCC1=C(COC1)C2CO2,0.75777304
COC1=C(COC1)C2CO2,0.6441963
CCC1=C(CCO1)C2CO2,0.57768744
NCC1=C(CCO1)C2CO2,0.5594644
OCC1=C(CCO1)C2CO2,0.67970574
CCC1=C(OCC1)C2CO2,0.5403404
NCC1=C(OCC1)C2CO2,0.7381234
OCC1=C(OCC1)C2CO2,0.73857725
COC1=C(OCC1)C2CO2,0.44351447
CCC1=C(OCO1)C2CO2,0.50512326
NCC1=C(OCO1)C2CO2,0.43233952
OCC1=C(OCO1)C2CO2,0.6301385
C=CC1=C(CCC1)C2CC2,0.6311404
O=CC1=C(CCC1)C2CC2,0.90405446
N#CC1=C(CCC1)C2CC2,1.2186852
C=CC1=C(CNC1)C2CC2,0.53419465
O=CC1=C(CNC1)C2CC2,0.92900515
N#CC1=C(CNC1)C2CC2,1.0867453
C=CC1=C(COC1)C2CC2,0.72052115
O=CC1=C(COC1)C2CC2,1.1370777
N#CC1=C(COC1)C2CC2,1.1325916
C=CC1=C(CCO1)C2CC2,0.56908953
O=CC1=C(CCO1)C2CC2,1.1240531
N#CC1=C(CCO1)C2CC2,1.1064541
O=CC1=C(NCC1)C2CC2,0.84809387
N#CC1=C(NCC1)C2CC2,1.1262594
C=CC1=C(OCC1)C2CC2,0.74913454
O=CC1=C(OCC1)C2CC2,1.0851399
N#CC1=C(OCC1)C2CC2,1.0625695
C=CC1=C(OCO1)C2CC2,0.8814204
O=CC1=C(OCO1)C2CC2,1.0357431
N#CC1=C(OCO1)C2CC2,1.1238073
C=CC1=C(CCC1)C2CN2,0.6874144
O=CC1=C(CCC1)C2CN2,0.8716367
N#CC1=C(CCC1)C2CN2,1.3243797
C=CC1=C(CNC1)C2CN2,0.85227644
O=CC1=C(CNC1)C2CN2,0.84840286
N#CC1=C(CNC1)C2CN2,1.109391
C=CC1=C(COC1)C2CN2,0.77585113
O=CC1=C(COC1)C2CN2,1.105532
N#CC1=C(COC1)C2CN2,1.2179749
C=CC1=C(CCO1)C2CN2,0.59212065
O=CC1=C(CCO1)C2CN2,0.9217454
N#CC1=C(CCO1)C2CN2,1.3073246
O=CC1=C(NCC1)C2CN2,0.8782313
N#CC1=C(NCC1)C2CN2,1.106128
C=CC1=C(OCC1)C2CN2,0.8574561
O=CC1=C(OCC1)C2CN2,1.1429108
N#CC1=C(OCC1)C2CN2,1.0568728
C=CC1=C(OCO1)C2CN2,0.73927635
O=CC1=C(OCO1)C2CN2,0.9769454
N#CC1=C(OCO1)C2CN2,1.1254476
C=CC1=C(CCC1)C2CO2,1.0381852
O=CC1=C(CCC1)C2CO2,1.2381256
N#CC1=C(CCC1)C2CO2,1.4080125
C=CC1=C(CNC1)C2CO2,0.9551276
O=CC1=C(CNC1)C2CO2,1.0447754
N#CC1=C(CNC1)C2CO2,1.1981918
C=CC1=C(COC1)C2CO2,0.88417137
O=CC1=C(COC1)C2CO2,1.1093892
N#CC1=C(COC1)C2CO2,1.365758
C=CC1=C(CCO1)C2CO2,0.7914695
O=CC1=C(CCO1)C2CO2,1.0172392
N#CC1=C(CCO1)C2CO2,1.215433
O=CC1=C(NCC1)C2CO2,0.95855016
N#CC1=C(NCC1)C2CO2,1.2412845
C=CC1=C(OCC1)C2CO2,0.8438175
O=CC1=C(OCC1)C2CO2,1.1172171
N#CC1=C(OCC1)C2CO2,1.2049838
C=CC1=C(OCO1)C2CO2,0.73281384
O=CC1=C(OCO1)C2CO2,0.98244786
N#CC1=C(OCO1)C2CO2,1.4464496
O=CC1=C(CCC1)N2CC2,0.9339952
N#CC1=C(CCC1)N2CC2,1.2195951
O=CC1=C(CNC1)N2CC2,0.89038956
N#CC1=C(CNC1)N2CC2,1.031389
O=CC1=C(COC1)N2CC2,1.0260887
N#CC1=C(COC1)N2CC2,1.1829818
O=CC1=C(CCO1)N2CC2,0.958761
N#CC1=C(CCO1)N2CC2,1.2971911
O=CC1=C(NCC1)N2CC2,0.8746786
N#CC1=C(NCC1)N2CC2,0.9920317
O=CC1=C(OCC1)N2CC2,0.9940946
N#CC1=C(OCC1)N2CC2,1.0224742
O=CC1=C(OCO1)N2CC2,1.1694336
N#CC1=C(OCO1)N2CC2,0.993695
C#CC1=C(CCC1)C2CC2,1.1247982
C#CC1=C(CNC1)C2CC2,1.0327393
C#CC1=C(COC1)C2CC2,1.3000873
C#CC1=C(CCO1)C2CC2,1.2203512
C#CC1=C(OCC1)C2CC2,1.2035381
C#CC1=C(OCO1)C2CC2,1.0206413
C#CC1=C(CCC1)C2CN2,1.0596771
C#CC1=C(CNC1)C2CN2,1.0965425
C#CC1=C(COC1)C2CN2,1.2823392
C#CC1=C(CCO1)C2CN2,1.0896064
C#CC1=C(OCC1)C2CN2,1.2401386
C#CC1=C(OCO1)C2CN2,0.97489524
C#CC1=C(CCC1)C2CO2,1.4404653
C#CC1=C(CNC1)C2CO2,1.2464075
C#CC1=C(COC1)C2CO2,1.2766756
C#CC1=C(CCO1)C2CO2,1.1363958
C#CC1=C(OCC1)C2CO2,1.1794566
C#CC1=C(OCO1)C2CO2,1.1322901
CCC1=C(CC=C1)C2CC2,0.865788
NCC1=C(CC=C1)C2CC2,0.71112156
OCC1=C(CC=C1)C2CC2,0.822219
COC1=C(CC=C1)C2CC2,0.739748
CCC1=C(CC=C1)C2CN2,0.72538763
NCC1=C(CC=C1)C2CN2,0.8202412
OCC1=C(CC=C1)C2CN2,0.7538748
COC1=C(CC=C1)C2CN2,0.60637957
CCC1=C(CC=C1)C2CO2,0.95927143
NCC1=C(CC=C1)C2CO2,0.95491284
OCC1=C(CC=C1)C2CO2,1.0320641
COC1=C(CC=C1)C2CO2,0.9328364
C=CC1=C(CC=C1)C2CC2,0.9488463
O=CC1=C(CC=C1)C2CC2,1.2821655
N#CC1=C(CC=C1)C2CC2,1.6756196
C=Cc1cc[nH]c1C2CC2,0.7373123
OC=C1C=CN=C1C2CC2,1.426074
C=Cc1[nH]cnc1C2CC2,1.0127004
OC=C1N=CN=C1C2CC2,1.8573949
C=Cc1nn[nH]c1C2CC2,1.0726482
C=Cc1ccoc1C2CC2,0.68765974
C=Cc1cnoc1C2CC2,1.2417024
C=Cc1ncoc1C2CC2,0.94003373
C=Cc1nnoc1C2CC2,1.6469439
C=CC1=C(CC=C1)C2CN2,0.9845771
O=CC1=C(CC=C1)C2CN2,1.2248559
N#CC1=C(CC=C1)C2CN2,1.4529754
C=Cc1cc[nH]c1C2CN2,0.5332003
OC=C1C=CN=C1C2CN2,1.3557866
C=Cc1[nH]cnc1C2CN2,0.7979963
OC=C1N=CN=C1C2CN2,1.8065064
C=Cc1nn[nH]c1C2CN2,1.072258
C=Cc1ccoc1C2CN2,0.75006497
C=Cc1cnoc1C2CN2,1.1882321
C=Cc1ncoc1C2CN2,0.98075175
C=Cc1nnoc1C2CN2,1.437584
C=CC1=C(CC=C1)C2CO2,1.1252818
O=CC1=C(CC=C1)C2CO2,1.2668604
N#CC1=C(CC=C1)C2CO2,1.76025
C=Cc1cc[nH]c1C2CO2,0.7176219
OC=C1C=CN=C1C2CO2,1.5784935
C=Cc1[nH]cnc1C2CO2,1.0170934
OC=C1N=CN=C1C2CO2,1.9461093
C=Cc1nn[nH]c1C2CO2,1.4122479
C=Cc1ccoc1C2CO2,1.1526092
C=Cc1cnoc1C2CO2,1.8498956
C=Cc1ncoc1C2CO2,1.5195829
C=Cc1nnoc1C2CO2,2.0862737
O=CC1=C(CC=C1)N2CC2,1.1584222
N#CC1=C(CC=C1)N2CC2,1.5166364
C=Cc1cc[nH]c1N2CC2,0.9708405
C=Cc1[nH]cnc1N2CC2,1.1217682
C=Cc1nn[nH]c1N2CC2,1.3267044
C=Cc1ccoc1N2CC2,1.1027597
C=Cc1cnoc1N2CC2,1.535796
C=Cc1ncoc1N2CC2,1.2354548
C=Cc1nnoc1N2CC2,1.501693
C#CC1=C(CC=C1)C2CC2,1.3957949
C#CC1=C(CC=C1)C2CN2,1.3937023
C#CC1=C(CC=C1)C2CO2,1.3724738
CCC1=C(C=CC1)C2CC2,0.7181345
NCC1=C(C=CC1)C2CC2,0.7149852
OCC1=C(C=CC1)C2CC2,0.85053664
COC1=C(C=CC1)C2CC2,0.57806945
CCC1=C(C=CC1)C2CN2,0.7554801
NCC1=C(C=CC1)C2CN2,0.8839245
OCC1=C(C=CC1)C2CN2,0.7731834
COC1=C(C=CC1)C2CN2,0.4412543
CCC1=C(C=CC1)C2CO2,1.0962027
NCC1=C(C=CC1)C2CO2,1.1886177
OCC1=C(C=CC1)C2CO2,1.0936779
COC1=C(C=CC1)C2CO2,0.79036313
C=CC1=C(C=CC1)C2CC2,1.0436258
O=CC1=C(C=CC1)C2CC2,1.4159709
N#CC1=C(C=CC1)C2CC2,1.7072601
C=Cc1[nH]ccc1C2CC2,0.74104506
OC=C1N=CC=C1C2CC2,1.7507716
C=Cc1occc1C2CC2,1.073479
C=Cc1oncc1C2CC2,1.3991724
C=Cc1ocnc1C2CC2,1.2373089
C=Cc1onnc1C2CC2,1.5694617
C=CC1=C(C=CC1)C2CN2,0.9898094
O=CC1=C(C=CC1)C2CN2,1.2793112
N#CC1=C(C=CC1)C2CN2,1.6179432
C=Cc1[nH]ccc1C2CN2,0.50359213
OC=C1N=CC=C1C2CN2,1.6195247
C=Cc1occc1C2CN2,0.87891275
C=Cc1oncc1C2CN2,1.1707673
C=Cc1ocnc1C2CN2,1.0361652
C=Cc1onnc1C2CN2,1.3657387
C=CC1=C(C=CC1)C2CO2,1.2730721
O=CC1=C(C=CC1)C2CO2,1.3912668
N#CC1=C(C=CC1)C2CO2,1.8270389
C=Cc1[nH]ccc1C2CO2,0.7328235
OC=C1N=CC=C1C2CO2,1.9496387
C=Cc1occc1C2CO2,1.1649407
C=Cc1oncc1C2CO2,1.6373057
C=Cc1ocnc1C2CO2,1.6216927
C=Cc1onnc1C2CO2,2.0549815
O=CC1=C(C=CC1)N2CC2,1.1844097
N#CC1=C(C=CC1)N2CC2,1.4252111
C=Cc1[nH]ccc1N2CC2,0.98902667
OC=C1N=CC=C1N2CC2,1.5176682
C=Cc1occc1N2CC2,1.0603344
C=Cc1oncc1N2CC2,1.4581137
C=Cc1ocnc1N2CC2,1.2264335
C=Cc1onnc1N2CC2,1.5098797
C#CC1=C(C=CC1)C2CC2,1.4541548
C#CC1=C(C=CC1)C2CN2,1.4335726
C#CC1=C(C=CC1)C2CO2,1.5256238
C1CC(CCC=C1)C2CC2,0.66719884
C1CC(COC=C1)C2CC2,0.62776715
C1CC1C2COC=COC2,0.30656055
C1CC(NCC=C1)C2CC2,0.49510223
C1NC(COC=C1)C2CC2,0.6654441
C1CC(OCC=C1)C2CC2,0.69403774
C1CC1C2COC=CCO2,0.65036756
C1CC1C2OCC=CCO2,0.9011096
C1CN(CCC=C1)C2CC2,0.5700089
C1CC(CCC=C1)C2CN2,0.5283677
C1CC(COC=C1)C2CN2,0.45871037
C1NC1C2COC=COC2,0.43714646
C1CC(NCC=C1)C2CN2,0.6525952
C1NC(COC=C1)C2CN2,0.78471637
C1CC(OCC=C1)C2CN2,0.5409203
C1NC1C2COC=CCO2,0.7001652
C1NC1C2OCC=CCO2,0.7361471
C1CC(CCC=C1)C2CO2,0.67976636
C1CC(COC=C1)C2CO2,0.60810906
C1OC=COCC1C2CO2,0.6177435
C1CC(NCC=C1)C2CO2,0.5916286
C1NC(COC=C1)C2CO2,0.73084754
C1CC(OCC=C1)C2CO2,0.6103511
C1OC(COC=C1)C2CO2,0.591145
C1OC(OCC=C1)C2CO2,0.5364965
C1CC(CCC=C1)N2CC2,0.48377934
C1CC(COC=C1)N2CC2,0.44757518
C1OC=COCC1N2CC2,0.6901065
C1CC=CCC(C1)C2CC2,0.60105145
C1CC(CC=CO1)C2CC2,0.5489167
C1CC1C2CNCC=CC2,0.5117893
C1CC1C2COCC=CC2,0.63188565
C1CC=COC(C1)C2CC2,0.2876586
C1CC(OC=CO1)C2CC2,0.61781365
C1NCC(OC=C1)C2CC2,0.4161174
C1CC1C2COCC=CO2,0.5741957
C1CC=CCC(N1)C2CC2,0.4566829
C1CC=CCC(O1)C2CC2,0.629033
C1OC=CCC(O1)C2CC2,0.8031431
C1CC=COC(O1)C2CC2,0.43935037
C1OC=COC(O1)C2CC2,0.840358
C1CC=CCN(C1)C2CC2,0.415061
C1CN(CC=CO1)C2CC2,0.5182788
C1CC=CCC(C1)C2CN2,0.4940843
C1CC(CC=CO1)C2CN2,0.524258
C1NCC(CC=C1)C2CN2,0.5799427
C1NC1C2COCC=CC2,0.72558266
C1CC=COC(C1)C2CN2,0.298637
C1CC(OC=CO1)C2CN2,0.50297636
C1NCC(OC=C1)C2CN2,0.4306443
C1NC1C2COCC=CO2,0.6577107
C1CC=CCC(N1)C2CN2,0.52012706
C1CC=CCC(O1)C2CN2,0.5623089
C1OC=CCC(O1)C2CN2,0.6929674
C1CC=COC(O1)C2CN2,0.5266092
C1OC=COC(O1)C2CN2,0.7030313
C1CC=CCC(C1)C2CO2,0.58506745
C1CC(CC=CO1)C2CO2,0.58128524
C1NCC(CC=C1)C2CO2,0.45618287
C1OCC(CC=C1)C2CO2,0.7353086
C1CC=COC(C1)C2CO2,0.34467813
C1CC(OC=CO1)C2CO2,0.37061414
C1NCC(OC=C1)C2CO2,0.33239415
C1OCC(OC=C1)C2CO2,0.44032666
C1CC=CCC(N1)C2CO2,0.45629057
C1CC=CCC(O1)C2CO2,0.6008524
C1OC=CCC(O1)C2CO2,0.63128805
C1CC=COC(O1)C2CO2,0.6026397
C1OC=COC(O1)C2CO2,0.6496765
C1CC=CCC(C1)N2CC2,0.42248276
C1CC(CC=CO1)N2CC2,0.6217707
C1NCC(CC=C1)N2CC2,0.5027894
C1OCC(CC=C1)N2CC2,0.69431627
C1CC1C2CC=CC=CC2,0.90728295
C1CC1C2CC=CC=NN2,1.0984498
C1CC1C2CC=CC=CO2,0.7091871
C1CC1C2CC=CC=NO2,1.2767805
C1CC1C2OC=CC=CO2,0.84895545
C1CC1C2OC=CC=NO2,1.3230425
C1CC1N2CC=CC=CC2,0.65460664
C1NC1C2CC=CC=CC2,0.8449479
C1NC1C2CC=CC=NN2,1.015779
C1NC1C2CC=CC=CO2,0.7819299
C1NC1C2CC=CC=NO2,1.3689561
C1NC1C2OC=CC=CO2,0.87054133
C1NC1C2OC=CC=NO2,1.3097736
C1OC1C2CC=CC=CC2,0.89181054
C1OC1C2CC=CC=NN2,1.1395121
C1OC1C2CC=CC=CO2,1.0675821
C1OC1C2CC=CC=NO2,1.5138428
C1OC1C2OC=CC=CO2,0.9042373
C1OC1C2OC=CC=NO2,1.3535005
C1CN1C2CC=CC=CC2,0.8712158
C1CCC(C=CC1)C2CC2,0.57182866
C1COC=CC(C1)C2CC2,0.46031544
C1CC(C=CCN1)C2CC2,0.54333556
C1CC(C=CCO1)C2CC2,0.7993308
C1CC=CC(CN1)C2CC2,0.52773476
C1CC=CC(CO1)C2CC2,0.64205784
C1OCC(C=CO1)C2CC2,0.7782395
C1CNC(C=CC1)C2CC2,0.43022835
C1COC=CC(N1)C2CC2,0.46647385
C1COC(C=CC1)C2CC2,0.6075385
C1COC(C=CO1)C2CC2,0.6599389
C1OCC=CC(O1)C2CC2,0.9265399
C1CCC(C=CC1)C2CN2,0.53057575
C1COC=CC(C1)C2CN2,0.47416246
C1CC(C=CCN1)C2CN2,0.5623231
C1CC(C=CCO1)C2CN2,0.73817515
C1CC=CC(CN1)C2CN2,0.56946415
C1CC=CC(CO1)C2CN2,0.6431959
C1OCC(C=CO1)C2CN2,0.69463605
C1CNC(C=CC1)C2CN2,0.70769155
C1COC=CC(N1)C2CN2,0.49859995
C1COC(C=CC1)C2CN2,0.5725998
C1COC(C=CO1)C2CN2,0.71610993
C1OCC=CC(O1)C2CN2,1.0358601
C1CCC(C=CC1)C2CO2,0.6680945
C1COC=CC(C1)C2CO2,0.5831903
C1CC(C=CCN1)C2CO2,0.5206364
C1CC(C=CCO1)C2CO2,0.7351983
C1CC=CC(CN1)C2CO2,0.48486632
C1CC=CC(CO1)C2CO2,0.61333865
C1OCC(C=CO1)C2CO2,0.61063117
C1CNC(C=CC1)C2CO2,0.6118404
C1COC=CC(N1)C2CO2,0.37900656
C1COC(C=CC1)C2CO2,0.62128794
C1COC(C=CO1)C2CO2,0.62634736
C1OCC=CC(O1)C2CO2,0.8210317
C1CCC(C=CC1)N2CC2,0.45865753
C1COC=CC(C1)N2CC2,0.447749
C1CC(C=CCN1)N2CC2,0.5389971
C1CC(C=CCO1)N2CC2,0.8450756
C1CC=CC(CN1)N2CC2,0.5887457
C1CC=CC(CO1)N2CC2,0.77171606
C1OCC(C=CO1)N2CC2,0.6952473
C1CC(C=CC=C1)C2CC2,0.88663006
C1CC1C2CNN=CC=C2,0.8917335
C1CC1C2COC=CC=C2,0.8526701
C1CC1C2CON=CC=C2,1.4052293
C1CC1C2NCC=CC=C2,0.8310549
C1CC1C2OCC=CC=C2,1.1033427
C1CN(N=CC=C1)C2CC2,0.8592287
C1CC(C=CC=C1)C2CN2,0.88892543
C1NN=CC=CC1C2CN2,0.9991587
C1NC1C2COC=CC=C2,0.8684241
C1NC1C2CON=CC=C2,1.238372
C1NC(C=CC=C1)C2CN2,1.0857995
C1NC1C2OCC=CC=C2,1.0269545
C1CC(C=CC=C1)C2CO2,1.0258563
C1NN=CC=CC1C2CO2,1.2362069
C1OC=CC=CC1C2CO2,1.0684229
C1ON=CC=CC1C2CO2,1.6282128
C1NC(C=CC=C1)C2CO2,1.0159215
C1OC(C=CC=C1)C2CO2,1.0227937
C1CC(C=CC=C1)N2CC2,0.88859046
C1CN1C2CNN=CC=C2,1.1056789
C1OC=CC=CC1N2CC2,1.214882
C1CN1C2CON=CC=C2,1.2325798
C1C=CCC(C=C1)C2CC2,0.9313367
C1CC1C2CC=COC=C2,0.62782294
C1CC1C2CN=CNC=C2,0.77283275
C1CC1C2CC=CN=CN2,0.7581771
C1CC1C2NC=NCC=C2,0.76416713
C1CC1C2NN=CCC=C2,0.7964262
C1CC1C2NN=CNC=C2,0.5376343
C1CC1C2NN=COC=C2,0.6706909
C1CC1C2OC=CCC=C2,0.7662232
C1CC1C2OC=COC=C2,0.6204896
C1CC1C2ON=CCC=C2,1.1985389
C1CC1C2ON=CNC=C2,0.77341783
C1CC1C2ON=COC=C2,1.1794316
C1CC1N2CC=CCN=C2,0.77418625
C1C=CCN(N=C1)C2CC2,0.7639481
C1CC1N2CC=CN=CN2,0.6447896
C1CC1N2CC=COC=N2,0.5635158
C1NC1C2CC=CCC=C2,0.8216096
C1NC1C2CC=COC=C2,0.62690806
C1NC1C2CN=CNC=C2,0.701404
C1NC1C2CC=CN=CN2,0.8130127
C1NC=NC(C=C1)C2CN2,1.0250807
C1C=CC(NN=C1)C2CN2,0.64951533
C1NC1C2NN=CNC=C2,0.63866717
C1NC1C2NN=COC=C2,0.959974
C1NC1C2OC=CCC=C2,0.79130244
C1NC1C2OC=COC=C2,0.78867316
C1NC1C2ON=CCC=C2,1.338941
C1NC1C2ON=CNC=C2,1.0111424
C1NC1C2ON=COC=C2,1.3897638
C1OC1C2CC=CCC=C2,0.83169633
C1OC1C2CC=COC=C2,0.6883824
C1NC=NC=CC1C2CO2,0.89294684
C1OC1C2CC=CN=CN2,0.84024435
C1NC=NC(C=C1)C2CO2,0.9450894
C1C=CC(NN=C1)C2CO2,0.68112683
C1OC1C2NN=CNC=C2,0.96737725
C1OC1C2NN=COC=C2,1.1700709
C1OC1C2OC=CCC=C2,1.0797063
C1OC1C2OC=COC=C2,1.0428451
C1C=CC(ON=C1)C2CO2,1.0485226
C1OC1C2ON=CNC=C2,1.2501551
C1OC1C2ON=COC=C2,1.4678053
C1C=CCC(C=C1)N2CC2,0.79990804
C1CN1C2CC=COC=C2,0.6510569
C1CN1C2CN=CNC=C2,0.7175566
C1CN1N2CC=CCN=C2,0.944382
C1CC=CC(C=C1)C2CC2,0.8406387
C1CC1C2C=CCOC=C2,0.80188096
C1NN=CC(C=C1)C2CC2,0.9513638
C1ON=CC(C=C1)C2CC2,1.4088699
C1CN=CN(C=C1)C2CC2,0.73990107
C1NN=CN(C=C1)C2CC2,0.8375503
C1ON=CN(C=C1)C2CC2,0.96865255
C1CC=CC(C=C1)C2CN2,0.84979284
C1NC1C2C=CCOC=C2,0.79029673
C1NN=CC(C=C1)C2CN2,1.0252404
C1ON=CC(C=C1)C2CN2,1.1677108
C1NC1C2NC=NCC=C2,0.83103967
C1CC=CC(C=C1)C2CO2,0.9928207
C1OC=CC(C=C1)C2CO2,0.8977833
C1NN=CC(C=C1)C2CO2,1.0022113
C1ON=CC(C=C1)C2CO2,1.3713316
C1CC=CC(C=C1)N2CC2,0.8684451
C1OC=CC(C=C1)N2CC2,0.79624623
C1NN=CC(C=C1)N2CC2,1.0087849
C1ON=CC(C=C1)N2CC2,1.2481087
C1CN=CN(C=C1)N2CC2,0.69862336
C1NN=CN(C=C1)N2CC2,0.87219226
C1ON=CN(C=C1)N2CC2,1.0152644
C1CC1C2C=CC=CC=C2,1.2040226
C1CC1C2C=CC=NN=C2,1.6678289
C1CC1N2C=CC=NN=C2,1.1639576
C1CC1N2C=CC=NC=N2,1.433901
C1CC1N2C=NC=CC=N2,1.3593149
C1NC1C2C=CC=CC=C2,1.1106905
C1NC1C2C=CC=NN=C2,1.5113807
C1OC1C2C=CC=CC=C2,1.1894189
C1OC1C2C=CC=NN=C2,1.9909756
C1CN1C2C=CC=CC=C2,1.1021936
C1CN1C2C=CC=NN=C2,1.6067725
C1CN1N2C=CC=NN=C2,1.6444583
C1CCC=C(CC1)C2CC2,0.5962914
C1CNCC=C(C1)C2CC2,0.50329953
C1COCC=C(C1)C2CC2,0.63081235
C1CC=C(CCN1)C2CC2,0.4158431
C1CC=C(CCO1)C2CC2,0.56987596
C1CCC(=COC1)C2CC2,0.27556157
C1CC(=COCO1)C2CC2,0.5623567
C1CNCC(=CC1)C2CC2,0.54872483
C1COC=C(CN1)C2CC2,0.37359852
C1COCC(=CC1)C2CC2,0.6617815
C1OCC=C(CO1)C2CC2,0.9375993
C1COC=C(CO1)C2CC2,0.7977735
C1CCC=C(OC1)C2CC2,0.3665046
C1COC(=CCN1)C2CC2,0.3929916
C1COC(=CCO1)C2CC2,0.8000636
C1CC=C(OCO1)C2CC2,0.61869687
C1COC=C(OC1)C2CC2,0.5318674
C1OCOC(=CO1)C2CC2,0.8844454
C1CCC=C(CC1)C2CN2,0.5455343
C1CNCC=C(C1)C2CN2,0.6387139
C1COCC=C(C1)C2CN2,0.6392579
C1CC=C(CCN1)C2CN2,0.54591274
C1CC=C(CCO1)C2CN2,0.56085557
C1CCC(=COC1)C2CN2,0.33161637
C1CC(=COCO1)C2CN2,0.47937122
C1CNCC(=CC1)C2CN2,0.6848674
C1COC=C(CN1)C2CN2,0.43721524
C1COCC(=CC1)C2CN2,0.6186506
C1OCC=C(CO1)C2CN2,0.975506
C1COC=C(CO1)C2CN2,0.73947597
C1CCC=C(OC1)C2CN2,0.46103245
C1COC(=CCN1)C2CN2,0.3954494
C1COC(=CCO1)C2CN2,0.6351502
C1CC=C(OCO1)C2CN2,0.5124093
C1COC=C(OC1)C2CN2,0.29210272
C1OCOC(=CO1)C2CN2,0.598948
C1CCC=C(CC1)C2CO2,0.61442864
C1CNCC=C(C1)C2CO2,0.57787186
C1COCC=C(C1)C2CO2,0.66701293
C1CC=C(CCN1)C2CO2,0.53459746
C1CC=C(CCO1)C2CO2,0.6289738
C1CCC(=COC1)C2CO2,0.4235373
C1CC(=COCO1)C2CO2,0.4878313
C1CNCC(=CC1)C2CO2,0.640868
C1COC=C(CN1)C2CO2,0.54365647
C1COCC(=CC1)C2CO2,0.5917212
C1OCC=C(CO1)C2CO2,1.006784
C1COC=C(CO1)C2CO2,0.7797095
C1CCC=C(OC1)C2CO2,0.3793973
C1COC(=CCN1)C2CO2,0.3609822
C1COC(=CCO1)C2CO2,0.6447461
C1CC=C(OCO1)C2CO2,0.53506696
C1COC=C(OC1)C2CO2,0.38178813
C1OCOC(=CO1)C2CO2,0.7628045
C1CC(=CCC=C1)C2CC2,0.9042138
C1CC(=CN=CN1)C2CC2,0.7290728
C1CC(=COC=C1)C2CC2,0.69454306
C1CC1C2=CCN=CNC2,0.56437296
C1CC1C2=CCC=NNC2,0.7041752
C1CC1C2=CN=CNNC2,0.63410974
C1CC1C2=COC=NNC2,0.78458613
C1CC1C2=CCC=COC2,0.642359
C1CC1C2=CCC=NOC2,0.92608505
C1CC1C2=CN=CNOC2,1.0126727
C1CC1C2=COC=COC2,0.5322752
C1CC1C2=COC=NOC2,0.95287657
C1NC(=NCC=C1)C2CC2,0.9531764
C1CC1C2=CCC=CCO2,0.9065347
C1CC1C2=COC=CCO2,0.7123948
C1CC(=CCC=C1)C2CN2,0.8729414
C1CC(=CN=CN1)C2CN2,0.7154964
C1CC(=COC=C1)C2CN2,0.6056256
C1NC1C2=CCN=CNC2,0.70584494
C1C=NNCC(=C1)C2CN2,1.056832
C1NC1C2=CN=CNNC2,0.7425254
C1NC1C2=COC=NNC2,0.9485141
C1NC1C2=CCC=COC2,0.5836822
C1NC1C2=CCC=NOC2,1.1733218
C1NC1C2=CN=CNOC2,1.042113
C1NC1C2=COC=COC2,0.4690393
C1NC1C2=COC=NOC2,1.1861151
C1NC(=NCC=C1)C2CN2,0.85996157
C1NC1C2=CCC=CCO2,0.9776254
C1NC1C2=COC=CCO2,0.8150449
C1CC(=CCC=C1)C2CO2,1.0190878
C1CC(=CN=CN1)C2CO2,0.70603144
C1CC(=COC=C1)C2CO2,0.67200816
C1NC=NCC(=C1)C2CO2,1.3247075
C1C=NNCC(=C1)C2CO2,1.155925
C1NN=CNC=C1C2CO2,0.76916444
C1NN=COC=C1C2CO2,1.2398707
C1OC1C2=CCC=COC2,1.0266379
C1C=NOCC(=C1)C2CO2,1.3142194
C1OC1C2=CN=CNOC2,1.3737925
C1OC1C2=COC=COC2,0.79230887
C1OC1C2=COC=NOC2,1.4497374
C1NC(=NCC=C1)C2CO2,0.94598794
C1OC(=CCC=C1)C2CO2,0.9182519
C1OC(=COC=C1)C2CO2,1.0342063
C1CC(=NCC=C1)N2CC2,1.0482218
C1CN1C2=NCC=COC2,1.0494878
C1NC(=NCC=C1)N2CC2,0.95155257
C1OC(=NCC=C1)N2CC2,1.0536352
C1CC=CC=C(C1)C2CC2,0.862597
C1CC(=CC=NN1)C2CC2,1.0185055
C1CC(=CC=CO1)C2CC2,0.9717955
C1CC(=CC=NO1)C2CC2,1.4579884
C1CC1C2=CC=CCNC2,0.736907
C1CC1C2=CC=CCOC2,0.8968148
C1CC=CC=C(O1)C2CC2,0.98412144
C1OC=CC=C(O1)C2CC2,0.9799548
C1ON=CC=C(O1)C2CC2,1.4542185
C1CC=CC=C(C1)C2CN2,0.93453574
C1CC(=CC=NN1)C2CN2,1.0829154
C1CC(=CC=CO1)C2CN2,0.9851798
C1CC(=CC=NO1)C2CN2,1.3412852
C1NCC(=CC=C1)C2CN2,0.9747175
C1NC1C2=CC=CCOC2,0.93285596
C1CC=CC=C(O1)C2CN2,0.92751145
C1OC=CC=C(O1)C2CN2,0.9305932
C1ON=CC=C(O1)C2CN2,1.4702349
C1CC=CC=C(C1)C2CO2,1.0665189
C1CC(=CC=NN1)C2CO2,1.0334256
C1CC(=CC=CO1)C2CO2,0.94275737
C1CC(=CC=NO1)C2CO2,1.4437938
C1NCC(=CC=C1)C2CO2,0.9849453
C1OCC(=CC=C1)C2CO2,1.3494225
C1CC=CC=C(O1)C2CO2,0.8852539
C1OC=CC=C(O1)C2CO2,0.9909651
C1ON=CC=C(O1)C2CO2,1.6438018
C1CC(=CC=NN1)N2CC2,0.9866613
C1CC(=CC=NO1)N2CC2,1.426185
C1ON=CC=C(O1)N2CC2,1.5230628
C1CC=C(CC=C1)C2CC2,0.93814117
C1CC1C2=CCOC=CC2,0.698172
C1NN=CCC(=C1)C2CC2,0.9259871
C1ON=CCC(=C1)C2CC2,1.3770915
C1CC1C2=COCC=CC2,0.7654642
C1NN=C(CC=C1)C2CC2,1.0380824
C1ON=C(CC=C1)C2CC2,1.4227223
C1CC=C(N=CN1)C2CC2,0.77344084
C1NN=CNC(=C1)C2CC2,0.7160726
C1CC1C2=CCON=CN2,0.8184735
C1CC=CN=C(N1)C2CC2,0.57683843
C1NN=C(NC=C1)C2CC2,0.92960703
C1CC1C2=NC=CCON2,0.79983526
C1CC=C(OC=C1)C2CC2,0.6524997
C1CC1C2=CCOC=CO2,0.5152557
C1NN=COC(=C1)C2CC2,0.9771882
C1ON=COC(=C1)C2CC2,1.1088588
C1CC1C2=COCC=CO2,0.6417787
C1NN=C(OC=C1)C2CC2,1.0891372
C1ON=C(OC=C1)C2CC2,1.36103
C1CC=C(CC=C1)C2CN2,0.84205955
C1NC1C2=CCOC=CC2,0.73753965
C1NN=CCC(=C1)C2CN2,1.1601335
C1ON=CCC(=C1)C2CN2,1.3399128
C1NC1C2=COCC=CC2,0.7747436
C1NN=C(CC=C1)C2CN2,1.0644189
C1ON=C(CC=C1)C2CN2,1.4507025
C1CC=C(N=CN1)C2CN2,0.70792454
C1NN=CNC(=C1)C2CN2,1.003713
C1ON=CNC(=C1)C2CN2,1.3035378
C1CC=CN=C(N1)C2CN2,0.62375855
C1NN=C(NC=C1)C2CN2,0.8973125
C1ON=C(NC=C1)C2CN2,1.3141798
C1CC=C(OC=C1)C2CN2,0.64553547
C1NC1C2=CCOC=CO2,0.5194425
C1NN=COC(=C1)C2CN2,1.1649269
C1ON=COC(=C1)C2CN2,1.5119483
C1NC1C2=COCC=CO2,0.70353377
C1NN=C(OC=C1)C2CN2,1.2360693
C1ON=C(OC=C1)C2CN2,1.4672885
C1CC=C(CC=C1)C2CO2,1.0092139
C1OC=CCC(=C1)C2CO2,1.1648382
C1NN=CCC(=C1)C2CO2,1.3700733
C1ON=CCC(=C1)C2CO2,1.5497589
C1OC=C(CC=C1)C2CO2,1.1663677
C1NN=C(CC=C1)C2CO2,1.2441128
C1ON=C(CC=C1)C2CO2,1.7610704
C1CC=C(N=CN1)C2CO2,0.5904747
C1NN=CNC(=C1)C2CO2,1.0192347
C1ON=CNC(=C1)C2CO2,1.3266654
C1CC=CN=C(N1)C2CO2,0.85646474
C1NN=C(NC=C1)C2CO2,1.1029788
C1ON=C(NC=C1)C2CO2,1.3902749
C1CC=C(OC=C1)C2CO2,0.69292706
C1OC=COC(=C1)C2CO2,0.9810803
C1NN=COC(=C1)C2CO2,1.4609944
C1ON=COC(=C1)C2CO2,1.6075938
C1OC=C(OC=C1)C2CO2,1.0299373
C1NN=C(OC=C1)C2CO2,1.3735896
C1ON=C(OC=C1)C2CO2,1.4902674
C1CN=C(CC=C1)N2CC2,0.85228294
C1NN=C(CC=C1)N2CC2,0.83196515
C1ON=C(CC=C1)N2CC2,1.0702537
C1CN=C(NC=C1)N2CC2,0.5929873
C1NN=C(NC=C1)N2CC2,0.80639327
C1CN1C2=NOCC=CN2,0.6564028
C1CC1C2=CC=CC=CC2,1.1620857
C1CC1C2=CC=NN=CC2,1.3636932
C1CC1C2=NN=CC=CC2,1.4161664
C1CC1C2=NC=NNC=C2,1.170875
C1CC1C2=CC=NC=NN2,1.3643688
C1CC1C2=NNC=CC=N2,1.1584564
C1CC1C2=CC=CC=CO2,0.96719646
C1CC1C2=CC=NN=CO2,1.670601
C1CC1C2=NN=CC=CO2,1.4104865
C1CC1C2=NC=CC=NO2,1.6425432
C1NC1C2=CC=CC=CC2,1.1310588
C1NC1C2=CC=NN=CC2,1.5038201
C1NC1C2=NN=CC=CC2,1.5316716
C1NC1C2=CC=NN=CN2,1.5868019
C1NC1C2=CC=NC=NN2,1.6285118
C1NC1C2=NC=CC=NN2,1.7263507
C1NC1C2=CC=CC=CO2,1.0779451
C1NC1C2=CC=NN=CO2,1.6884578
C1NC1C2=NN=CC=CO2,1.4915227
C1NC1C2=NC=CC=NO2,1.6431477
C1OC1C2=CC=CC=CC2,1.2986634
C1OC1C2=CC=NN=CC2,2.0970469
C1OC1C2=NN=CC=CC2,1.7243371
C1OC1C2=CC=NN=CN2,1.9436675
C1OC1C2=CC=NC=NN2,2.058511
C1OC1C2=NC=CC=NN2,1.8258492
C1OC1C2=CC=CC=CO2,1.2750208
C1OC1C2=CC=NN=CO2,1.8954166
C1OC1C2=NN=CC=CO2,1.7212602
C1OC1C2=NC=CC=NO2,1.7963939
C1CN1C2=CC=NN=CC2,1.4249231
C1CN1C2=NN=CC=CC2,1.5031246
C1CN1C2=NC=NNC=C2,1.2897216
C1CN1C2=CC=NC=NN2,1.6438481
C1CN1C2=NN=CC=CN2,1.3314782
C1CN1C2=NC=CC=NN2,1.7190912
C1CN1C2=CC=NN=CO2,1.646188
C1CN1C2=NC=CC=NO2,1.6299989
C1CC=CC(=CC1)C2CC2,0.9291759
C1CC1C2=CCNCC=C2,0.7667754
C1CC1C2=CCOCC=C2,1.058283
C1CC=C(C=CO1)C2CC2,0.9247054
C1CC=CC(=CO1)C2CC2,1.191214
C1OC=CC(=CO1)C2CC2,1.0009314
C1CC=C(C=NN1)C2CC2,1.0574267
C1CC=C(C=NO1)C2CC2,1.427129
C1OC=C(C=NO1)C2CC2,1.2730261
C1CC=CC(=NN1)C2CC2,1.049585
C1CC=CC(=NO1)C2CC2,1.3214067
C1OC=CC(=NO1)C2CC2,1.1560625
C1CC=CC(=CC1)C2CN2,0.85184836
C1NCC=C(C=C1)C2CN2,0.9563942
C1NC1C2=CCOCC=C2,0.97384423
C1CC=C(C=CO1)C2CN2,1.0450901
C1CC=CC(=CO1)C2CN2,1.0094296
C1OC=CC(=CO1)C2CN2,0.9483905
C1CC=C(C=NN1)C2CN2,1.0195754
C1CC=C(C=NO1)C2CN2,1.362123
C1OC=C(C=NO1)C2CN2,1.3959874
C1CC=CC(=NN1)C2CN2,1.0208708
C1CC=CC(=NO1)C2CN2,1.2758762
C1OC=CC(=NO1)C2CN2,1.4190985
C1CC=CC(=CC1)C2CO2,0.9210116
C1NCC=C(C=C1)C2CO2,0.87523806
C1OCC=C(C=C1)C2CO2,1.1833768
C1CC=C(C=CO1)C2CO2,0.86868906
C1CC=CC(=CO1)C2CO2,0.8248773
C1OC=CC(=CO1)C2CO2,1.0155879
C1CC=C(C=NN1)C2CO2,0.9630289
C1CC=C(C=NO1)C2CO2,1.2432317
C1OC=C(C=NO1)C2CO2,1.4418505
C1CC=CC(=NN1)C2CO2,0.9285674
C1CC=CC(=NO1)C2CO2,1.3216451
C1OC=CC(=NO1)C2CO2,1.4544894
C1CC=CC(=NC1)N2CC2,1.17192
C1CN=C(C=CN1)N2CC2,0.7210906
C1CN=C(C=CO1)N2CC2,0.8810264
C1CC=CC(=NN1)N2CC2,0.8406237
C1CC=CC(=NO1)N2CC2,1.2475973
C1OC=CC(=NO1)N2CC2,1.4590174
C1C=CC=CC(=C1)C2CC2,1.0674078
C1CC1C2=COC=CC=C2,0.814779
C1C=NN=CC(=C1)C2CC2,1.5784855
C1CC1C2=CNN=CN=C2,1.3339192
C1CC1C2=COC=NN=C2,1.5229088
C1CC1C2=NOC=NC=C2,1.544361
C1CC1C2=CN=NC=NN2,1.8297096
C1NC1C2=CCC=CC=C2,0.998976
C1NC1C2=COC=CC=C2,1.0076839
C1C=NN=CC(=C1)C2CN2,1.7266809
C1NC1C2=CNN=CN=C2,1.4178022
C1NC1C2=COC=NN=C2,1.7065073
C1NC1C2=NOC=NC=C2,1.5083271
C1NC1C2=CN=NC=NN2,2.0458796
C1OC1C2=CCC=CC=C2,1.1999631
C1OC1C2=COC=CC=C2,1.1060066
C1C=NN=CC(=C1)C2CO2,2.04157
C1OC1C2=CN=CNN=C2,1.6358744
C1OC1C2=COC=NN=C2,2.0468016
C1OC1C2=NOC=NC=C2,1.7813267
C1OC1C2=CN=NC=NN2,2.2686472
C1CN1C2=NCC=CC=C2,1.105987
C1CN1C2=NN=CNC=C2,1.1649283
C1CN1C2=NOC=NC=C2,1.6497141
C1CN1C2=CNN=CN=N2,1.8506918
C1C=CC=C(C=C1)C2CC2,1.2442673
C1CC1C2=CC=COC=C2,0.866603
C1CC1C2=CN=CON=C2,1.6080616
C1C=CC(=NN=C1)C2CC2,1.4514953
C1CC1C2=NN=COC=C2,1.3794178
C1CC1C2=CC=NOC=N2,1.694142
C1NC1C2=CC=CCC=C2,1.1290919
C1NC1C2=CC=COC=C2,1.0892541
C1NC1C2=CN=CON=C2,1.6778232
C1C=CC(=NN=C1)C2CN2,1.5716985
C1NC1C2=NN=COC=C2,1.420906
C1NC1C2=CC=NOC=N2,1.7286564
C1OC1C2=CC=CCC=C2,1.3759396
C1OC1C2=CC=COC=C2,1.444172
C1OC1C2=CN=CON=C2,2.0249977
C1C=CC(=NN=C1)C2CO2,1.864321
C1OC1C2=NN=COC=C2,1.7261945
C1OC1C2=CC=NOC=N2,2.0956964
C1CN1C2=NC=NCC=C2,1.376973
C1C=CC(=NN=C1)N2CC2,1.3007512
C1CN1C2=NN=COC=C2,1.4827788
C1CN1C2=CC=NOC=N2,1.6630741
CC1C(CC=C)C1C2CC2,0.7274631
NC1C(CC=C)C1C2CC2,0.829049
OC1C(CC=C)C1C2CC2,0.89013934
CC1C(OC=C)C1C2CC2,0.7858154
NC1C(OC=C)C1C2CC2,0.8957194
OC1C(OC=C)C1C2CC2,0.9561221
CC1C(CC=C)C1C2CN2,0.61858857
NC1C(CC=C)C1C2CN2,0.78795207
OC1C(CC=C)C1C2CN2,0.82154393
CC1C(OC=C)C1C2CN2,0.7092284
NC1C(OC=C)C1C2CN2,0.6888382
OC1C(OC=C)C1C2CN2,0.8661179
CC1C(CC=C)C1C2CO2,0.80356574
NC1C(CC=C)C1C2CO2,0.85880893
OC1C(CC=C)C1C2CO2,0.9683171
CC1C(OC=C)C1C2CO2,0.77478826
NC1C(OC=C)C1C2CO2,0.97346747
OC1C(OC=C)C1C2CO2,1.088485
CN1C(CC=C)C1C2CC2,0.58568376
CN1C(CC=C)C1C2CN2,0.69333136
CN1C(CC=C)C1C2CO2,0.68314177
CC1C(C2CC2)N1CC=C,0.6383816
CC1C(C2CN2)N1CC=C,0.84226716
CC1C(C2CO2)N1CC=C,0.9873885
CC1C(CC=C)C1N2CC2,0.68358266
NC1C(CC=C)C1N2CC2,0.8041916
OC1C(CC=C)C1N2CC2,0.83190775
CC1C(OC=C)C1N2CC2,0.69452083
NC1C(OC=C)C1N2CC2,0.880778
OC1C(OC=C)C1N2CC2,1.0947285
CC1C(CC=C)N1C2CC2,0.56472063
CC=CC1C(C)C1C2CC2,0.59578073
CC=CC1C(N)C1C2CC2,0.414546
CC=CC1C(O)C1C2CC2,0.3948937
CC=CC1C(C)C1C2CN2,0.522701
CC=CC1C(N)C1C2CN2,0.48265567
CC=CC1C(O)C1C2CN2,0.55689275
CC=CC1C(C)C1C2CO2,0.62354153
CC=CC1C(N)C1C2CO2,0.5804037
CC=CC1C(O)C1C2CO2,0.61166346
CC=CC1C(C2CC2)N1C,0.501427
CC=CC1C(C2CN2)N1C,0.6152961
CC=CC1C(C2CO2)N1C,0.79184043
CC=CC1C(C)C1N2CC2,0.50789475
CC=CC1C(N)C1N2CC2,0.54954964
CC=CC1C(O)C1N2CC2,0.6376815
CC=CC1C(C)N1C2CC2,0.3287712
CCC1C(C=C)C1C2CC2,0.844316
NCC1C(C=C)C1C2CC2,0.6614388
OCC1C(C=C)C1C2CC2,0.89434433
CNC1C(C=C)C1C2CC2,0.6313893
COC1C(C=C)C1C2CC2,0.83192044
CCC1C(C=C)C1C2CN2,0.7194774
NCC1C(C=C)C1C2CN2,0.7928858
OCC1C(C=C)C1C2CN2,0.8824318
CNC1C(C=C)C1C2CN2,0.7259544
COC1C(C=C)C1C2CN2,0.8602494
CCC1C(C=C)C1C2CO2,0.7468819
NCC1C(C=C)C1C2CO2,0.786339
OCC1C(C=C)C1C2CO2,0.98162997
CNC1C(C=C)C1C2CO2,0.7197887
COC1C(C=C)C1C2CO2,0.8765917
CCN1C(C=C)C1C2CC2,0.5243185
CCN1C(C=C)C1C2CN2,0.72116697
CCN1C(C=C)C1C2CO2,0.72213763
CCC1C(C=C)C1N2CC2,0.7088962
NCC1C(C=C)C1N2CC2,0.63338023
OCC1C(C=C)C1N2CC2,0.73805773
CNC1C(C=C)C1N2CC2,0.61777794
COC1C(C=C)C1N2CC2,0.90504855
CCC1C(C=C)N1C2CC2,0.5588182
NCC1C(C=C)N1C2CC2,0.49033818
OCC1C(C=C)N1C2CC2,0.86278844
C=CC1C(C=C)C1C2CC2,1.0469575
C=CC1C(C=O)C1C2CC2,1.0109735
C=CC1C(C#N)C1C2CC2,1.1889157
C=CC1C(C=C)C1C2CN2,1.0037272
C=CC1C(C=O)C1C2CN2,1.0952528
C=CC1C(C#N)C1C2CN2,0.9588479
C=CC1C(C=C)C1C2CO2,1.1040435
C=CC1C(C=O)C1C2CO2,1.4550396
C=CC1C(C#N)C1C2CO2,1.6565905
C=CC1C(C2CC2)N1C=N,0.92905957
C=CC1C(C2CC2)N1C=O,0.7809735
C=CC1C(C2CC2)N1N=C,1.1575176
C=CC1C(C2CN2)N1C=N,1.0605073
C=CC1C(C2CN2)N1C=O,0.8509649
C=CC1C(C2CN2)N1N=C,1.1952983
C=CC1C(C2CO2)N1C=N,0.7444012
C=CC1C(C2CO2)N1C=O,0.8911266
C=CC1C(C2CO2)N1N=C,0.97568905
C=CC1C(C=C)C1N2CC2,0.9268004
C=CC1C(C=O)C1N2CC2,1.1335938
C=CC1C(C#N)C1N2CC2,1.1729883
C=CC1C(C=C)N1C2CC2,0.9345895
C=CC1C(C=O)N1C2CC2,1.1993529
C=CC1C(C#N)N1C2CC2,1.276112
C=CC1C(C#C)C1C2CC2,1.0712332
C=CC1C(C#C)C1C2CN2,0.98263836
C=CC1C(C#C)C1C2CO2,1.0527667
C=CC1C(C#C)C1N2CC2,0.9370272
C=CC1C(C#C)N1C2CC2,0.94245887
CC1CCC(=C)C1C2CC2,0.6289856
NC1CCC(=C)C1C2CC2,0.65476567
OC1CCC(=C)C1C2CC2,0.75653845
CC1COC(=C)C1C2CC2,0.6285982
NC1COC(=C)C1C2CC2,0.7316357
OC1COC(=C)C1C2CC2,0.92037106
CC1NCC(=C)C1C2CC2,0.48984393
CC1OCC(=C)C1C2CC2,0.77173436
CN1CCC(=C)C1C2CC2,0.48730183
CC1CCC(=C)C1C2CN2,0.5490427
NC1CCC(=C)C1C2CN2,0.7157174
OC1CCC(=C)C1C2CN2,0.699623
CC1COC(=C)C1C2CN2,0.5847893
NC1COC(=C)C1C2CN2,0.68312716
OC1COC(=C)C1C2CN2,0.9006228
CC1NCC(=C)C1C2CN2,0.57557815
CC1OCC(=C)C1C2CN2,0.62590975
CN1CCC(=C)C1C2CN2,0.57261467
CC1CCC(=C)C1C2CO2,0.63770914
NC1CCC(=C)C1C2CO2,0.7292494
OC1CCC(=C)C1C2CO2,0.84197754
CC1COC(=C)C1C2CO2,0.67157555
NC1COC(=C)C1C2CO2,0.85128725
OC1COC(=C)C1C2CO2,0.8001125
CC1NCC(=C)C1C2CO2,0.5791872
CC1OCC(=C)C1C2CO2,0.62792116
CN1CCC(=C)C1C2CO2,0.49371904
CC1CCC(=C)C1N2CC2,0.59067994
NC1CCC(=C)C1N2CC2,0.6599596
OC1CCC(=C)C1N2CC2,0.6325656
CC1COC(=C)C1N2CC2,0.66513944
NC1COC(=C)C1N2CC2,0.82655764
OC1COC(=C)C1N2CC2,1.1986271
CC1NCC(=C)C1N2CC2,0.56340915
CC1OCC(=C)C1N2CC2,0.73181486
C=C1CCC(=C)C1C2CC2,0.8252486
C=C1CCC(=O)C1C2CC2,0.99680954
C=C1CNC(=N)C1C2CC2,0.73651665
C=C1CNC(=O)C1C2CC2,0.8204377
C=C1COC(=C)C1C2CC2,0.8360816
C=C1COC(=O)C1C2CC2,1.2341751
C=C1OCC(=O)C1C2CC2,1.3524338
C=C1CCC(=N)N1C2CC2,0.4712766
C=C1CCC(=O)N1C2CC2,0.6742399
C=C1CNC(=N)N1C2CC2,0.545017
C=C1CNC(=O)N1C2CC2,0.65433323
C=C1COC(=N)N1C2CC2,0.5616665
C=C1COC(=O)N1C2CC2,0.8249872
C=C1OCC(=N)N1C2CC2,0.6487414
C=C1OCC(=O)N1C2CC2,0.8038981
C=C1CCC(=C)C1C2CN2,0.8500249
C=C1CCC(=O)C1C2CN2,1.0005447
C=C1CNC(=N)C1C2CN2,0.747064
C=C1CNC(=O)C1C2CN2,0.7321131
C=C1COC(=C)C1C2CN2,0.92047775
C=C1COC(=O)C1C2CN2,0.86696637
C=C1OCC(=O)C1C2CN2,1.2227237
C=C1CCC(=C)C1C2CO2,0.9290591
C=C1CCC(=O)C1C2CO2,1.1788926
C=C1CNC(=N)C1C2CO2,0.7666303
C=C1CNC(=O)C1C2CO2,0.77484655
C=C1COC(=C)C1C2CO2,0.9300781
C=C1COC(=O)C1C2CO2,1.2812554
C=C1OCC(=O)C1C2CO2,1.5030252
C=C1CCC(=C)C1N2CC2,0.7468817
C=C1CCC(=O)C1N2CC2,1.1763248
C=C1CNC(=N)C1N2CC2,1.0323701
C=C1CNC(=O)C1N2CC2,1.041452
C=C1COC(=C)C1N2CC2,1.0387548
C=C1COC(=O)C1N2CC2,1.2678211
C=C1OCC(=O)C1N2CC2,1.395579
C=C1CCC(=N)N1N2CC2,0.8238604
C=C1CCC(=O)N1N2CC2,0.96048665
C=C1CNC(=N)N1N2CC2,0.98490185
C=C1CNC(=O)N1N2CC2,1.0174509
C=C1COC(=N)N1N2CC2,1.0037851
C=C1COC(=O)N1N2CC2,1.267183
C=C1OCC(=N)N1N2CC2,1.0163411
C=C1OCC(=O)N1N2CC2,1.2767587
CC1C=CC(C)C1C2CC2,0.6254809
CC1C=CC(N)C1C2CC2,0.5544825
CC1C=CC(O)C1C2CC2,0.583505
NC1C=CC(N)C1C2CC2,0.6337054
NC1C=CC(O)C1C2CC2,0.6574427
OC1C=CC(O)C1C2CC2,0.6002973
CC1C=CC(C)N1C2CC2,0.47713584
CC1C=CC(C)C1C2CN2,0.45642608
CC1C=CC(N)C1C2CN2,0.5386673
CC1C=CC(O)C1C2CN2,0.59689426
NC1C=CC(N)C1C2CN2,0.65675193
NC1C=CC(O)C1C2CN2,0.54809713
OC1C=CC(O)C1C2CN2,0.5984504
CC1C=CC(C)C1C2CO2,0.50691265
CC1C=CC(N)C1C2CO2,0.617696
CC1C=CC(O)C1C2CO2,0.5215123
NC1C=CC(N)C1C2CO2,0.608228
NC1C=CC(O)C1C2CO2,0.538026
OC1C=CC(O)C1C2CO2,0.72016746
CC1C=CC(C)C1N2CC2,0.5845969
CC1C=CC(N)C1N2CC2,0.55612445
CC1C=CC(O)C1N2CC2,0.7488241
NC1C=CC(N)C1N2CC2,0.6798895
NC1C=CC(O)C1N2CC2,0.83231926
OC1C=CC(O)C1N2CC2,0.9298996
CC1C=CC(=C)C1C2CC2,0.860044
CC1C=CC(=O)C1C2CC2,1.2256114
NC1C=CC(=C)C1C2CC2,0.9398558
OC1C=CC(=C)C1C2CC2,0.9428437
OC1C=CC(=O)C1C2CC2,1.2618369
CN1N=CC(=C)C1C2CC2,1.0266814
CC1C=CC(=N)N1C2CC2,0.78415143
CC1C=CC(=O)N1C2CC2,0.9252963
CC1C=CC(=C)C1C2CN2,0.8866461
CC1C=CC(=O)C1C2CN2,1.2385892
NC1C=CC(=C)C1C2CN2,0.9967514
OC1C=CC(=C)C1C2CN2,0.9777921
OC1C=CC(=O)C1C2CN2,1.3014914
CN1N=CC(=C)C1C2CN2,1.0357381
CC1C=CC(=C)C1C2CO2,0.83190453
CC1C=CC(=O)C1C2CO2,1.3626678
NC1C=CC(=C)C1C2CO2,1.1684803
OC1C=CC(=C)C1C2CO2,1.1800703
OC1C=CC(=O)C1C2CO2,1.6898997
CN1N=CC(=C)C1C2CO2,1.1688942
CC1C=CC(=C)C1N2CC2,0.80464864
CC1C=CC(=O)C1N2CC2,1.3339137
NC1C=CC(=C)C1N2CC2,0.98179454
OC1C=CC(=C)C1N2CC2,1.0284003
OC1C=CC(=O)C1N2CC2,1.3841983
CC1C=CC(=N)N1N2CC2,0.9700053
CC1C=CC(=O)N1N2CC2,1.2222666
C=C1C=CC(=C)C1C2CC2,1.134458
C=C1C=CC(=O)C1C2CC2,1.4778289
O=C1C=CC(=O)C1C2CC2,2.0244904
C=C1C=CC(=N)N1C2CC2,1.0066394
C=C1C=CC(=O)N1C2CC2,1.0825804
N=C1C=CC(=N)N1C2CC2,1.0889268
N=C1C=CC(=O)N1C2CC2,1.2003344
O=C1C=CC(=O)N1C2CC2,1.3647081
C=C1C=NC(=N)N1C2CC2,1.2395666
C=C1C=NC(=O)N1C2CC2,1.2980212
C=C1C=CC(=C)C1C2CN2,1.2016959
C=C1C=CC(=O)C1C2CN2,1.4733387
O=C1C=CC(=O)C1C2CN2,1.808817
C=C1C=CC(=C)C1C2CO2,1.3680354
C=C1C=CC(=O)C1C2CO2,1.9389335
O=C1C=CC(=O)C1C2CO2,2.2080297
C=C1C=CC(=C)C1N2CC2,1.266847
C=C1C=CC(=O)C1N2CC2,1.5628601
O=C1C=CC(=O)C1N2CC2,1.9925317
C=C1C=CC(=N)N1N2CC2,1.2859764
C=C1C=CC(=O)N1N2CC2,1.6478838
N=C1C=CC(=N)N1N2CC2,1.5654926
N=C1C=CC(=O)N1N2CC2,1.3220357
O=C1C=CC(=O)N1N2CC2,1.4872531
C=C1C=NC(=N)N1N2CC2,1.6840276
C=C1C=NC(=O)N1N2CC2,1.4186978
CC1CC=C(C)C1C2CC2,0.59404325
CC1=CCC(N)C1C2CC2,0.5157111
CC1=CCC(O)C1C2CC2,0.6190933
CC1OC=C(C)C1C2CC2,0.6263003
CN1CC=C(C)C1C2CC2,0.521997
CC1CC=C(C)C1C2CN2,0.5766351
CC1=CCC(N)C1C2CN2,0.5420401
CC1=CCC(O)C1C2CN2,0.5178028
CC1OC=C(C)C1C2CN2,0.624437
CN1CC=C(C)C1C2CN2,0.6389927
CC1CC=C(C)C1C2CO2,0.6466337
CC1=CCC(N)C1C2CO2,0.56432194
CC1=CCC(O)C1C2CO2,0.6714648
CC1OC=C(C)C1C2CO2,0.5143701
CN1CC=C(C)C1C2CO2,0.5679229
CC1CC=C(C)C1N2CC2,0.6163182
CC1=CCC(N)C1N2CC2,0.55472577
CC1=CCC(O)C1N2CC2,0.7512535
CC1OC=C(C)C1N2CC2,0.6735166
CC1=CCC(=C)C1C2CC2,0.81281215
CC1=CCC(=O)C1C2CC2,1.0896174
CC1=CNC(=N)C1C2CC2,0.75516737
CC1=CNC(=O)C1C2CC2,0.7524655
CC1=COC(=C)C1C2CC2,0.75017357
CC1=COC(=O)C1C2CC2,1.0659755
CC1=CCC(=N)N1C2CC2,0.5214221
CC1=CCC(=O)N1C2CC2,0.69552344
CC1=NCC(=C)N1C2CC2,0.42009255
CC1=CCC(=C)C1C2CN2,0.8440793
CC1=CCC(=O)C1C2CN2,1.152268
CC1=CNC(=N)C1C2CN2,0.6794192
CC1=CNC(=O)C1C2CN2,0.62450475
CC1=COC(=C)C1C2CN2,0.7216219
CC1=COC(=O)C1C2CN2,0.7233192
CC1=CCC(=C)C1C2CO2,0.81180215
CC1=CCC(=O)C1C2CO2,1.2551872
CC1=CNC(=N)C1C2CO2,0.6160443
CC1=CNC(=O)C1C2CO2,0.7147707
CC1=COC(=C)C1C2CO2,0.6518425
CC1=COC(=O)C1C2CO2,1.2102157
CC1=CCC(=C)C1N2CC2,0.8051707
CC1=CCC(=O)C1N2CC2,1.2257693
CC1=CNC(=N)C1N2CC2,0.9796501
CC1=CNC(=O)C1N2CC2,0.96652657
CC1=COC(=C)C1N2CC2,0.87950635
CC1=COC(=O)C1N2CC2,1.1318495
CC1=CCC(=N)N1N2CC2,0.8186826
CC1=CCC(=O)N1N2CC2,0.9726695
CC1=NCC(=C)N1N2CC2,0.73664
CC1=CC=C(C)C1C2CC2,0.8562017
CC1=CC=C(C)C1C2CN2,1.0541862
CC1=CC=C(C)C1C2CO2,1.1222801
CC1=CC=C(C)C1N2CC2,0.8250113
CC1CCC(C)=C1C2CC2,0.5130334
CC1=C(C(N)CC1)C2CC2,0.6701628
CC1=C(C(O)CC1)C2CC2,0.70937407
CC1COC(C)=C1C2CC2,0.5099072
CC1=C(C(N)CO1)C2CC2,0.70649785
CC1=C(C(O)CO1)C2CC2,0.71734965
CC1NCC(C)=C1C2CC2,0.3807255
CC1OCC(C)=C1C2CC2,0.60124123
CC1CCC(C)=C1C2CN2,0.41677853
CC1=C(C(N)CC1)C2CN2,0.78609174
CC1=C(C(O)CC1)C2CN2,0.8249378
CC1COC(C)=C1C2CN2,0.46568495
CC1=C(C(N)CO1)C2CN2,0.7463052
CC1=C(C(O)CO1)C2CN2,0.7314596
CC1NCC(C)=C1C2CN2,0.46414784
CC1OCC(C)=C1C2CN2,0.4635605
CC1CCC(C)=C1C2CO2,0.54889894
CC1=C(C(N)CC1)C2CO2,0.89964044
CC1=C(C(O)CC1)C2CO2,0.87321186
CC1COC(C)=C1C2CO2,0.63840884
CC1=C(C(N)CO1)C2CO2,0.946648
CC1=C(C(O)CO1)C2CO2,0.86681116
CC1NCC(C)=C1C2CO2,0.44502643
CC1OCC(C)=C1C2CO2,0.5509955
CC1=C(C2CC2)C(=C)CC1,0.7565256
CC1=C(C2CC2)C(=O)CC1,1.1118859
NC1=C(C2CC2)C(=O)CC1,1.3709413
CC1=C(C2CC2)C(=C)CO1,0.9268323
CC1=C(C2CC2)C(=N)NC1,0.7533809
NC1=C(C2CC2)C(=N)NC1,1.1687124
CC1=C(C2CC2)C(=O)NC1,1.0484056
NC1=C(C2CC2)C(=O)NC1,1.195238
CC1=C(C2CC2)C(=C)OC1,0.7708489
CC1=C(C2CC2)C(=O)OC1,1.2800988
NC1=C(C2CC2)C(=O)OC1,1.4759016
CC1=C(C2CN2)C(=C)CC1,0.8209405
CC1=C(C2CN2)C(=O)CC1,1.2291563
NC1=C(C2CN2)C(=O)CC1,1.4332134
CC1=C(C2CN2)C(=C)CO1,0.9176096
CC1=C(C2CN2)C(=N)NC1,0.99345624
NC1=C(C2CN2)C(=N)NC1,1.100703
CC1=C(C2CN2)C(=O)NC1,1.0639383
NC1=C(C2CN2)C(=O)NC1,1.2277007
CC1=C(C2CN2)C(=C)OC1,0.88574034
CC1=C(C2CN2)C(=O)OC1,1.2978588
NC1=C(C2CN2)C(=O)OC1,1.5030518
CC1=C(C2CO2)C(=C)CC1,0.7439203
CC1=C(C2CO2)C(=O)CC1,1.4120177
NC1=C(C2CO2)C(=O)CC1,1.7181154
CC1=C(C2CO2)C(=C)CO1,1.0604538
CC1=C(C2CO2)C(=N)NC1,0.9863301
NC1=C(C2CO2)C(=N)NC1,1.0956386
CC1=C(C2CO2)C(=O)NC1,1.062272
NC1=C(C2CO2)C(=O)NC1,1.2654997
CC1=C(C2CO2)C(=C)OC1,0.9726602
CC1=C(C2CO2)C(=O)OC1,1.4635657
NC1=C(C2CO2)C(=O)OC1,1.5434934
CC1C=CC(C)=C1C2CC2,0.7916262
CC1=C(C(N)C=C1)C2CC2,0.73664916
CC1=C(C(O)C=C1)C2CC2,1.0183154
CC1C=CC(C)=C1C2CN2,0.7146541
CC1=C(C(N)C=C1)C2CN2,0.9785088
CC1=C(C(O)C=C1)C2CN2,0.9989989
CC1C=CC(C)=C1C2CO2,0.82467437
CC1=C(C(N)C=C1)C2CO2,1.1793753
CC1=C(C(O)C=C1)C2CO2,1.0580575
CC1=C(C2CC2)C(=C)C=C1,1.197897
CC1=C(C2CC2)C(=O)C=C1,1.6627566
NC1=C(C2CC2)C(=O)C=C1,1.8475298
CC1=C(C2CC2)C(=O)C=N1,1.7358034
NC1=C(C2CC2)C(=O)C=N1,1.8145052
CC1=C(C2CC2)C(=N)N=C1,1.7852689
NC1=C(C2CC2)C(=N)N=C1,2.0720088
CC1=C(C2CC2)C(=O)N=C1,2.1140952
NC1=C(C2CC2)C(=O)N=C1,2.1664457
CC1=C(C2CN2)C(=C)C=C1,1.2989622
CC1=C(C2CN2)C(=O)C=C1,1.8877617
NC1=C(C2CN2)C(=O)C=C1,2.0347528
CC1=C(C2CN2)C(=O)C=N1,2.1463652
NC1=C(C2CN2)C(=O)C=N1,1.8466233
CC1=C(C2CN2)C(=N)N=C1,2.010572
NC1=C(C2CN2)C(=N)N=C1,2.0777385
CC1=C(C2CN2)C(=O)N=C1,2.234773
NC1=C(C2CN2)C(=O)N=C1,2.0770094
CC1=C(C2CO2)C(=C)C=C1,1.3047584
CC1=C(C2CO2)C(=O)C=C1,2.2725475
NC1=C(C2CO2)C(=O)C=C1,2.3120291
CC1=C(C2CO2)C(=O)C=N1,2.1841047
NC1=C(C2CO2)C(=O)C=N1,2.210163
CC1=C(C2CO2)C(=N)N=C1,2.0833235
NC1=C(C2CO2)C(=N)N=C1,2.2928977
CC1=C(C2CO2)C(=O)N=C1,2.3207018
NC1=C(C2CO2)C(=O)N=C1,2.7304416
CC1=C(N2CC2)C(=N)N=C1,1.9048036
NC1=C(N2CC2)C(=N)N=C1,2.1538982
CC1=C(N2CC2)C(=O)N=C1,2.0498447
NC1=C(N2CC2)C(=O)N=C1,2.2858055
CC1=C(C2CC2)C(C)=CC1,0.85198677
CC1=C(C2CN2)C(C)=CC1,0.8620815
CC1=C(C2CO2)C(C)=CC1,0.8573332
C1CC1C23CC=CCC2C3,0.7000937
C1CC1C23CC=COC2C3,0.6546435
C1CC1C23CC2CC=CO3,0.8518623
C1CC1C23CC2OC=CO3,0.4972294
C1NC1C23CC=CCC2C3,0.73020786
C1NC1C23CC=COC2C3,0.710849
C1NC1C23CC2CC=CO3,0.8872059
C1NC1C23CC2OC=CO3,0.51427627
C1OC1C23CC=CCC2C3,1.0124655
C1OC1C23CC=COC2C3,0.91029876
C1OC1C23CC2CC=CO3,1.1294239
C1OC1C23CC2OC=CO3,0.7199837
C1CC1C23CC=CCC2N3,0.6827387
C1NC1C23CC=CCC2N3,0.6409757
C1OC1C23CC=CCC2N3,0.97806656
C1CC1C23CC=CCC2O3,0.82502687
C1NC1C23CC=CCC2O3,0.9916863
C1OC1C23CC=CCC2O3,1.1762145
C1CN1C23CC=CCC2C3,0.8102511
C1CN1C23CC=COC2C3,0.8185762
C1CC1C23CC=CCN2C3,0.6536469
C1NC1C23CC=CCN2C3,0.71892554
C1OC1C23CC=CCN2C3,0.8484214
C1CC2(CC2C=C1)C3CC3,0.7914049
C1CC1C23COC=CC2C3,0.75522983
C1CC1C23CC2C=CCN3,0.73568714
C1CC1C23CC2C=CCO3,0.8746221
C1CC2(CC2C=C1)C3CN3,0.72341555
C1NC1C23COC=CC2C3,0.76419735
C1NC2(CC2C=C1)C3CN3,0.89340454
C1NC1C23CC2C=CCO3,0.83024573
C1CC2(CC2C=C1)C3CO3,0.7808243
C1OC1C23COC=CC2C3,0.99185795
C1NC2(CC2C=C1)C3CO3,0.7410015
C1OC2(CC2C=C1)C3CO3,0.76961553
C1CC2(NC2C=C1)C3CC3,0.6889999
C1CC1C23COC=CC2N3,0.53231275
C1CC2(NC2C=C1)C3CN3,0.75825405
C1NC1C23COC=CC2N3,0.655323
C1CC2(NC2C=C1)C3CO3,0.5958228
C1OC1C23COC=CC2N3,0.8348453
C1CC2(OC2C=C1)C3CC3,1.0059888
C1CC1C23COC=CC2O3,0.7221849
C1CC2(OC2C=C1)C3CN3,0.7873172
C1NC1C23COC=CC2O3,0.81376594
C1CC2(OC2C=C1)C3CO3,0.7040715
C1OC1C23COC=CC2O3,1.0137978
C1CC2(CC2C=C1)N3CC3,0.70548135
C1CN1C23COC=CC2C3,0.77693504
C1CC1C23CCC2C=CC3,0.79669595
C1CC1C23CCC2C=CO3,0.6244047
C1CC1C23CNC2C=CC3,0.51460516
C1CC1C23CNC2C=CO3,0.47831246
C1CC1C23COC2C=CC3,0.9143038
C1CC1C23COC2C=CO3,0.7894882
C1CC1C23CC=CC2CN3,0.5089235
C1CC1C23CC=CC2CO3,0.8284594
C1CC2(CC=CC12)C3CN3,0.6763987
C1CC2(OC=CC12)C3CN3,0.6379419
C1NC1C23CNC2C=CC3,0.7358442
C1NC1C23CNC2C=CO3,0.5741508
C1NC1C23COC2C=CC3,0.88761634
C1NC1C23COC2C=CO3,0.8297235
C1NC1C23CC=CC2CN3,0.69337726
C1NC1C23CC=CC2CO3,0.8337027
C1CC2(CC=CC12)C3CO3,0.7959818
C1CC2(OC=CC12)C3CO3,0.46960232
C1NC2C=CCC12C3CO3,0.71730095
C1NC2C=COC12C3CO3,0.51177424
C1OC1C23COC2C=CC3,0.9924871
C1OC1C23COC2C=CO3,1.0459267
C1NC2(CC=CC12)C3CO3,0.76150113
C1OC1C23CC=CC2CO3,0.98885006
C1CC2(CC=CC12)N3CC3,0.579673
C1CN1C23CNC2C=CC3,0.76558405
C1CN1C23COC2C=CC3,0.93825823
C1CC1C23CCC2CC=C3,0.7572561
C1CC1C23CCC2OC=C3,0.67292476
C1CC1C23CNC2CC=C3,0.5677909
C1CC1C23COC2CC=C3,0.821134
C1CC1C23NCC2CC=C3,0.59438777
C1CC1C23NCC2OC=C3,0.63212806
C1CC1C23OCC2CC=C3,0.78145695
C1CC1C23OCC2OC=C3,0.7465318
C1CC1C23CCN2CC=C3,0.5665323
C1CC2(C=CCC12)C3CN3,0.65173584
C1CC2(C=COC12)C3CN3,0.47723028
C1NC1C23CNC2CC=C3,0.72718996
C1NC1C23COC2CC=C3,0.88991416
C1NC1C23NCC2CC=C3,0.5841633
C1NC1C23NCC2OC=C3,0.67176056
C1NC1C23OCC2CC=C3,0.82741857
C1NC1C23OCC2OC=C3,0.76435614
C1NC1C23CCN2CC=C3,0.65067196
C1CC2(C=CCC12)C3CO3,0.7537817
C1CC2(C=COC12)C3CO3,0.57720006
C1NC2CC=CC12C3CO3,0.7441439
C1OC1C23COC2CC=C3,0.9894453
C1NC2(C=CCC12)C3CO3,0.789888
C1NC2(C=COC12)C3CO3,0.62060004
C1OC1C23OCC2CC=C3,0.98546433
C1OC1C23OCC2OC=C3,1.0781682
C1OC1C23CCN2CC=C3,0.7946931
C1CC2(C=CCC12)N3CC3,0.72638226
C1CC2(C=COC12)N3CC3,0.76325905
C1CN1C23CNC2CC=C3,0.757941
C1CN1C23COC2CC=C3,0.96698296
CC1C2C=CCC12C3CC3,0.8040734
NC1C2C=CCC12C3CC3,0.9017626
OC1C2C=CCC12C3CC3,1.0881698
CC1C2C=COC12C3CC3,0.6004844
NC1C2C=COC12C3CC3,0.62059087
OC1C2C=COC12C3CC3,0.84023136
CC1C2C=CCC12C3CN3,0.84825987
NC1C2C=CCC12C3CN3,1.0169736
OC1C2C=CCC12C3CN3,0.95967436
CC1C2C=COC12C3CN3,0.31813076
NC1C2C=COC12C3CN3,0.4291068
OC1C2C=COC12C3CN3,0.7117042
CC1C2C=CCC12C3CO3,0.9840618
NC1C2C=CCC12C3CO3,1.0051785
OC1C2C=CCC12C3CO3,1.04777
CC1C2C=COC12C3CO3,0.5676891
NC1C2C=COC12C3CO3,0.62455094
OC1C2C=COC12C3CO3,0.7642617
CC1C2C=CCC12N3CC3,0.79373175
NC1C2C=CCC12N3CC3,0.92963356
OC1C2C=CCC12N3CC3,1.2034625
CN1C2C=CCC12C3CC3,0.6898038
CN1C2C=CCC12C3CN3,0.6958039
CN1C2C=CCC12C3CO3,0.7460322
C=C1CCC2CC12C3CC3,0.5382063
C=C1OCC2CC12C3CC3,0.6553928
C=C1CNC2CC12C3CC3,0.47647396
C=C1COC2CC12C3CC3,0.7008299
C=C1CCC2CC12C3CN3,0.58317
C=C1OCC2CC12C3CN3,0.499606
C=C1CNC2CC12C3CN3,0.6170835
C=C1COC2CC12C3CN3,0.5703759
C=C1CCC2CC12C3CO3,0.6544339
C=C1OCC2CC12C3CO3,0.5730798
C=C1CNC2CC12C3CO3,0.51644665
C=C1COC2CC12C3CO3,0.51599014
C=C1CCC2NC12C3CC3,0.6209066
C=C1OCC2NC12C3CC3,0.98507214
C=C1CCC2NC12C3CN3,0.71258223
C=C1OCC2NC12C3CN3,0.67897016
C=C1CCC2NC12C3CO3,0.63087034
C=C1OCC2NC12C3CO3,0.6180674
C=C1CCC2OC12C3CC3,0.76013875
C=C1OCC2OC12C3CC3,0.9013643
C=C1CCC2OC12C3CN3,0.75175214
C=C1OCC2OC12C3CN3,0.7427645
C=C1CCC2OC12C3CO3,0.67375994
C=C1OCC2OC12C3CO3,0.8286524
C=C1CCC2CC12N3CC3,0.61234903
C=C1OCC2CC12N3CC3,0.74035645
C=C1CNC2CC12N3CC3,0.5731724
C=C1COC2CC12N3CC3,0.94726205
C=C1CCN2CC12C3CC3,0.44918185
C=C1CCN2CC12C3CN3,0.47831145
C=C1CCN2CC12C3CO3,0.51310855
CC1C=CC2CC12C3CC3,0.688364
NC1C=CC2CC12C3CC3,0.7484376
OC1C=CC2CC12C3CC3,0.7601521
CC1C=CC2CC12C3CN3,0.73554355
NC1C=CC2CC12C3CN3,0.717793
OC1C=CC2CC12C3CN3,0.71549195
CC1C=CC2CC12C3CO3,0.638701
NC1C=CC2CC12C3CO3,0.69826853
OC1C=CC2CC12C3CO3,0.66514325
CC1C=CC2NC12C3CC3,0.63577116
NC1C=CC2NC12C3CC3,0.8340633
OC1C=CC2NC12C3CC3,0.9105541
CC1C=CC2NC12C3CN3,0.73269206
NC1C=CC2NC12C3CN3,0.6740619
OC1C=CC2NC12C3CN3,0.78644145
CC1C=CC2NC12C3CO3,0.67481595
NC1C=CC2NC12C3CO3,0.74347466
OC1C=CC2NC12C3CO3,0.64032155
CC1C=CC2OC12C3CC3,0.9137767
NC1C=CC2OC12C3CC3,0.8371985
OC1C=CC2OC12C3CC3,0.9806893
CC1C=CC2OC12C3CN3,0.8089795
NC1C=CC2OC12C3CN3,0.755396
OC1C=CC2OC12C3CN3,0.9437523
CC1C=CC2OC12C3CO3,0.8050341
NC1C=CC2OC12C3CO3,0.7282151
OC1C=CC2OC12C3CO3,1.0207471
CC1C=CC2CC12N3CC3,0.6636192
NC1C=CC2CC12N3CC3,0.8298981
OC1C=CC2CC12N3CC3,0.9061688
C=C1C=CC2CC12C3CC3,0.9185117
O=C1C=CC2CC12C3CC3,1.4741776
C=C1C=CC2CC12C3CN3,0.89369744
O=C1C=CC2CC12C3CN3,1.1577569
C=C1C=CC2CC12C3CO3,0.83666533
O=C1C=CC2CC12C3CO3,1.331952
C=C1C=CC2NC12C3CC3,1.1470283
O=C1C=CC2NC12C3CC3,1.149678
C=C1C=CC2NC12C3CN3,1.0645481
O=C1C=CC2NC12C3CN3,1.2779386
C=C1C=CC2NC12C3CO3,0.8201207
O=C1C=CC2NC12C3CO3,1.3814633
C=C1C=CC2OC12C3CC3,1.1460642
O=C1C=CC2OC12C3CC3,1.4260626
C=C1C=CC2OC12C3CN3,1.1377078
O=C1C=CC2OC12C3CN3,1.6577334
C=C1C=CC2OC12C3CO3,1.2785859
O=C1C=CC2OC12C3CO3,1.537812
C=C1C=CC2CC12N3CC3,1.1186849
O=C1C=CC2CC12N3CC3,1.4549447
O=C1C=CN2CC12C3CC3,1.0302302
C=C1C=NN2CC12C3CC3,1.2652056
O=C1C=CN2CC12C3CN3,0.924081
C=C1C=NN2CC12C3CN3,1.1913089
O=C1C=CN2CC12C3CO3,1.2502474
C=C1C=NN2CC12C3CO3,1.4613837
C=C(C1CCCC1)C2CC2,0.7457884
C=C(C1CC1)C2CCNC2,0.567412
C=C(C1CC1)C2CCOC2,0.48985857
C=C(C1CC1)C2CCCN2,0.4158953
C=C(C1CC1)C2CCCO2,0.6808789
C=C(C1CC1)C2COCO2,0.76854074
C=C(C1CC1)C2OCCO2,0.8703676
C=C(C1CCCC1)C2CN2,0.5241168
C=C(C1CCNC1)C2CN2,0.48308128
C=C(C1CCOC1)C2CN2,0.46776983
C=C(C1CCCN1)C2CN2,0.4803109
C=C(C1CN1)C2CCCO2,0.5553669
C=C(C1CN1)C2COCO2,0.6285788
C=C(C1CN1)C2OCCO2,0.80736136
C=C(C1CCCC1)C2CO2,0.55783546
C=C(C1CCNC1)C2CO2,0.55145514
C=C(C1CCOC1)C2CO2,0.5576475
C=C(C1CCCN1)C2CO2,0.36551762
C=C(C1CCCO1)C2CO2,0.23488908
C=C(C1COCO1)C2CO2,0.46187958
C=C(C1CO1)C2OCCO2,0.9584086
CC(C1CC1)C2CC=CC2,0.52725655
NC(C1CC1)C2CC=CC2,0.55254877
OC(C1CC1)C2CC=CC2,0.40363014
CC(C1CC1)C2CC=CO2,0.4871303
NC(C1CC1)C2CC=CO2,0.5805352
OC(C1CC1)C2CC=CO2,0.46950307
CC(C1CC1)C2OC=CO2,0.54908067
NC(C1CC1)C2OC=CO2,0.71154475
OC(C1CC1)C2OC=CO2,0.7013025
CN(C1CC1)C2CC=CC2,0.5137715
CC(C1CC1)N2CC=CC2,0.42585585
CC(C1CC=CC1)C2CN2,0.5888084
NC(C1CC=CC1)C2CN2,0.68179166
OC(C1CC=CC1)C2CN2,0.57464075
CC(C1CN1)C2CC=CO2,0.48517305
NC(C1CN1)C2CC=CO2,0.47314227
OC(C1CN1)C2CC=CO2,0.43985632
CC(C1CN1)C2OC=CO2,0.78805435
NC(C1CN1)C2OC=CO2,0.7933394
OC(C1CN1)C2OC=CO2,0.695863
CC(C1CN1)N2CC=CC2,0.4108743
CC(C1CC=CC1)C2CO2,0.68649375
NC(C1CC=CC1)C2CO2,0.66663027
OC(C1CC=CC1)C2CO2,0.5136867
CC(C1CO1)C2CC=CO2,0.5611866
NC(C1CO1)C2CC=CO2,0.5276318
OC(C1CO1)C2CC=CO2,0.685789
CC(C1CO1)C2OC=CO2,0.64586544
NC(C1CO1)C2OC=CO2,0.7924364
OC(C1CO1)C2OC=CO2,0.6553948
CC(C1CO1)N2CC=CC2,0.51762104
CC(C1CC=CC1)N2CC2,0.5702841
CC(C1CC=CO1)N2CC2,0.52682227
CC(C1OC=CO1)N2CC2,0.45564345
C=C(C1CC1)C2CC=CC2,0.54623204
O=C(C1CC1)C2CC=CC2,0.7043757
C=C(C1CC1)C2CC=NN2,0.90093905
C=C(C1CC1)C2CN=CN2,0.731646
C=C(C1CC1)C2CC=CO2,0.60965943
O=C(C1CC1)C2CC=CO2,0.69993013
C=C(C1CC1)C2CC=NO2,1.0238237
C=C(C1CC1)C2OC=CO2,0.9298812
O=C(C1CC1)C2OC=CO2,0.8448005
C=C(C1CC1)C2OC=NO2,1.1504693
N=C(C1CC1)N2CC=CC2,0.16372193
O=C(C1CC1)N2CC=CC2,0.39037666
C=C(C1CC=CC1)C2CN2,0.8638135
O=C(C1CC=CC1)C2CN2,0.9446231
C=C(C1CN1)C2CC=NN2,0.86229193
C=C(C1CN1)C2CN=CN2,0.6992362
C=C(C1CN1)C2CC=CO2,0.5921429
O=C(C1CN1)C2CC=CO2,0.6087155
C=C(C1CN1)C2CC=NO2,0.9777286
C=C(C1CN1)C2OC=CO2,0.8684958
O=C(C1CN1)C2OC=CO2,0.9098985
C=C(C1CN1)C2OC=NO2,0.7071928
N=C(C1CN1)N2CC=CC2,0.37079442
O=C(C1CN1)N2CC=CC2,0.26020774
C=C(C1CC=CC1)C2CO2,0.8978985
O=C(C1CC=CC1)C2CO2,1.1513615
C=C(C1CC=NN1)C2CO2,0.5113909
C=C(C1CN=CN1)C2CO2,0.42810112
C=C(C1CO1)C2CC=CO2,0.82215476
O=C(C1CO1)C2CC=CO2,0.7097236
C=C(C1CO1)C2CC=NO2,1.1727108
C=C(C1CO1)C2OC=CO2,0.90114945
O=C(C1CO1)C2OC=CO2,0.932689
C=C(C1CO1)C2OC=NO2,1.1345963
N=C(C1CO1)N2CC=CC2,0.49887535
O=C(C1CO1)N2CC=CC2,0.6062615
N=C(C1CC=CC1)N2CC2,0.7245152
O=C(C1CC=CC1)N2CC2,1.0368395
N=C(C1CC=CO1)N2CC2,0.86410105
O=C(C1CC=CO1)N2CC2,0.93812954
N=C(C1OC=CO1)N2CC2,0.6581204
O=C(C1OC=CO1)N2CC2,0.9785084
N=C(N1CC1)N2CC=CC2,0.37526196
O=C(N1CC1)N2CC=CC2,0.30122438
CC(C1CC1)C2CCC=C2,0.6183896
NC(C1CC1)C2CCC=C2,0.60052466
OC(C1CC1)C2CCC=C2,0.58662057
CC(C1CC1)C2COC=C2,0.46556136
NC(C1CC1)C2COC=C2,0.49574736
OC(C1CC1)C2COC=C2,0.5645912
CC(C1CC1)C2NCC=C2,0.59101444
NC(C1CC1)C2NCC=C2,0.42583674
OC(C1CC1)C2NCC=C2,0.47815293
CC(C1CC1)C2OCC=C2,0.8373353
NC(C1CC1)C2OCC=C2,0.7708443
OC(C1CC1)C2OCC=C2,0.75473046
CN(C1CC1)C2CCC=C2,0.5619398
CN(C1CC1)C2COC=C2,0.51796377
CC(C1CN1)C2CCC=C2,0.5461344
NC(C1CN1)C2CCC=C2,0.5020927
OC(C1CN1)C2CCC=C2,0.2639973
CC(C1CN1)C2COC=C2,0.44039297
NC(C1CN1)C2COC=C2,0.48189682
OC(C1CN1)C2COC=C2,0.55460393
CC(C1CN1)C2NCC=C2,0.46306792
NC(C1CN1)C2NCC=C2,0.40897605
OC(C1CN1)C2NCC=C2,0.5040906
CC(C1CN1)C2OCC=C2,0.7910709
NC(C1CN1)C2OCC=C2,0.7964762
OC(C1CN1)C2OCC=C2,0.7914615
CC(C1CO1)C2CCC=C2,0.6371006
NC(C1CO1)C2CCC=C2,0.46724263
OC(C1CO1)C2CCC=C2,0.6080601
CC(C1CO1)C2COC=C2,0.6304283
NC(C1CO1)C2COC=C2,0.5909351
OC(C1CO1)C2COC=C2,0.6788343
CC(C1CO1)C2NCC=C2,0.59085757
NC(C1CO1)C2NCC=C2,0.70265466
OC(C1CO1)C2NCC=C2,0.65031457
CC(C1CO1)C2OCC=C2,1.083279
NC(C1CO1)C2OCC=C2,0.92941856
OC(C1CO1)C2OCC=C2,0.69927585
CC(C1CCC=C1)N2CC2,0.5960025
CC(C1COC=C1)N2CC2,0.37838143
CC(C1NCC=C1)N2CC2,0.6269496
CC(C1OCC=C1)N2CC2,0.63751626
C=C(C1CC1)C2CCC=C2,0.65779155
O=C(C1CC1)C2CCC=C2,0.7206213
C=C(C1CC1)C2CNN=C2,0.7827765
C=C(C1CC1)C2COC=C2,0.7420891
O=C(C1CC1)C2COC=C2,0.69620216
C=C(C1CC1)C2CON=C2,1.1759262
C=C(C1CC1)C2NCC=C2,0.6012105
O=C(C1CC1)C2NCC=C2,0.5886406
C=C(C1CC1)C2OCC=C2,0.9037877
O=C(C1CC1)C2OCC=C2,0.8145323
N=C(C1CC1)N2CCC=C2,0.18746273
O=C(C1CC1)N2CCC=C2,0.22744593
C=C(C1CC1)N2CCN=C2,0.6255736
N=C(C1CC1)N2NCC=C2,0.26932436
O=C(C1CC1)N2NCC=C2,0.36461046
N=C(C1CC1)N2OCC=C2,0.6434942
O=C(C1CC1)N2OCC=C2,0.68278944
C=C(C1CN1)C2CCC=C2,0.5677836
O=C(C1CN1)C2CCC=C2,0.85589075
C=C(C1CN1)C2CNN=C2,0.8460554
C=C(C1CN1)C2COC=C2,0.6607032
O=C(C1CN1)C2COC=C2,0.8992721
C=C(C1CN1)C2CON=C2,1.10607
C=C(C1CN1)C2NCC=C2,0.7142104
O=C(C1CN1)C2NCC=C2,0.74091864
C=C(C1CN1)C2OCC=C2,0.98943245
O=C(C1CN1)C2OCC=C2,1.1306266
N=C(C1CN1)N2CCC=C2,0.34521794
O=C(C1CN1)N2CCC=C2,0.092698
C=C(C1CN1)N2CCN=C2,0.65253794
N=C(C1CN1)N2NCC=C2,0.41224486
O=C(C1CN1)N2NCC=C2,0.44992235
N=C(C1CN1)N2OCC=C2,0.64417994
O=C(C1CN1)N2OCC=C2,0.83127457
C=C(C1CO1)C2CCC=C2,0.75420886
O=C(C1CO1)C2CCC=C2,0.66470003
C=C(C1CO1)C2CNN=C2,0.9800004
C=C(C1CO1)C2COC=C2,0.76625717
O=C(C1CO1)C2COC=C2,1.0147059
C=C(C1CO1)C2CON=C2,1.1327074
C=C(C1CO1)C2NCC=C2,0.7019924
O=C(C1CO1)C2NCC=C2,0.8416133
C=C(C1CO1)C2OCC=C2,0.96452624
O=C(C1CO1)C2OCC=C2,1.286157
N=C(C1CO1)N2CCC=C2,0.50662124
O=C(C1CO1)N2CCC=C2,0.3270354
C=C(C1CO1)N2CCN=C2,0.7854792
N=C(C1CO1)N2NCC=C2,0.6178716
O=C(C1CO1)N2NCC=C2,0.7010477
N=C(C1CO1)N2OCC=C2,0.84305334
O=C(C1CO1)N2OCC=C2,1.1652489
N=C(C1CCC=C1)N2CC2,0.65153235
O=C(C1CCC=C1)N2CC2,0.7385511
N=C(C1COC=C1)N2CC2,1.058896
O=C(C1COC=C1)N2CC2,0.8044063
N=C(C1NCC=C1)N2CC2,0.71614206
O=C(C1NCC=C1)N2CC2,1.0470301
N=C(C1OCC=C1)N2CC2,1.0040902
O=C(C1OCC=C1)N2CC2,1.1381084
N=C(N1CC1)N2CCC=C2,0.20634359
O=C(N1CC1)N2CCC=C2,0.21348141
N=C(N1CC1)N2NCC=C2,0.38425344
O=C(N1CC1)N2NCC=C2,0.4758627
N=C(N1CC1)N2OCC=C2,0.72375447
O=C(N1CC1)N2OCC=C2,0.9151633
CC(C1CC1)C2C=CC=C2,0.8525596
NC(C1CC1)C2C=CC=C2,0.8235861
OC(C1CC1)C2C=CC=C2,0.8004907
CN(C1CC1)C2C=CC=C2,0.67380506
CC(C1CN1)C2C=CC=C2,0.64990294
NC(C1CN1)C2C=CC=C2,0.7819136
OC(C1CN1)C2C=CC=C2,0.7165191
CC(C1CO1)C2C=CC=C2,0.86873823
NC(C1CO1)C2C=CC=C2,0.80794734
OC(C1CO1)C2C=CC=C2,0.77423334
CC(C1C=CC=C1)N2CC2,0.89976245
C=C(C1CC1)C2C=CC=C2,0.9737397
O=C(C1CC1)C2C=CC=C2,0.9114338
C=C(C1CC1)C2C=NN=C2,1.6447037
C=C(C1CC1)n2cccc2,0.56036127
C=C(C1CC1)n2ccnc2,0.8905479
C=C(C1CC1)n2cnnc2,1.1821612
C=C(C1CC1)n2cccn2,0.5841758
C=C(C1CC1)n2ccnn2,1.0491734
C=C(C1CC1)n2cncn2,1.3377306
C=C(C1CC1)n2cnnn2,1.4006034
C=C(C1CC1)n2nccn2,1.111079
C=C(C1CC1)n2ncnn2,1.6665483
C=C(C1CN1)C2C=CC=C2,0.9003297
O=C(C1CN1)C2C=CC=C2,0.96385276
C=C(C1CN1)C2C=NN=C2,1.5991098
C=C(C1CN1)n2cccc2,0.46015695
C=C(C1CN1)n2ccnc2,0.8136593
C=C(C1CN1)n2cnnc2,1.0581918
C=C(C1CN1)n2cccn2,0.70600665
C=C(C1CN1)n2ccnn2,1.1580675
C=C(C1CN1)n2cncn2,1.290903
C=C(C1CN1)n2cnnn2,1.552892
C=C(C1CN1)n2nccn2,1.3183726
C=C(C1CN1)n2ncnn2,1.7423462
C=C(C1CO1)C2C=CC=C2,0.8881022
O=C(C1CO1)C2C=CC=C2,1.0983273
C=C(C1CO1)C2C=NN=C2,1.8028072
C=C(C1CO1)n2cccc2,0.8130131
C=C(C1CO1)n2ccnc2,1.2147323
C=C(C1CO1)n2cnnc2,1.5683163
C=C(C1CO1)n2cccn2,1.2537168
C=C(C1CO1)n2ccnn2,1.7365841
C=C(C1CO1)n2cncn2,1.5633498
C=C(C1CO1)n2cnnn2,1.8456861
C=C(C1CO1)n2nccn2,1.5722226
C=C(C1CO1)n2ncnn2,1.9301246
N=C(C1C=CC=C1)N2CC2,1.35911
O=C(C1C=CC=C1)N2CC2,1.4573318
CC(C1CC1)C2=CCCC2,0.50393057
NC(C1CC1)C2=CCCC2,0.62274015
OC(C1CC1)C2=CCCC2,0.5251017
CC(C1CC1)C2=COCC2,0.4963726
NC(C1CC1)C2=COCC2,0.6251296
OC(C1CC1)C2=COCC2,0.5167587
CC(C1CC1)C2=CCNC2,0.440429
NC(C1CC1)C2=CCNC2,0.4981835
OC(C1CC1)C2=CCNC2,0.54679215
CC(C1CC1)C2=CCOC2,0.7753055
NC(C1CC1)C2=CCOC2,0.56034154
OC(C1CC1)C2=CCOC2,0.6832564
CC(C1CC1)C2=CCCO2,0.4797244
NC(C1CC1)C2=CCCO2,0.41635227
OC(C1CC1)C2=CCCO2,0.51169693
CC(C1CC1)C2=COCO2,0.4889905
NC(C1CC1)C2=COCO2,0.42344218
OC(C1CC1)C2=COCO2,0.37670097
CC(C1CN1)C2=CCCC2,0.5182307
NC(C1CN1)C2=CCCC2,0.49912277
OC(C1CN1)C2=CCCC2,0.45167848
CC(C1CN1)C2=COCC2,0.5997911
NC(C1CN1)C2=COCC2,0.6412144
OC(C1CN1)C2=COCC2,0.5782588
CC(C1CN1)C2=CCNC2,0.52050954
NC(C1CN1)C2=CCNC2,0.45044458
OC(C1CN1)C2=CCNC2,0.5711029
CC(C1CN1)C2=CCOC2,0.5072394
NC(C1CN1)C2=CCOC2,0.71741927
OC(C1CN1)C2=CCOC2,0.64561903
CC(C1CN1)C2=CCCO2,0.4901904
NC(C1CN1)C2=CCCO2,0.70776474
OC(C1CN1)C2=CCCO2,0.47058186
CC(C1CN1)C2=COCO2,0.5100765
NC(C1CN1)C2=COCO2,0.668923
OC(C1CN1)C2=COCO2,0.6406317
CC(C1CO1)C2=CCCC2,0.69858134
NC(C1CO1)C2=CCCC2,0.69638515
OC(C1CO1)C2=CCCC2,0.6661476
CC(C1CO1)C2=COCC2,0.81435144
NC(C1CO1)C2=COCC2,0.8071127
OC(C1CO1)C2=COCC2,0.66358864
CC(C1CO1)C2=CCNC2,0.7012267
NC(C1CO1)C2=CCNC2,0.7124883
OC(C1CO1)C2=CCNC2,0.5187467
CC(C1CO1)C2=CCOC2,0.9098073
NC(C1CO1)C2=CCOC2,0.7850635
OC(C1CO1)C2=CCOC2,0.802768
CC(C1CO1)C2=CCCO2,0.6579884
NC(C1CO1)C2=CCCO2,0.6222272
OC(C1CO1)C2=CCCO2,0.84574866
CC(C1CO1)C2=COCO2,0.68908477
NC(C1CO1)C2=COCO2,0.5300501
OC(C1CO1)C2=COCO2,0.60927665
CC(N1CC1)C2=CCCC2,0.5225637
CC(N1CC1)C2=COCC2,0.54932725
CC(N1CC1)C2=CCNC2,0.5279671
CC(N1CC1)C2=CCOC2,0.52729094
CC(N1CC1)C2=CCCO2,0.4246352
CC(N1CC1)C2=COCO2,0.36801693
C=C(C1CC1)C2=CCCC2,0.63090837
O=C(C1CC1)C2=CCCC2,0.7697407
O=C(C1CC1)C2=CNCC2,0.5527738
C=C(C1CC1)C2=COCC2,0.79529935
O=C(C1CC1)C2=COCC2,0.80496216
C=C(C1CC1)C2=CCNC2,0.6799039
O=C(C1CC1)C2=CCNC2,0.7799623
C=C(C1CC1)C2=CCOC2,0.830281
O=C(C1CC1)C2=CCOC2,1.1316077
C=C(C1CC1)C2=NNCC2,0.6833357
C=C(C1CC1)C2=NOCC2,0.87441343
C=C(C1CC1)C2=NCCN2,0.62502265
C=C(C1CC1)C2=CCCO2,0.56294435
O=C(C1CC1)C2=CCCO2,0.8540908
C=C(C1CC1)C2=COCO2,0.58143455
O=C(C1CC1)C2=COCO2,0.91436017
C=C(C1CC1)C2=NOCO2,1.1024903
C=C(C1CN1)C2=CCCC2,0.52875316
O=C(C1CN1)C2=CCCC2,0.77043426
O=C(C1CN1)C2=CNCC2,0.47529045
C=C(C1CN1)C2=COCC2,0.7642505
O=C(C1CN1)C2=COCC2,0.8114369
C=C(C1CN1)C2=CCNC2,0.77513045
O=C(C1CN1)C2=CCNC2,0.7264438
C=C(C1CN1)C2=CCOC2,0.9266789
O=C(C1CN1)C2=CCOC2,0.94245195
C=C(C1CN1)C2=NNCC2,0.7404814
C=C(C1CN1)C2=NOCC2,1.2077359
C=C(C1CN1)C2=NCCN2,0.6618729
C=C(C1CN1)C2=CCCO2,0.5393717
O=C(C1CN1)C2=CCCO2,0.65958774
C=C(C1CN1)C2=COCO2,0.78319097
O=C(C1CN1)C2=COCO2,0.9610647
C=C(C1CN1)C2=NOCO2,1.0198942
C=C(C1CO1)C2=CCCC2,0.8117797
O=C(C1CO1)C2=CCCC2,0.7703237
O=C(C1CO1)C2=CNCC2,0.6648638
C=C(C1CO1)C2=COCC2,0.742831
O=C(C1CO1)C2=COCC2,1.1305743
C=C(C1CO1)C2=CCNC2,0.7197608
O=C(C1CO1)C2=CCNC2,0.70251256
C=C(C1CO1)C2=CCOC2,1.0859046
O=C(C1CO1)C2=CCOC2,0.8887826
C=C(C1CO1)C2=NNCC2,0.84280294
C=C(C1CO1)C2=NOCC2,1.177462
C=C(C1CO1)C2=NCCN2,0.7829236
C=C(C1CO1)C2=CCCO2,0.8729143
O=C(C1CO1)C2=CCCO2,0.83869725
C=C(C1CO1)C2=COCO2,0.97416544
O=C(C1CO1)C2=COCO2,0.86899674
C=C(C1CO1)C2=NOCO2,1.3707609
N=C(N1CC1)C2=CCCC2,0.5738248
O=C(N1CC1)C2=CCCC2,0.78338414
N=C(N1CC1)C2=CNCC2,0.50654954
O=C(N1CC1)C2=CNCC2,0.62227213
N=C(N1CC1)C2=COCC2,0.7801708
O=C(N1CC1)C2=COCC2,1.0077773
N=C(N1CC1)C2=CCNC2,0.74737126
O=C(N1CC1)C2=CCNC2,0.8767754
N=C(N1CC1)C2=CCOC2,1.0243684
O=C(N1CC1)C2=CCOC2,1.1642357
N=C(N1CC1)C2=CCCO2,0.60923374
O=C(N1CC1)C2=CCCO2,0.8154609
N=C(N1CC1)C2=COCO2,0.7881584
O=C(N1CC1)C2=COCO2,0.8956681
CC(C1CC1)C2=CC=CC2,0.7750933
NC(C1CC1)C2=CC=CC2,0.90320325
OC(C1CC1)C2=CC=CC2,0.9310212
CC(C1CN1)C2=CC=CC2,0.69775105
NC(C1CN1)C2=CC=CC2,0.83071786
OC(C1CN1)C2=CC=CC2,0.7468087
CC(C1CO1)C2=CC=CC2,0.98479116
NC(C1CO1)C2=CC=CC2,0.9880774
OC(C1CO1)C2=CC=CC2,0.6985766
CC(N1CC1)C2=CC=CC2,0.90158
C=C(C1CC1)C2=CC=CC2,0.96525633
O=C(C1CC1)C2=CC=CC2,1.170242
C=C(C1CC1)C2=NN=CC2,1.642258
C=C(C1CC1)c2ccc[nH]2,0.48640087
C=C(C1CC1)c2c[nH]cn2,0.72608244
C=C(C1CC1)c2cc[nH]n2,0.7003759
C=C(C1CC1)c2cnn[nH]2,1.1537263
C=C(C1CC1)c2ncc[nH]2,0.7796743
C=C(C1CC1)c2nc[nH]n2,0.83748
C=C(C1CC1)c2nnn[nH]2,1.3301022
C=C(C1CC1)c2ccco2,0.8131598
C=C(C1CC1)c2cnco2,1.108852
C=C(C1CC1)c2ccno2,1.393501
C=C(C1CC1)c2cnno2,1.5563037
C=C(C1CC1)c2ncco2,1.0347089
C=C(C1CC1)c2nnco2,1.2264037
C=C(C1CC1)c2ncno2,1.6366824
C=C(C1CC1)c2nnno2,1.7533569
C=C(C1CN1)C2=CC=CC2,0.94097924
O=C(C1CN1)C2=CC=CC2,0.88527274
C=C(C1CN1)C2=NN=CC2,1.5684328
C=C(C1CN1)c2ccc[nH]2,0.41570142
C=C(C1CN1)c2c[nH]cn2,0.8026794
C=C(C1CN1)c2cc[nH]n2,0.65753496
C=C(C1CN1)c2cnn[nH]2,1.4605705
C=C(C1CN1)c2ncc[nH]2,1.0483512
C=C(C1CN1)c2ncn[nH]2,1.21988
C=C(C1CN1)c2nnc[nH]2,1.168772
C=C(C1CN1)c2nnn[nH]2,1.6403252
C=C(C1CN1)c2ccco2,0.9701669
C=C(C1CN1)c2cnco2,1.2637683
C=C(C1CN1)c2ccno2,1.3238031
C=C(C1CN1)c2cnno2,1.7868525
C=C(C1CN1)c2ncco2,1.2012409
C=C(C1CN1)c2nnco2,1.3773395
C=C(C1CN1)c2ncno2,1.555317
C=C(C1CN1)c2nnno2,2.0392447
C=C(C1CO1)C2=CC=CC2,0.85230124
O=C(C1CO1)C2=CC=CC2,1.1409565
C=C(C1CO1)C2=NN=CC2,2.0142684
C=C(C1CO1)c2ccc[nH]2,0.69248986
C=C(C1CO1)c2c[nH]cn2,1.086972
C=C(C1CO1)c2cc[nH]n2,1.1603899
C=C(C1CO1)c2cnn[nH]2,1.7686113
C=C(C1CO1)c2ncc[nH]2,1.063894
C=C(C1CO1)c2nc[nH]n2,1.7251832
C=C(C1CO1)c2nnn[nH]2,1.9957012
C=C(C1CO1)c2ccco2,1.1946492
C=C(C1CO1)c2cnco2,1.5970117
C=C(C1CO1)c2ccno2,1.6613356
C=C(C1CO1)c2cnno2,1.9409951
C=C(C1CO1)c2ncco2,1.2725792
C=C(C1CO1)c2nnco2,1.5916674
C=C(C1CO1)c2ncno2,1.8306291
C=C(C1CO1)c2nnno2,2.3899734
N=C(N1CC1)C2=CC=CC2,0.9135387
O=C(N1CC1)C2=CC=CC2,1.0323651
CC(C1CC1)C2=CCC=C2,0.7850802
NC(C1CC1)C2=CCC=C2,0.92409706
OC(C1CC1)C2=CCC=C2,0.8599231
CN(C1CC1)C2=NCC=C2,0.8974056
NN(C1CC1)C2=NCC=C2,1.0333023
ON(C1CC1)C2=NCC=C2,0.9952651
CC(C1CN1)C2=CCC=C2,0.7629838
NC(C1CN1)C2=CCC=C2,0.85444516
OC(C1CN1)C2=CCC=C2,0.8869277
CC(C1CO1)C2=CCC=C2,0.9699404
NC(C1CO1)C2=CCC=C2,0.90966845
OC(C1CO1)C2=CCC=C2,0.9113704
CC(N1CC1)C2=CCC=C2,0.91162866
CN(N1CC1)C2=NCC=C2,1.1136835
C=C(C1CC1)C2=CCC=C2,0.8470679
O=C(C1CC1)C2=CCC=C2,0.95261705
C=C(C1CC1)c2cc[nH]c2,0.5656079
C=C(C1CC1)c2ccoc2,0.90437126
C=C(C1CC1)c2cn[nH]c2,0.8066356
C=C(C1CC1)c2cnoc2,1.2260343
C=C(C1CC1)c2ccon2,1.0807823
C=C(C1CC1)c2c[nH]nn2,0.90626234
C=C(C1CC1)c2cnon2,1.5328012
C=C(C1CC1)c2cocn2,1.0310694
C=C(C1CC1)c2conn2,1.4450587
C=C(C1CC1)c2ncon2,1.1901416
C=C(C1CC1)c2nn[nH]n2,1.2884041
C=C(C1CC1)c2nnon2,1.5437566
C=C(C1CN1)C2=CCC=C2,0.9971405
O=C(C1CN1)C2=CCC=C2,0.8995657
C=C(C1CN1)c2cc[nH]c2,0.6139577
C=C(C1CN1)c2ccoc2,1.0397058
C=C(C1CN1)c2cn[nH]c2,0.80095583
C=C(C1CN1)c2cnoc2,1.5156847
C=C(C1CN1)c2ccon2,1.1596776
C=C(C1CN1)c2c[nH]nn2,1.103292
C=C(C1CN1)c2cnon2,1.417571
C=C(C1CN1)c2cocn2,1.052212
C=C(C1CN1)c2conn2,1.4868292
C=C(C1CN1)c2ncon2,1.2908286
C=C(C1CN1)c2nn[nH]n2,1.4510463
C=C(C1CN1)c2nnon2,1.780259
C=C(C1CO1)C2=CCC=C2,0.97910666
O=C(C1CO1)C2=CCC=C2,0.9596742
C=C(C1CO1)c2cc[nH]c2,0.6136801
C=C(C1CO1)c2ccoc2,1.1688594
C=C(C1CO1)c2cn[nH]c2,1.1070716
C=C(C1CO1)c2cnoc2,1.6865522
C=C(C1CO1)c2ccon2,1.4195899
C=C(C1CO1)c2c[nH]nn2,1.4282777
C=C(C1CO1)c2cnon2,1.6539977
C=C(C1CO1)c2cocn2,1.0994222
C=C(C1CO1)c2conn2,1.675482
C=C(C1CO1)c2ncon2,1.5846952
C=C(C1CO1)c2nn[nH]n2,1.724054
C=C(C1CO1)c2nnon2,2.0622337
N=C(N1CC1)C2=CCC=C2,0.8561883
O=C(N1CC1)C2=CCC=C2,0.7908919
CC(C1CC1)=C2CCCC2,0.4545135
CC(C1CC1)=C2CCNC2,0.33442888
CC(C1CC1)=C2CCOC2,0.3903028
CC(C1CC1)=C2CCCO2,0.26478457
CC(C1CC1)=C2COCO2,0.6277389
CC(C1CN1)=C2CCCC2,0.30561227
CC(C1CN1)=C2CCNC2,0.21802689
CC(C1CN1)=C2CCOC2,0.2855
CC(C1CN1)=C2CCCO2,0.34037793
CC(C1CN1)=C2COCO2,0.5460033
CC(C1CO1)=C2CCCC2,0.46215722
CC(C1CO1)=C2CCNC2,0.4331149
CC(C1CO1)=C2CCOC2,0.5327411
CC(C1CO1)=C2CCCO2,0.39236537
CC(C1CO1)=C2COCO2,0.64390665
CC(C1CC1)=C2CC=CC2,0.64523727
CC(C1CC1)=C2CN=CN2,0.5954422
CC(C1CC1)=C2CC=CO2,0.3693771
CC(C1CN1)=C2CC=CC2,0.4524549
CC(C1CN1)=C2CN=CN2,0.7980679
CC(C1CN1)=C2CC=CO2,0.41764325
CC(C1CO1)=C2CC=CC2,0.7130169
CC(C1CO1)=C2CN=CN2,0.7339308
CC(C1CO1)=C2CC=CO2,0.60722345
CC(C1CC1)=C2CCC=C2,0.7852604
CC(C1CC1)=C2CNN=C2,0.6590428
NC(C1CC1)=C2CNN=C2,1.0155718
CC(C1CC1)=C2COC=C2,0.5907417
CC(C1CC1)=C2CON=C2,1.0526725
NC(C1CC1)=C2CON=C2,1.3513776
CC(C1CC1)=C2OCC=C2,0.7225426
CC(C1CN1)=C2CCC=C2,0.52338547
CC(C1CN1)=C2CNN=C2,0.9036363
NC(C1CN1)=C2CNN=C2,0.84259
CC(C1CN1)=C2COC=C2,0.6673328
CC(C1CN1)=C2CON=C2,1.1810187
NC(C1CN1)=C2CON=C2,1.2769138
CC(C1CN1)=C2OCC=C2,0.85627776
CC(C1CO1)=C2CCC=C2,0.6948527
CC(C1CO1)=C2CNN=C2,1.0034411
NC(C1CO1)=C2CNN=C2,1.1774461
CC(C1CO1)=C2COC=C2,0.7380401
CC(C1CO1)=C2CON=C2,1.2167258
NC(C1CO1)=C2CON=C2,1.4102399
CC(C1CO1)=C2OCC=C2,0.80832505
CC(N1CC1)=C2CNN=C2,0.9048737
NC(N1CC1)=C2CNN=C2,0.97268975
CC(N1CC1)=C2CON=C2,1.2619343
NC(N1CC1)=C2CON=C2,1.2260097
CC(C1CC1)=C2C=CC=C2,1.0892038
CC(C1CN1)=C2C=CC=C2,1.0372828
CC(C1CO1)=C2C=CC=C2,1.1597025
C=C(N1CC1)c2cn[nH]c2,0.78739035
CC2(C1CC1)C3CC2C=C3,0.77392745
NC2(C1CC1)C3CC2C=C3,0.80976814
OC2(C1CC1)C3CC2C=C3,0.74757236
CC2(C1CC1)C3NC2C=C3,0.7344215
NC2(C1CC1)C3NC2C=C3,0.77378696
OC2(C1CC1)C3NC2C=C3,0.865559
CC2(C1CC1)C3OC2C=C3,0.64731425
NC2(C1CC1)C3OC2C=C3,0.9499526
OC2(C1CC1)C3OC2C=C3,0.7471237
CC2(C1CN1)C3CC2C=C3,0.67111087
NC2(C1CN1)C3CC2C=C3,0.6977321
OC2(C1CN1)C3CC2C=C3,0.72685885
CC2(C1CN1)C3NC2C=C3,0.67180324
NC2(C1CN1)C3NC2C=C3,0.75866693
OC2(C1CN1)C3NC2C=C3,0.62514377
CC2(C1CN1)C3OC2C=C3,0.8383278
NC2(C1CN1)C3OC2C=C3,0.7904054
OC2(C1CN1)C3OC2C=C3,0.8357936
CC2(C1CO1)C3CC2C=C3,0.7198608
NC2(C1CO1)C3CC2C=C3,0.7109611
OC2(C1CO1)C3CC2C=C3,0.81064457
CC2(C1CO1)C3NC2C=C3,0.6927676
NC2(C1CO1)C3NC2C=C3,0.6360413
OC2(C1CO1)C3NC2C=C3,0.731074
CC2(C1CO1)C3OC2C=C3,0.8103844
NC2(C1CO1)C3OC2C=C3,0.8332913
OC2(C1CO1)C3OC2C=C3,1.0758697
CC1(C2CC1C=C2)N3CC3,0.6683862
CC1(C2NC1C=C2)N3CC3,0.74607074
CC1(C2OC1C=C2)N3CC3,0.7464363
CC2(C1CC1)C3CC=CC23,0.6414035
NC2(C1CC1)C3CC=CC23,0.60625696
OC2(C1CC1)C3CC=CC23,0.3960819
CC2(C1CC1)C3OC=CC23,0.69842374
NC2(C1CC1)C3OC=CC23,0.87073076
OC2(C1CC1)C3OC=CC23,0.728526
CC2(C1CN1)C3CC=CC23,0.53858757
NC2(C1CN1)C3CC=CC23,0.4137598
OC2(C1CN1)C3CC=CC23,0.5269065
CC2(C1CN1)C3OC=CC23,0.8303951
NC2(C1CN1)C3OC=CC23,0.73698294
OC2(C1CN1)C3OC=CC23,0.7914127
CC2(C1CO1)C3CC=CC23,0.6331323
NC2(C1CO1)C3CC=CC23,0.6305441
OC2(C1CO1)C3CC=CC23,0.55250067
CC2(C1CO1)C3OC=CC23,0.8290632
NC2(C1CO1)C3OC=CC23,0.8613794
OC2(C1CO1)C3OC=CC23,1.031251
CC1(C2CC=CC12)N3CC3,0.80266815
CC1(C2OC=CC12)N3CC3,0.86434543
CC2(C1CC1)C3C=CCN23,0.5045617
CC2(C1CN1)C3C=CCN23,0.5765545
CC2(C1CO1)C3C=CCN23,0.5314885
C=C1CC2CC1C2C3CC3,0.68108517
C=C1OC2CC1C2C3CC3,0.84603196
C=C1CC2NC1C2C3CC3,0.69322944
C=C1CC2OC1C2C3CC3,0.58519983
C=C1CC2CC1N2C3CC3,0.5123306
C=C1CN2CC1C2C3CC3,0.6915745
C=C1CC2CC1C2C3CN3,0.6372002
C=C1OC2CC1C2C3CN3,0.7902871
C=C1CC2NC1C2C3CN3,0.7191331
C=C1CC2OC1C2C3CN3,0.6447415
C=C1CN2CC1C2C3CN3,0.7899306
C=C1CC2CC1C2C3CO3,0.76801705
C=C1OC2CC1C2C3CO3,0.8518169
C=C1CC2NC1C2C3CO3,0.73464024
C=C1CC2OC1C2C3CO3,0.6471859
C=C1CN2CC1C2C3CO3,0.80396545
C=C1CC2CC1C2N3CC3,0.73778313
C=C1OC2CC1C2N3CC3,1.0549713
C=C1CC2NC1C2N3CC3,0.77228343
C=C1CC2OC1C2N3CC3,0.69771826
CC1=CC2CC1C2C3CC3,0.6233956
CC1=CC2NC1C2C3CC3,0.5862872
CC1=CC2OC1C2C3CC3,0.631825
CC1=CC2CC1N2C3CC3,0.49314508
CC1=CC2CC1C2C3CN3,0.67852837
CC1=CC2NC1C2C3CN3,0.6883467
CC1=CC2OC1C2C3CN3,0.7185962
CC1=CC2CC1C2C3CO3,0.7500636
CC1=CC2NC1C2C3CO3,0.77160823
CC1=CC2OC1C2C3CO3,0.7735038
CC1=CC2CC1C2N3CC3,0.6007334
CC1=CC2NC1C2N3CC3,0.6362958
CC1=CC2OC1C2N3CC3,0.49625623
C1CC1C2CC3CC2C=C3,0.6802979
C1CC1C2NC3CC2C=C3,0.64872026
C1CC1C2OC3CC2C=C3,0.78763056
C1CC1C2CC3NC2C=C3,0.5417631
C1CC1C2CC3OC2C=C3,0.67122054
C1CC1C2OC3OC2C=C3,0.7582349
C1CC1N2CC3CC2C=C3,0.6154157
C1NC1C2CC3CC2C=C3,0.79432946
C1NC1C2NC3CC2C=C3,0.5910604
C1NC1C2OC3CC2C=C3,0.74790585
C1NC1C2CC3NC2C=C3,0.6771223
C1NC1C2CC3OC2C=C3,0.7844558
C1NC1C2OC3OC2C=C3,0.98287725
C1OC1C2CC3CC2C=C3,0.83390653
C1OC1C2NC3CC2C=C3,0.809569
C1OC1C2OC3CC2C=C3,0.9939703
C1OC1C2CC3NC2C=C3,0.78591806
C1OC1C2CC3OC2C=C3,0.82703996
C1OC1C2OC3OC2C=C3,1.2299024
C1CN1C2CC3CC2C=C3,0.79356253
C1CN1C2CC3NC2C=C3,0.66627145
C1CN1C2CC3OC2C=C3,0.7709075
C1CC2CC1C=C2C3CC3,0.63801885
C1CC1C2=CC3CC2CN3,0.57838166
C1CC1C2=CC3CC2CO3,0.7537626
C1CC1C2=CC3CNC2C3,0.61019313
C1CC1C2=CC3COC2C3,0.68484056
C1CC2NC1C=C2C3CC3,0.64176476
C1CC2OC1C=C2C3CC3,0.8819559
C1CC1C2=CC3OCC2O3,0.8456503
C1CC1C2=CC3COC2O3,0.754496
C1CC2CC1C=C2C3CN3,0.61981887
C1NC2CC1C(=C2)C3CN3,0.7074812
C1NC1C2=CC3CC2CO3,0.8425915
C1NC2CC1C=C2C3CN3,0.73090166
C1NC1C2=CC3COC2C3,0.7019857
C1CC2NC1C=C2C3CN3,0.7178913
C1CC2OC1C=C2C3CN3,0.82021034
C1NC1C2=CC3OCC2O3,1.023831
C1NC1C2=CC3COC2O3,0.9791516
C1CC2CC1C=C2C3CO3,0.90161806
C1NC2CC1C(=C2)C3CO3,0.7511752
C1OC2CC1C(=C2)C3CO3,0.9876847
C1NC2CC1C=C2C3CO3,0.76344794
C1OC2CC1C=C2C3CO3,0.8822098
C1CC2NC1C=C2C3CO3,0.7248927
C1CC2OC1C=C2C3CO3,0.9314449
C1OC2OC1C(=C2)C3CO3,1.1837093
C1OC2OC1C=C2C3CO3,1.1610503
C1CC1C2=CC3CC2C=C3,0.82227355
C1CC1C2=CC3NC2C=C3,0.8693869
C1CC1C2=CC3OC2C=C3,0.9945911
C1NC1C2=CC3CC2C=C3,0.90402615
C1NC1C2=CC3NC2C=C3,0.8119994
C1NC1C2=CC3OC2C=C3,0.9179767
C1OC1C2=CC3CC2C=C3,1.2712148
C1OC1C2=CC3NC2C=C3,1.0433843
C1OC1C2=CC3OC2C=C3,1.2552065
C1CN1C2=NC3CC2C=C3,1.0146836
C=C1CCC2C(C3CC3)C12,0.6635762
C=C1OCC2C(C3CC3)C12,0.34657067
C=C1CNC2C(C3CC3)C12,0.47272292
C=C1COC2C(C3CC3)C12,0.4440686
C=C1CCC2C(C3CN3)C12,0.53367734
C=C1OCC2C(C3CN3)C12,0.31322265
C=C1CNC2C(C3CN3)C12,0.3568297
C=C1COC2C(C3CN3)C12,0.39808923
C=C1CCC2C(C3CO3)C12,0.5975492
C=C1OCC2C(C3CO3)C12,0.69574195
C=C1CNC2C(C3CO3)C12,0.499198
C=C1COC2C(C3CO3)C12,0.73520327
C=C1CCC2C(C12)N3CC3,0.6100965
C=C1OCC2C(C12)N3CC3,0.5374686
C=C1CNC2C(C12)N3CC3,0.661388
C=C1COC2C(C12)N3CC3,0.7557337
C=C1CCC2C1N2C3CC3,0.48204538
C=C1OCC2C1N2C3CC3,0.84872216
C=C1CCN2C(C3CC3)C12,0.54597276
C=C1CCN2C(C3CN3)C12,0.4395426
C=C1CCN2C(C3CO3)C12,0.6034373
CC1C=CC2C(C3CC3)C12,0.66618174
NC1C=CC2C(C3CC3)C12,0.69444823
OC1C=CC2C(C3CC3)C12,0.60388416
CC1C=CC2C1C2C3CN3,0.74773747
NC1C=CC2C1C2C3CN3,0.6504742
OC1C=CC2C1C2C3CN3,0.8116751
CC1C=CC2C1C2C3CO3,0.7742037
NC1C=CC2C1C2C3CO3,0.7951566
OC1C=CC2C1C2C3CO3,0.7920817
CC1C=CC2C1C2N3CC3,0.68965423
NC1C=CC2C1C2N3CC3,0.70212215
OC1C=CC2C1C2N3CC3,0.86792994
CC1C=CC2C1N2C3CC3,0.5106029
NC1C=CC2C1N2C3CC3,0.70859635
OC1C=CC2C1N2C3CC3,0.8517871
CC1C=CC2C(C3CC3)N12,0.5839772
CC1C=CC2C(C3CN3)N12,0.518507
CC1C=CC2C(C3CO3)N12,0.3616335
C=C1C=CC2C(C3CC3)C12,0.73828727
O=C1C=CC2C(C3CC3)C12,1.2514734
C=C1C=CC2C(C3CN3)C12,0.5903925
O=C1C=CC2C(C3CN3)C12,1.2471563
C=C1C=CC2C(C3CO3)C12,0.88469064
O=C1C=CC2C(C3CO3)C12,1.4390713
C=C1C=CC2C(C12)N3CC3,0.77262723
O=C1C=CC2C(C12)N3CC3,1.0412406
C=C1C=CC2C1N2C3CC3,1.0041196
O=C1C=CC2C1N2C3CC3,1.1050651
O=C1C=CN2C(C3CC3)C12,0.996399
C=C1C=NN2C(C3CC3)C12,1.0073613
O=C1C=CN2C(C3CN3)C12,0.8935151
C=C1C=NN2C(C3CN3)C12,1.1352453
O=C1C=CN2C(C3CO3)C12,1.0806221
C=C1C=NN2C(C3CO3)C12,1.116252
N=C1C=CC2C(C3CC3)N12,0.66787463
O=C1C=CC2C(C3CC3)N12,0.8979672
N=C1C=CC2C(C3CN3)N12,0.8343852
O=C1C=CC2C(C3CN3)N12,1.0616314
N=C1C=CC2C(C3CO3)N12,0.9410014
O=C1C=CC2C(C3CO3)N12,1.1964232
CC1=CCC2C(C3CC3)C12,0.5763178
CC1=COC2C(C3CC3)C12,0.48285678
CC1=CCC2C(C3CN3)C12,0.40871182
CC1=COC2C(C3CN3)C12,0.37398398
CC1=CCC2C(C3CO3)C12,0.53210795
CC1=COC2C(C3CO3)C12,0.58708644
CC1=CCC2C(C12)N3CC3,0.63670427
CC1=COC2C(C12)N3CC3,0.67011964
CC1=CCC2C1N2C3CC3,0.41059834
CC1=CCN2C(C3CC3)C12,0.47945544
CC1=CCN2C(C3CN3)C12,0.3276745
CC1=CCN2C(C3CO3)C12,0.56176054
CC1C2C=CC1C2C3CC3,0.68984145
NC1C2C=CC1C2C3CC3,0.78035986
OC1C2C=CC1C2C3CC3,0.8732562
CN1C2C=CC1C2C3CC3,0.7561961
CC1C2C=CC1N2C3CC3,0.579234
NC1C2C=CC1N2C3CC3,0.69478846
OC1C2C=CC1N2C3CC3,0.7221832
CC1C2C=CC1C2C3CN3,0.72076887
NC1C2C=CC1C2C3CN3,0.94936967
OC1C2C=CC1C2C3CN3,1.0004345
CN1C2C=CC1C2C3CN3,0.78736734
CC1C2C=CC1C2C3CO3,0.7977793
NC1C2C=CC1C2C3CO3,1.0628632
OC1C2C=CC1C2C3CO3,0.886633
CN1C2C=CC1C2C3CO3,0.77319926
CC1C2C=CC1C2N3CC3,0.713706
NC1C2C=CC1C2N3CC3,0.9002806
OC1C2C=CC1C2N3CC3,0.93232
CN1C2C=CC1C2N3CC3,0.79256845
O=C1C2C=CC1C2C3CC3,1.4977964
O=C1C2C=CC1N2C3CC3,1.2338246
O=C1C2C=CC1C2C3CN3,1.3947154
O=C1C2C=CC1C2C3CO3,1.5319923
O=C1C2C=CC1C2N3CC3,1.4301668
C=C1CC2C(C1)C2C3CC3,0.56596273
C=C1CC2C(O1)C2C3CC3,0.60180974
C=C1CC2C(C1)C2C3CN3,0.6018496
C=C1CC2C(O1)C2C3CN3,0.60538274
C=C1CC2C(C1)C2C3CO3,0.7379621
C=C1CC2C(O1)C2C3CO3,0.67837524
C=C1CC2C(C1)C2N3CC3,0.62082255
C=C1CC2C(O1)C2N3CC3,0.792935
C=C1CC2C(C1)N2C3CC3,0.46066856
C=C1CC2C(C3CC3)N2C1,0.5010111
C=C1CC2C(C3CN3)N2C1,0.75919425
C=C1CC2C(C3CO3)N2C1,0.9264844
CC1=CC2C(C1)C2C3CC3,0.5098965
CC1=CC2C(O1)C2C3CC3,0.62727654
CC1=CC2C(C1)C2C3CN3,0.5544538
CC1=CC2C(O1)C2C3CN3,0.5823669
CC1=CC2C(C1)C2C3CO3,0.70452315
CC1=CC2C(O1)C2C3CO3,0.6633017
CC1=CC2C(C1)C2N3CC3,0.5939547
CC1=CC2C(O1)C2N3CC3,0.75342625
CC1=CC2C(C1)N2C3CC3,0.32886037
CC1=CC2C(C3CC3)N2C1,0.45600474
CC1=CC2C(C3CN3)N2C1,0.7428243
CC1=CC2C(C3CO3)N2C1,1.0511146
C=CC(C1CCC1)C2CC2,0.6434806
C=CC(C1CC1)C2CNC2,0.5022703
C=CC(C1CC1)C2COC2,0.64084864
C=CC(C1CC1)C2CCN2,0.4965174
C=CC(C1CC1)C2CCO2,0.5824352
C=CC(C1CC1)N2CCC2,0.47499222
C=CC(C1CCC1)C2CN2,0.52202183
C=CC(C1CNC1)C2CN2,0.5433994
C=CC(C1COC1)C2CN2,0.4832683
C=CC(C1CCN1)C2CN2,0.57663155
C=CC(C1CN1)C2CCO2,0.58829695
C=CC(C1CN1)N2CCC2,0.54211384
C=CC(C1CCC1)C2CO2,0.55401415
C=CC(C1CNC1)C2CO2,0.6565496
C=CC(C1COC1)C2CO2,0.5829262
C=CC(C1CCN1)C2CO2,0.56619465
C=CC(C1CCO1)C2CO2,0.5264912
C=CC(C1CO1)N2CCC2,0.6838596
C=CC(C1CCC1)N2CC2,0.500029
C=CC(C1CNC1)N2CC2,0.54258955
C=CC(C1COC1)N2CC2,0.6865495
C=CC(C1CCN1)N2CC2,0.6204334
C=CC(C1CCO1)N2CC2,0.45591632
CC=C(C1CCC1)C2CC2,0.6202666
CC=C(C1CC1)C2CNC2,0.5473329
CC=C(C1CC1)C2COC2,0.60405517
CC=C(C1CC1)C2CCN2,0.40095714
CC=C(C1CC1)C2CCO2,0.641631
CC=C(C1CCC1)C2CN2,0.5447228
CC=C(C1CNC1)C2CN2,0.55053145
CC=C(C1COC1)C2CN2,0.49550644
CC=C(C1CCN1)C2CN2,0.6701612
CC=C(C1CN1)C2CCO2,0.6638192
CC=C(C1CCC1)C2CO2,0.64391434
CC=C(C1CNC1)C2CO2,0.6030315
CC=C(C1COC1)C2CO2,0.55906004
CC=C(C1CCN1)C2CO2,0.5907356
CC=C(C1CCO1)C2CO2,0.40570253
C=C1C2CC(C2)C1C3CC3,0.62050635
C=C1C2CC(N2)C1C3CC3,0.6277559
C=C1C2CC(O2)C1C3CC3,0.4677305
C=C1C2CN(C2)C1C3CC3,0.7473232
C=C1C2CC(C2)C1C3CN3,0.61598873
C=C1C2CC(N2)C1C3CN3,0.60544306
C=C1C2CC(O2)C1C3CN3,0.43765768
C=C1C2CN(C2)C1C3CN3,0.7490819
C=C1C2CC(C2)C1C3CO3,0.70190036
C=C1C2CC(N2)C1C3CO3,0.60380876
C=C1C2CC(O2)C1C3CO3,0.51937526
C=C1C2CN(C2)C1C3CO3,0.8296828
C=C1C2CC(C2)C1N3CC3,0.65880877
C=C1C2CC(N2)C1N3CC3,0.73946464
C=C1C2CC(O2)C1N3CC3,0.5689751
CC1=C(C2CC2)C3CC1C3,0.7502802
CC1=C(C2CC2)C3CC1N3,0.79678214
CC1=C(C2CC2)C3CC1O3,0.7956815
CC1=C(C2CC1C2)C3CN3,0.64331937
CC1=C(C2CN2)C3CC1N3,0.7835531
CC1=C(C2CN2)C3CC1O3,0.8545212
CC1=C(C2CC1C2)C3CO3,0.7233118
CC1=C(C2CC1N2)C3CO3,0.45679855
CC1=C(C2CO2)C3CC1O3,0.6713208
C1CC1C2C=CC3CC2C3,0.7238111
C1CC1C2C=CC3CC2N3,0.6087319
C1CC1C2C=CC3CC2O3,0.8570287
C1CC1C2C=CC3CN2C3,0.73926854
C1NC1C2C=CC3CC2C3,0.7226627
C1NC1C2C=CC3CC2N3,0.7186667
C1NC1C2C=CC3CC2O3,0.96154594
C1NC1C2C=CC3CN2C3,0.9092628
C1OC1C2C=CC3CC2C3,0.837001
C1OC1C2C=CC3CC2N3,1.0089374
C1OC1C2C=CC3CC2O3,0.98979235
C1OC1C2C=CC3CN2C3,0.87290853
C1CN1C2C=CC3CC2C3,0.76267
C1CN1C2C=CC3CC2N3,0.7648483
C1CN1C2C=CC3CC2O3,0.92855525
C1CC1C2=CCC3CC2C3,0.66313183
C1CC1C2=COC3CC2C3,0.64574355
C1CC1C2=CCC3CC2N3,0.65956587
C1CC1C2=CCC3CC2O3,0.852731
C1CC1C2=CCN3CC2C3,0.78567374
C1NC1C2=CCC3CC2C3,0.7489617
C1NC1C2=COC3CC2C3,0.68034875
C1NC1C2=CCC3CC2N3,0.75038826
C1NC1C2=CCC3CC2O3,0.9976359
C1NC1C2=CCN3CC2C3,0.9114052
C1OC1C2=CCC3CC2C3,1.0153922
C1OC1C2=COC3CC2C3,0.6703809
C1OC1C2=CCC3CC2N3,1.2623837
C1OC1C2=CCC3CC2O3,1.305832
C1OC1C2=CCN3CC2C3,1.0577722
C=CCC1C2CC2C3CC13,0.5672585
C=COC1C2CC2C3CC13,0.23302096
C=CCN1C2CC2C3CC13,0.28204536
C=CCC1C2CC2C3NC13,0.56627804
C=COC1C2CC2C3NC13,0.60043734
C=CCC1C2CC2C3OC13,0.62731963
C=COC1C2CC2C3OC13,0.6570002
C=CCC1C2NC2C3NC13,0.57544863
C=COC1C2NC2C3NC13,0.65821373
C=CCC1C2NC2C3OC13,0.5686365
C=COC1C2NC2C3OC13,0.67892694
C=CCC1C2OC2C3OC13,0.72913176
C=COC1C2OC2C3OC13,0.7970526
C=CCC1C2CC2C3CN13,0.47239184
C=CCC1C2NC2C3CN13,0.30549523
C=CCC1C2OC2C3CN13,0.470599
C=CCC1C2CC2N3CC13,0.34065506
C=COC1C2CC2N3CC13,0.3305569
CC=CC1C2CC2C3CC13,0.5463174
CC=CC1C2CC2C3NC13,0.6068463
CC=CC1C2CC2C3OC13,0.6998737
CC=CC1C2NC2C3NC13,0.60856175
CC=CC1C2NC2C3OC13,0.6374866
CC=CC1C2OC2C3OC13,0.86795783
CC=CC1C2CC2C3CN13,0.52264255
CC=CC1C2NC2C3CN13,0.39080265
CC=CC1C2OC2C3CN13,0.6077923
CC=CC1C2CC2N3CC13,0.32659432
CCC=C1C2CC2C3CC13,0.60960984
NCC=C1C2CC2C3CC13,0.42781168
OCC=C1C2CC2C3CC13,0.32608417
COC=C1C2CC2C3CC13,0.18780841
CCC=C1C2CC2C3NC13,0.73063016
NCC=C1C2CC2C3NC13,0.5201885
OCC=C1C2CC2C3NC13,0.69862473
COC=C1C2CC2C3NC13,0.53158295
CCC=C1C2CC2C3OC13,0.78017396
NCC=C1C2CC2C3OC13,0.7010132
OCC=C1C2CC2C3OC13,0.7513266
COC=C1C2CC2C3OC13,0.6364224
CCC=C1C2NC2C3NC13,0.5667892
NCC=C1C2NC2C3NC13,0.64226335
OCC=C1C2NC2C3NC13,0.604017
COC=C1C2NC2C3NC13,0.5758358
CCC=C1C2NC2C3OC13,0.68658185
NCC=C1C2NC2C3OC13,0.64711386
OCC=C1C2NC2C3OC13,0.710081
COC=C1C2NC2C3OC13,0.68573093
CCC=C1C2OC2C3OC13,0.9005791
NCC=C1C2OC2C3OC13,0.8362547
OCC=C1C2OC2C3OC13,0.97403854
COC=C1C2OC2C3OC13,0.8855896
CCC=C1C2CC2N3CC13,0.448442
NCC=C1C2CC2N3CC13,0.30644974
OCC=C1C2CC2N3CC13,0.42309994
COC=C1C2CC2N3CC13,0.3615604
C=CC=C1C2CC2C3CC13,0.51249516
O=CC=C1C2CC2C3CC13,0.9714726
N#CC=C1C2CC2C3CC13,1.0605172
C=CC=C1C2CC2C3NC13,0.88010013
O=CC=C1C2CC2C3NC13,0.8847816
N#CC=C1C2CC2C3NC13,1.1115239
C=CC=C1C2CC2C3OC13,0.89420855
O=CC=C1C2CC2C3OC13,1.066184
N#CC=C1C2CC2C3OC13,1.2494556
C=CC=C1C2NC2C3NC13,0.7658224
O=CC=C1C2NC2C3NC13,0.90557235
N#CC=C1C2NC2C3NC13,1.0362295
C=CC=C1C2NC2C3OC13,0.8285455
O=CC=C1C2NC2C3OC13,0.9970059
N#CC=C1C2NC2C3OC13,1.0434169
C=CC=C1C2OC2C3OC13,1.1135887
O=CC=C1C2OC2C3OC13,1.1964467
N#CC=C1C2OC2C3OC13,1.4825865
O=CC=C1C2CC2C3CN13,0.68040043
N#CC=C1C2CC2C3CN13,0.87863314
O=CC=C1C2NC2C3CN13,0.8233066
N#CC=C1C2NC2C3CN13,0.7045061
O=CC=C1C2OC2C3CN13,1.0702665
N#CC=C1C2OC2C3CN13,1.1508857
O=CC=C1N2CC2C3CN13,0.56659216
N#CC=C1N2CC2C3CN13,0.60649586
C=CC=C1C2CC2N3CC13,0.51780075
O=CC=C1C2CC2N3CC13,0.8415543
N#CC=C1C2CC2N3CC13,0.95379883
C#CC=C1C2CC2C3CC13,1.1559225
C#CC=C1C2CC2C3NC13,0.9723998
C#CC=C1C2CC2C3OC13,1.2448988
C#CC=C1C2NC2C3NC13,0.99317604
C#CC=C1C2NC2C3OC13,1.06281
C#CC=C1C2OC2C3OC13,1.2953852
C#CC=C1C2CC2N3CC13,0.95571995
CC(=C)C1C2CC2C3CC13,0.69306916
CC(=C)C1C2CC2C3NC13,0.7019077
CC(=C)C1C2CC2C3OC13,0.72883123
CC(=C)C1C2NC2C3NC13,0.66806763
CC(=C)C1C2NC2C3OC13,0.5682994
CC(=C)C1C2OC2C3OC13,0.8407439
CC(=C)C1C2CC2C3CN13,0.5821603
CC(=C)C1C2NC2C3CN13,0.44526517
CC(=C)C1C2OC2C3CN13,0.56702447
CC(=C)C1C2CC2N3CC13,0.42132142
CC(C)=C1C2CC2C3CC13,0.50384253
CC(C)=C1C2CC2C3NC13,0.60413265
CC(C)=C1C2CC2C3OC13,0.58315843
CC(C)=C1C2NC2C3NC13,0.4313535
CC(C)=C1C2NC2C3OC13,0.39948988
CC(C)=C1C2OC2C3OC13,0.63901204
CC(C)=C1C2CC2N3CC13,0.27420422
C1CC1C2C=CCC3CC23,0.788741
C1CC1C2C=COC3CC23,0.7473853
C1NC1C2C=CCC3CC23,0.7280116
C1NC1C2C=COC3CC23,0.819293
C1OC1C2C=CCC3CC23,0.7999283
C1OC1C2C=COC3CC23,0.89291346
C1CC1C2C=CCC3NC23,0.8211163
C1NC1C2C=CCC3NC23,0.6193241
C1OC1C2C=CCC3NC23,1.0389817
C1CC1C2C=CCC3OC23,0.8793576
C1NC1C2C=CCC3OC23,0.8707525
C1OC1C2C=CCC3OC23,1.0006988
C1CN1C2C=CCC3CC23,0.7096697
C1CN1C2C=COC3CC23,0.9360013
C1CN1C2C=CCC3NC23,0.6432538
C1CN1C2C=CCC3OC23,1.1068373
C1CC1C2C=CCN3CC23,0.7088168
C1NC1C2C=CCN3CC23,0.7432969
C1OC1C2C=CCN3CC23,1.0567702
C1CN1C2C=CCN3CC23,0.86353016
C1CC1C2C=CCC3CN23,0.69998807
C1NC1C2C=CCC3CN23,0.6878196
C1OC1C2C=CCC3CN23,0.91613346
C1CC1C2CC=CC3CC23,0.7506454
C1CC1C2OC=CC3CC23,0.47304532
C1CC1N2CC=CC3CC23,0.442271
C1NC1C2CC=CC3CC23,0.7005168
C1NC1C2OC=CC3CC23,0.6070392
C1OC1C2CC=CC3CC23,0.8132157
C1OC1C2OC=CC3CC23,0.6893979
C1CC1C2CC=CC3NC23,0.82433724
C1CC1C2OC=CC3NC23,0.55908334
C1NC1C2CC=CC3NC23,0.7743574
C1NC1C2OC=CC3NC23,0.7120259
C1OC1C2CC=CC3NC23,1.0594206
C1OC1C2OC=CC3NC23,0.90200067
C1CC1C2CC=CC3OC23,1.0164798
C1CC1C2OC=CC3OC23,0.62858576
C1NC1C2CC=CC3OC23,0.9044078
C1NC1C2OC=CC3OC23,0.63631874
C1OC1C2CC=CC3OC23,0.99341047
C1OC1C2OC=CC3OC23,0.72898984
C1CN1C2CC=CC3CC23,0.62426704
C1CN1C2CC=CC3NC23,0.6862024
C1CN1C2CC=CC3OC23,1.141048
C1CC1C2CC=CC3CN23,0.6361256
C1NC1C2CC=CC3CN23,0.59300876
C1OC1C2CC=CC3CN23,0.74663675
C1CC2CC2C(=C1)C3CC3,0.6903432
C1CC1C2=COCC3CC23,0.48709902
C1CC1C2=CCNC3CC23,0.7190199
C1CC1C2=CCOC3CC23,0.8830196
C1CC2CC2C(=C1)C3CN3,0.70751613
C1NC1C2=COCC3CC23,0.66025865
C1NC2CC2C(=C1)C3CN3,0.67178273
C1NC1C2=CCOC3CC23,0.9352545
C1CC2CC2C(=C1)C3CO3,0.8344973
C1OC=C(C2CO2)C3CC13,0.708318
C1NC2CC2C(=C1)C3CO3,0.9321222
C1OC2CC2C(=C1)C3CO3,1.0698628
C1CC2NC2C(=C1)C3CC3,0.6003675
C1CC1C2=COCC3NC23,0.396858
C1CC2NC2C(=C1)C3CN3,0.7437072
C1NC1C2=COCC3NC23,0.75215423
C1CC2NC2C(=C1)C3CO3,0.8803319
C1OC=C(C2CO2)C3NC13,0.92447567
C1CC2OC2C(=C1)C3CC3,0.9155209
C1CC1C2=COCC3OC23,0.5304054
C1CC2OC2C(=C1)C3CN3,0.92845243
C1NC1C2=COCC3OC23,0.66207004
C1CC2OC2C(=C1)C3CO3,0.9303244
C1OC=C(C2CO2)C3OC13,1.1807741
C1CN2CC2C(=C1)C3CC3,0.5730427
C1CN2CC2C(=C1)C3CN3,0.6978868
C1CN2CC2C(=C1)C3CO3,0.88261074
C1CC1C2=CC=CC3CC23,1.042797
C1NC1C2=CC=CC3CC23,1.0517931
C1OC1C2=CC=CC3CC23,1.3275851
C1CC1C2=CC=CC3NC23,0.9113159
C1NC1C2=CC=CC3NC23,0.9605148
C1OC1C2=CC=CC3NC23,1.2364527
C1CC1C2=CC=CC3OC23,1.2651883
C1NC1C2=CC=CC3OC23,1.3481561
C1OC1C2=CC=CC3OC23,1.637046
C1CC1C2=CC=NN3CC23,1.2529728
C1NC1C2=CC=NN3CC23,1.2778187
C1OC1C2=CC=NN3CC23,1.5287489
C1CN1C2=CC=NN3CC23,1.3069899
C=C1CC2CC2C1C3CC3,0.6729803
C=C1OC2CC2C1C3CC3,0.7800115
C=C1CC2CC2C1C3CN3,0.709791
C=C1OC2CC2C1C3CN3,0.61898917
C=C1CC2CC2C1C3CO3,0.77533317
C=C1OC2CC2C1C3CO3,0.78998613
C=C1CC2NC2C1C3CC3,0.5728795
C=C1CC2NC2C1C3CN3,0.6983722
C=C1CC2NC2C1C3CO3,0.73074096
C=C1CC2OC2C1C3CC3,0.8124977
C=C1CC2OC2C1C3CN3,0.7921015
C=C1CC2OC2C1C3CO3,0.84223866
C=C1CC2CC2C1N3CC3,0.7257863
C=C1OC2CC2C1N3CC3,0.94338894
C=C1CC2NC2C1N3CC3,0.7236961
C=C1CC2OC2C1N3CC3,0.9205562
C=C1CN2CC2C1C3CC3,0.70498
C=C1CN2CC2C1C3CN3,0.8223719
C=C1CN2CC2C1C3CO3,0.79889977
C=C1CN2CC2C1N3CC3,0.79936033
C=C1CC2CN2C1C3CC3,0.72435623
C=C1CC2CN2C1C3CN3,0.7452082
C=C1CC2CN2C1C3CO3,0.8239217
CC1=CC2CC2C1C3CC3,0.6793596
CC1=CC2CC2C1C3CN3,0.74917626
CC1=CC2CC2C1C3CO3,0.7447007
CC1=CC2NC2C1C3CC3,0.46305352
CC1=CC2NC2C1C3CN3,0.6177767
CC1=CC2NC2C1C3CO3,0.66342914
CC1=CC2OC2C1C3CC3,0.6626832
CC1=CC2OC2C1C3CN3,0.8506232
CC1=CC2OC2C1C3CO3,0.7313076
CC1=CC2CC2C1N3CC3,0.6638847
CC1=CC2NC2C1N3CC3,0.7009546
CC1=CC2OC2C1N3CC3,0.7639121
CC1=CC2CN2C1C3CC3,0.7388722
CC1=CC2CN2C1C3CN3,0.8847247
CC1=CC2CN2C1C3CO3,0.8533066
CC1=C(C2CC2)C3CC3C1,0.6245914
CC1=C(C2CC2)C3CC3O1,0.5837674
CC1=C(C2CN2)C3CC3C1,0.65060896
CC1=C(C2CN2)C3CC3O1,0.7416846
CC1=C(C2CO2)C3CC3C1,0.7838797
CC1=C(C2CO2)C3CC3O1,0.66705173
CC1=C(C2CC2)C3NC3C1,0.7274346
CC1=C(C2CN2)C3NC3C1,0.6676841
CC1=C(C2CO2)C3NC3C1,0.75924987
CC1=C(C2CC2)C3OC3C1,0.9849318
CC1=C(C2CN2)C3OC3C1,0.7599114
CC1=C(C2CO2)C3OC3C1,0.7877128
CC1=C(C2CC2)C3CN3C1,0.80053943
CC1=C(C2CN2)C3CN3C1,1.0373217
CC1=C(C2CO2)C3CN3C1,0.99349177
C=C1C(CC2CC12)C3CC3,0.6893872
C=C1C2CC2NC1C3CC3,0.65223885
C=C1C2CC2OC1C3CC3,0.6806561
C=C1C2CC2CC1C3CN3,0.7713885
C=C1C2CC2NC1C3CN3,0.73170006
C=C1C2CC2OC1C3CN3,0.6789822
C=C1C2CC2CC1C3CO3,0.7949626
C=C1C2CC2NC1C3CO3,0.7685526
C=C1C2CC2OC1C3CO3,0.7305415
C=C1C(CC2NC12)C3CC3,0.53349316
C=C1C(CC2NC12)C3CN3,0.7249473
C=C1C(CC2NC12)C3CO3,0.614635
C=C1C(CC2OC12)C3CC3,0.64263916
C=C1C(CC2OC12)C3CN3,0.693725
C=C1C(CC2OC12)C3CO3,0.6749604
C=C1C2CC2CC1N3CC3,0.6891708
C=C1C(CC2NC12)N3CC3,0.6262612
C=C1C(CC2OC12)N3CC3,0.72638047
C=C1C(CN2CC12)C3CC3,0.614191
C=C1C(CN2CC12)C3CN3,0.71532947
C=C1C(CN2CC12)C3CO3,0.7606699
C=C1C(CN2CC12)N3CC3,0.564932
CC1C2CC2C=C1C3CC3,0.6962019
NC1C2CC2C=C1C3CC3,0.6767023
OC1C2CC2C=C1C3CC3,0.77719355
CC1C2CC2C=C1C3CN3,0.6146001
NC1C2CC2C=C1C3CN3,0.7231369
OC1C2CC2C=C1C3CN3,0.53355783
CC1C2CC2C=C1C3CO3,0.7897631
NC1C2CC2C=C1C3CO3,0.8340695
OC1C2CC2C=C1C3CO3,0.8596101
CC1C2NC2C=C1C3CC3,0.6099295
NC1C2NC2C=C1C3CC3,0.8873987
OC1C2NC2C=C1C3CC3,1.0012733
CC1C2NC2C=C1C3CN3,0.68308216
NC1C2NC2C=C1C3CN3,0.6255959
OC1C2NC2C=C1C3CN3,0.6234046
CC1C2NC2C=C1C3CO3,0.72020906
NC1C2NC2C=C1C3CO3,0.8487165
OC1C2NC2C=C1C3CO3,0.84437454
CC1C2OC2C=C1C3CC3,1.1195669
NC1C2OC2C=C1C3CC3,1.172953
OC1C2OC2C=C1C3CC3,1.2980598
CC1C2OC2C=C1C3CN3,0.8721178
NC1C2OC2C=C1C3CN3,0.86235774
OC1C2OC2C=C1C3CN3,1.0807099
CC1C2OC2C=C1C3CO3,0.9931326
NC1C2OC2C=C1C3CO3,0.98958355
OC1C2OC2C=C1C3CO3,1.4047391
CC1N2CC2C=C1C3CC3,0.7838326
CC1N2CC2C=C1C3CN3,0.77782136
CC1N2CC2C=C1C3CO3,0.77838075
C=C1C2CC2C=C1C3CC3,0.89072794
O=C1C2CC2C=C1C3CC3,1.3271389
C=C1C2CC2C=C1C3CN3,0.7143344
O=C1C2CC2C=C1C3CN3,1.2296818
C=C1C2CC2C=C1C3CO3,0.9913858
O=C1C2CC2C=C1C3CO3,1.7805272
C=C1C2NC2C=C1C3CC3,1.0531117
O=C1C2NC2C=C1C3CC3,1.3279437
C=C1C2NC2C=C1C3CN3,0.71447366
O=C1C2NC2C=C1C3CN3,1.2098148
C=C1C2NC2C=C1C3CO3,0.85210025
O=C1C2NC2C=C1C3CO3,1.6207603
C=C1C2OC2C=C1C3CC3,1.4056079
O=C1C2OC2C=C1C3CC3,1.6632258
C=C1C2OC2C=C1C3CN3,1.2237581
O=C1C2OC2C=C1C3CN3,1.3503766
C=C1C2OC2C=C1C3CO3,1.5470582
O=C1C2OC2C=C1C3CO3,1.8108221
C=C1C2CC2N=C1N3CC3,1.0540534
O=C1C2CN2C=C1C3CC3,1.0525545
C=C1C2CN2N=C1C3CC3,1.1854769
O=C1C2CN2C=C1C3CN3,0.9545049
C=C1C2CN2N=C1C3CN3,1.0056666
O=C1C2CN2C=C1C3CO3,1.4800987
C=C1C2CN2N=C1C3CO3,1.3807415
C=C1C2CN2N=C1N3CC3,1.1653861
N=C1N2CC2C=C1C3CC3,1.3202275
O=C1N2CC2C=C1C3CC3,1.3211726
N=C1N2CC2C=C1C3CN3,1.1687473
O=C1N2CC2C=C1C3CN3,1.2284497
N=C1N2CC2C=C1C3CO3,1.5340883
O=C1N2CC2C=C1C3CO3,1.7175025
CC1=C(CC2CC12)C3CC3,0.59288305
CC1=C(OC2CC12)C3CC3,0.6059816
CC1=C(CC2CC12)C3CN3,0.57414854
CC1=C(OC2CC12)C3CN3,0.63908327
CC1=C(CC2CC12)C3CO3,0.7199489
CC1=C(OC2CC12)C3CO3,0.7471035
CC1=C(CC2NC12)C3CC3,0.42358163
CC1=C(CC2NC12)C3CN3,0.5739093
CC1=C(CC2NC12)C3CO3,0.6483569
CC1=C(CC2OC12)C3CC3,0.73036116
CC1=C(CC2OC12)C3CN3,0.7589768
CC1=C(CC2OC12)C3CO3,0.8340906
CC1=C(CN2CC12)C3CC3,0.5006647
CC1=C(CN2CC12)C3CN3,0.51743466
CC1=C(CN2CC12)C3CO3,0.6813136
C=C1CC(C2CC2)C3CC13,0.68532777
C=C1OC(C2CC2)C3CC13,0.60303724
C=C1CN(C2CC2)C3CC13,0.26791203
C=C1CC(C2CN2)C3CC13,0.58561254
C=C1OC(C2CN2)C3CC13,0.7090966
C=C1CC(C2CO2)C3CC13,0.64181
C=C1OC(C2CO2)C3CC13,0.9386252
C=C1CC(C2CC2)C3NC13,0.6720136
C=C1OC(C2CC2)C3NC13,0.7304678
C=C1CC(C2CN2)C3NC13,0.5151405
C=C1OC(C2CN2)C3NC13,0.80972415
C=C1CC(C2CO2)C3NC13,0.5055937
C=C1OC(C2CO2)C3NC13,0.9148347
C=C1CC(C2CC2)C3OC13,0.5461885
C=C1OC(C2CC2)C3OC13,0.7842074
C=C1CC(C2CN2)C3OC13,0.5880923
C=C1OC(C2CN2)C3OC13,0.7873465
C=C1CC(C2CO2)C3OC13,0.66325235
C=C1OC(C2CO2)C3OC13,1.1480417
C=C1CC(C2CC12)N3CC3,0.54504985
C=C1CC(C2NC12)N3CC3,0.67708397
C=C1CC(C2OC12)N3CC3,0.79879117
C=C1CC(C2CC2)N3CC13,0.63545674
C=C1CC(C2CN2)N3CC13,0.7343417
C=C1CC(C2CO2)N3CC13,0.7029275
CC1=CC(C2CC2)C3CC13,0.69329035
CC1=CC(C2CN2)C3CC13,0.50383866
CC1=CC(C2CO2)C3CC13,0.5983182
CC1=CC(C2CC2)C3NC13,0.7510973
CC1=CC(C2CN2)C3NC13,0.6230851
CC1=CC(C2CO2)C3NC13,0.57583314
CC1=CC(C2CC2)C3OC13,0.5126113
CC1=CC(C2CN2)C3OC13,0.57660246
CC1=CC(C2CO2)C3OC13,0.7687345
CC1=CC(C2CC12)N3CC3,0.5569074
CC1=CC(C2NC12)N3CC3,0.6563153
CC1=CC(C2OC12)N3CC3,0.7988721
CC1=CC(C2CC2)N3CC13,0.69125336
CC1=CC(C2CN2)N3CC13,0.68709403
CC1=CC(C2CO2)N3CC13,0.67694485
CC1C=C(C2CC2)C3CC13,0.7458469
NC1C=C(C2CC2)C3CC13,0.77039075
OC1C=C(C2CC2)C3CC13,0.7642884
CC1C=C(C2CN2)C3CC13,0.63611186
NC1C=C(C2CN2)C3CC13,0.6776315
OC1C=C(C2CN2)C3CC13,0.82580817
CC1C=C(C2CO2)C3CC13,0.78728276
NC1C=C(C2CO2)C3CC13,0.935714
OC1C=C(C2CO2)C3CC13,0.8593341
CC1C=C(C2CC2)C3NC13,0.7973715
NC1C=C(C2CC2)C3NC13,0.74138963
OC1C=C(C2CC2)C3NC13,0.91511774
CC1C=C(C2CN2)C3NC13,0.72274923
NC1C=C(C2CN2)C3NC13,0.83931476
OC1C=C(C2CN2)C3NC13,0.8506477
CC1C=C(C2CO2)C3NC13,0.69161534
NC1C=C(C2CO2)C3NC13,0.95492685
OC1C=C(C2CO2)C3NC13,1.0734887
CC1C=C(C2CC2)C3OC13,0.71411175
NC1C=C(C2CC2)C3OC13,0.85219175
OC1C=C(C2CC2)C3OC13,0.84725386
CC1C=C(C2CN2)C3OC13,0.72760427
NC1C=C(C2CN2)C3OC13,0.70177364
OC1C=C(C2CN2)C3OC13,0.921112
CC1C=C(C2CO2)C3OC13,0.7703308
NC1C=C(C2CO2)C3OC13,0.99874294
OC1C=C(C2CO2)C3OC13,1.1855518
CC1C=C(C2CC2)C3CN13,0.85636365
CC1C=C(C2CN2)C3CN13,0.7287382
CC1C=C(C2CO2)C3CN13,0.9638177
C=C1C=C(C2CC2)C3CC13,0.8709074
O=C1C=C(C2CC2)C3CC13,1.2978826
C=C1C=C(C2CN2)C3CC13,1.0228744
O=C1C=C(C2CN2)C3CC13,1.0725607
C=C1C=C(C2CO2)C3CC13,0.9728753
O=C1C=C(C2CO2)C3CC13,1.5689586
C=C1C=C(C2CC2)C3NC13,1.0479738
O=C1C=C(C2CC2)C3NC13,1.3781551
C=C1C=C(C2CN2)C3NC13,1.0055703
O=C1C=C(C2CN2)C3NC13,1.2691255
C=C1C=C(C2CO2)C3NC13,1.2082875
O=C1C=C(C2CO2)C3NC13,1.6526634
C=C1C=C(C2CC2)C3OC13,1.0166047
O=C1C=C(C2CC2)C3OC13,1.0628034
C=C1C=C(C2CN2)C3OC13,1.1373907
O=C1C=C(C2CN2)C3OC13,1.1430441
C=C1C=C(C2CO2)C3OC13,1.4539577
O=C1C=C(C2CO2)C3OC13,1.4029105
O=C1C=C(C2CC12)N3CC3,1.0875582
O=C1C=C(C2NC12)N3CC3,1.2126117
O=C1C=C(C2OC12)N3CC3,1.2064346
N=C1C=C(C2CC2)C3CN13,1.0828172
O=C1C=C(C2CC2)C3CN13,1.2407775
N=C1C=C(C2CN2)C3CN13,1.0905521
O=C1C=C(C2CN2)C3CN13,1.0802379
N=C1C=C(C2CO2)C3CN13,1.463154
O=C1C=C(C2CO2)C3CN13,1.2803572
N=C1C=C(C2CN12)N3CC3,0.82145786
O=C1C=C(C2CN12)N3CC3,0.8859339
O=C1C=C(C2CC2)N3CC13,1.2422999
O=C1C=C(C2CN2)N3CC13,0.8499932
O=C1C=C(C2CO2)N3CC13,1.5531934
O=C1C=C(N2CC2)N3CC13,1.1364133
C=CCC(C1CC1)C2CC2,0.54044473
C=COC(C1CC1)C2CC2,0.4018797
C=CCN(C1CC1)C2CC2,0.47878417
C=CCC(C1CC1)C2CN2,0.58911645
C=COC(C1CC1)C2CN2,0.49306703
C=CCC(C1CC1)C2CO2,0.6154453
C=COC(C1CC1)C2CO2,0.50412095
C=CCC(C1CN1)C2CN2,0.46929303
C=COC(C1CN1)C2CN2,0.42105561
C=CCC(C1CN1)C2CO2,0.5646245
C=COC(C1CN1)C2CO2,0.39530587
C=CCC(C1CO1)C2CO2,0.78993
C=COC(C1CO1)C2CO2,0.52308553
C=CCC(C1CC1)N2CC2,0.38533673
C=CCC(C1CN1)N2CC2,0.43263546
C=CCC(C1CO1)N2CC2,0.62538296
CC=CC(C1CC1)C2CC2,0.5679567
CC=CC(C1CC1)C2CN2,0.6145992
CC=CC(C1CC1)C2CO2,0.6558043
CC=CC(C1CN1)C2CN2,0.46969312
CC=CC(C1CN1)C2CO2,0.6896618
CC=CC(C1CO1)C2CO2,0.5625418
CC=CC(C1CC1)N2CC2,0.34342524
CC=CC(C1CN1)N2CC2,0.46282923
CC=CC(C1CO1)N2CC2,0.55825865
CCC=C(C1CC1)C2CC2,0.62811166
NCC=C(C1CC1)C2CC2,0.52942
OCC=C(C1CC1)C2CC2,0.5243314
COC=C(C1CC1)C2CC2,0.48547438
CCC=C(C1CC1)C2CN2,0.5908204
NCC=C(C1CC1)C2CN2,0.570682
OCC=C(C1CC1)C2CN2,0.66984975
COC=C(C1CC1)C2CN2,0.43475297
CCC=C(C1CC1)C2CO2,0.6739929
NCC=C(C1CC1)C2CO2,0.79442406
OCC=C(C1CC1)C2CO2,0.89232665
COC=C(C1CC1)C2CO2,0.55492604
CCC=C(C1CN1)C2CN2,0.67023456
NCC=C(C1CN1)C2CN2,0.63326216
OCC=C(C1CN1)C2CN2,0.5124666
COC=C(C1CN1)C2CN2,0.43552673
CCC=C(C1CN1)C2CO2,0.7546451
NCC=C(C1CN1)C2CO2,0.6823999
OCC=C(C1CN1)C2CO2,0.65719616
COC=C(C1CN1)C2CO2,0.56592655
CCC=C(C1CO1)C2CO2,0.7629511
NCC=C(C1CO1)C2CO2,1.0150708
OCC=C(C1CO1)C2CO2,0.78918993
COC=C(C1CO1)C2CO2,0.6375067
C=CC=C(C1CC1)C2CC2,0.7537414
O=CC=C(C1CC1)C2CC2,0.8458428
N#CC=C(C1CC1)C2CC2,1.2690358
C=CC=C(C1CC1)C2CN2,0.8614213
O=CC=C(C1CC1)C2CN2,0.74477094
N#CC=C(C1CC1)C2CN2,1.2892671
C=CC=C(C1CC1)C2CO2,1.1374876
O=CC=C(C1CC1)C2CO2,1.3191773
N#CC=C(C1CC1)C2CO2,1.516929
C=CC=C(C1CN1)C2CN2,0.6572826
O=CC=C(C1CN1)C2CN2,0.7108962
N#CC=C(C1CN1)C2CN2,0.8645371
C=CC=C(C1CN1)C2CO2,0.87266135
O=CC=C(C1CN1)C2CO2,1.0604614
N#CC=C(C1CN1)C2CO2,1.0422829
C=CC=C(C1CO1)C2CO2,0.98369706
O=CC=C(C1CO1)C2CO2,1.3019499
N#CC=C(C1CO1)C2CO2,1.5370294
O=CC=C(C1CC1)N2CC2,0.8019901
N#CC=C(C1CC1)N2CC2,1.1331161
O=CC=C(C1CN1)N2CC2,0.7471913
N#CC=C(C1CN1)N2CC2,0.8846483
O=CC=C(C1CO1)N2CC2,0.97727203
N#CC=C(C1CO1)N2CC2,1.6293912
O=CC=C(N1CC1)N2CC2,0.87859327
N#CC=C(N1CC1)N2CC2,0.9802205
C#CC=C(C1CC1)C2CC2,0.8991089
C#CC=C(C1CC1)C2CN2,0.85496515
C#CC=C(C1CC1)C2CO2,1.4076811
C#CC=C(C1CN1)C2CN2,0.8814328
C#CC=C(C1CN1)C2CO2,1.1510428
C#CC=C(C1CO1)C2CO2,1.3056709
CC(=C)C(C1CC1)C2CC2,0.6039988
CC(=C)C(C1CC1)C2CN2,0.635511
CC(=C)C(C1CC1)C2CO2,0.6450408
CC(=C)C(C1CN1)C2CN2,0.56214064
CC(=C)C(C1CN1)C2CO2,0.58894956
CC(=C)C(C1CO1)C2CO2,0.62863415
CC(=C)C(C1CC1)N2CC2,0.52430236
CC(=C)C(C1CN1)N2CC2,0.57449174
CC(=C)C(C1CO1)N2CC2,0.7547229
CC(C)=C(C1CC1)C2CC2,0.4793647
CC(C)=C(C1CC1)C2CN2,0.42291564
CC(C)=C(C1CC1)C2CO2,0.5063758
CC(C)=C(C1CN1)C2CN2,0.4986615
CC(C)=C(C1CN1)C2CO2,0.45880792
CC(C)=C(C1CO1)C2CO2,0.488042
C1CC2C=CCC3CC1C23,0.66175336
C1CC2C=COC3CC1C23,0.4603155
C1NC2C=CCC3CC1C23,0.61408824
C1NC2C=COC3CC1C23,0.3788255
C1OC2C=CCC3CC1C23,0.821396
C1OC2C=COC3CC1C23,0.53293014
C1NC2CC3CC=CC1C23,0.8189814
C1NC2CC3OC=CC1C23,0.86589646
C1OC2CC3CC=CC1C23,0.70671785
C1OC2CC3OC=CC1C23,0.917252
C1CC2C=CCC3NC1C23,0.6793397
C1NC2C=CCC3NC1C23,0.5713006
C1OC2C=CCC3NC1C23,0.7829869
C1CC2C=CCC3OC1C23,0.7184243
C1NC2C=CCC3OC1C23,0.7851101
C1OC2C=CCC3OC1C23,0.8504158
C1CC2C=CCN3CC1C23,0.68759257
C1NC2C=CCN3CC1C23,0.6689814
C1OC2C=CCN3CC1C23,0.8374648
C1NC2CN3CC=CC1C23,0.68454814
C1OC2CN3CC=CC1C23,0.76193607
C1CN2CC3CC=CC1C23,0.86898243
C1CN2CC3OC=CC1C23,0.9019027
C1CC2C=CCC3CC1N23,0.55163455
C1CC2CC3C=CCC1C23,0.7574421
C1CC2OC=CC3CC1C23,0.5897698
C1NC2CC=CC3CC1C23,0.78294647
C1OC2CC=CC3CC1C23,0.82278365
C1OC2OC=CC3CC1C23,0.87383485
C1NC2CC3C=CCC1C23,0.57859695
C1NC2CC3C=COC1C23,0.74709153
C1OC2CC3C=CCC1C23,0.6139381
C1OC2CC3C=COC1C23,0.85842836
C1CC2NC3C=CCC1C23,0.4898044
C1CC2OC=CC3NC1C23,0.51586014
C1NC2CC=CC3NC1C23,0.61950374
C1OC2CC=CC3NC1C23,0.7610037
C1OC2OC=CC3NC1C23,0.72474754
C1CC2OC3C=CCC1C23,0.61572
C1CC2OC3C=COC1C23,0.8060399
C1NC2CC=CC3OC1C23,0.9517206
C1OC2CC=CC3OC1C23,0.9293567
C1OC2OC=CC3OC1C23,0.7851464
C1CN2CC=CC3CC1C23,0.6452343
C1CN2CC=CC3NC1C23,0.42036486
C1CN2CC=CC3OC1C23,0.63988936
C1CN2CC3C=CCC1C23,0.62685794
C1CN2CC3C=COC1C23,0.8063623
C1CC2CC3C=CCC1N23,0.4097588
C1CC2CC3C=CC(C1)C23,0.8321888
C1NCC2C=CC3CC1C23,0.5682877
C1OCC2C=CC3CC1C23,0.59933215
C1CC2CC3C=CC(N1)C23,0.8964744
C1CC2CC3C=CC(O1)C23,0.8871539
C1CC2C=CC3CC(N1)C23,0.69965005
C1CC2C=CC3CC(O1)C23,0.5947151
C1OC2CC3C=CC(O1)C23,0.9460552
C1CC2NC3C=CC(C1)C23,0.6297423
C1NCC2C=CC3NC1C23,0.46604383
C1OCC2C=CC3NC1C23,0.5788939
C1CC2NC3C=CC(N1)C23,0.6190863
C1CC2NC3C=CC(O1)C23,0.73711914
C1CC2OC3C=CC(C1)C23,0.7339022
C1NCC2C=CC3OC1C23,0.81447434
C1OCC2C=CC3OC1C23,0.7434403
C1CC2OC3C=CC(N1)C23,0.75019723
C1CC2OC3C=CC(O1)C23,0.8081214
C1CC2C=CC3CN(C1)C23,0.6056952
C1CN2CC3C=CC(N1)C23,0.6163445
C1CN2CC3C=CC(O1)C23,0.82296044
C1CC2CC3C=CC(C1)N23,0.54025924
C1NCC2C=CC3CC1N23,0.52114123
C1OCC2C=CC3CC1N23,0.61389756
C1C=CC2C=CC3CC1C23,0.7919229
C1C2NN=CC3C=CC1C23,0.82585037
C1C2C=CC3NC=NC1C23,0.8213043
C1C2OC=CC3C=CC1C23,0.84908766
C1C2ON=CC3C=CC1C23,1.1568787
C1C=CC2C=CC3NC1C23,0.67085785
C1C=CC2C=CC3OC1C23,0.800921
C1C=CC2C=CC3CN1C23,0.7672088
C1C=CC2C=CC3CC1N23,0.77284217
C1C=CC2CC3C=CC1C23,0.85489327
C1C2C=CC3NN=CC1C23,1.0552642
C1C2C=COC3C=CC1C23,1.0261549
C1C2C=CC3ON=CC1C23,1.2814027
C1C=CC2NC3C=CC1C23,0.6220036
N1N=CC2NC3C=CC1C23,0.763301
N1C2C=COC3C=CC1C23,0.8826006
N1C2C=CC3ON=CC1C23,1.4232796
C1C=CC2OC3C=CC1C23,1.0993314
N1N=CC2OC3C=CC1C23,1.300712
O1C=CC2OC3C=CC1C23,1.0902579
O1N=CC2OC3C=CC1C23,1.4220517
C1C=CC2CC3C=CC1N23,0.78037107
C1CC2C=CCC3C(C1)C23,0.8568009
C1NCC2C3CC=CC1C23,0.90344185
C1OCC2C3CC=CC1C23,0.737705
C1CC2C3CC=CC(N1)C23,0.96753407
C1CC2C3CC=CC(O1)C23,1.0789932
C1CC2C=COC3C(C1)C23,0.7565953
C1NCC2C3OC=CC1C23,1.0227044
C1OCC2C3OC=CC1C23,1.0326425
C1CC2C3OC=CC(N1)C23,0.85391474
C1CC2C3OC=CC(O1)C23,0.7620022
C1CC2C=CCC3C(N1)C23,0.8656653
C1CC2C=COC3C(N1)C23,0.8363328
C1CC2C=CCC3C(O1)C23,0.9281628
C1OC2C=CCC3C(O1)C23,1.0792185
C1CC2C=COC3C(O1)C23,0.90442336
C1OC2C=COC3C(O1)C23,0.87315965
C1CC2C=CCN3C(C1)C23,0.71493983
C1NCC2C3C1C=CCN23,0.79169524
C1OCC2C3C1C=CCN23,0.86149585
C1CC2C3C(N1)C=CCN23,0.6133279
C1CC2C3C(O1)C=CCN23,0.98715115
C1CC2C=CCC3C2N3C1,0.75669813
C1CN2C3CC=CC(N1)C23,0.65102434
C1CN2C3CC=CC(O1)C23,1.1244218
C1CC2C=CCC3C(C1)N23,0.609191
C1NCC2C3CC=CC1N23,0.62418616
C1OCC2C3CC=CC1N23,0.7661697
C1CC2CC=CC3C(C1)C23,0.8147141
C1NCC2C3C=CCC1C23,0.76412636
C1OCC2C3C=CCC1C23,0.66549194
C1CC2OC=CC3C(C1)C23,0.8155825
C1NCC2C3C=COC1C23,0.8125299
C1OCC2C3C=COC1C23,0.8899824
C1CC2C3C=CCC(N1)C23,0.8990296
C1CC2C3C=CCC(O1)C23,0.83680314
C1CC2C3C=COC(O1)C23,0.79536927
C1CC2CC=CC3C(N1)C23,0.8364067
C1CC2OC=CC3C(N1)C23,0.6930971
C1CC2CC=CC3C(O1)C23,0.9336939
C1CC2OC=CC3C(O1)C23,0.75195265
C1OC2CC=CC3C(O1)C23,1.0984886
C1OC2OC=CC3C(O1)C23,0.82356
C1CC2C3C=CCN(C1)C23,0.70046896
C1CN2CC=CC3C(N1)C23,0.56915563
C1CN2CC=CC3C(O1)C23,0.96273434
C1CC2CC=CC3C2N3C1,0.7574965
C1CC2OC=CC3C2N3C1,0.7872199
C1CN2C3C=CCC(N1)C23,0.5303396
C1CN2C3C=CCC(O1)C23,1.0922477
C1CN2C3C=COC(O1)C23,0.80526924
C1CC2CC=CC3C(C1)N23,0.6235856
C1NCC2C3C=CCC1N23,0.5415022
C1OCC2C3C=CCC1N23,0.6075928
C1C=CC2C=CCC3C1C23,0.6231196
C1C=CC2C=NNC3C1C23,0.65885663
C1C=CC2N=CNC3C1C23,0.5923282
C1C=CC2C=COC3C1C23,0.85379755
C1C=CC2C=NOC3C1C23,1.132605
N1N=CC2C=COC3C1C23,1.1953431
N1C=NC2C3OC=CC1C23,1.1741129
O1C=CC2C=COC3C1C23,1.2501763
O1C=CC2C=NOC3C1C23,1.4306192
C1C=CC2C=CCN3C1C23,0.6290981
C1C=CC2C=CCC3C1N23,0.7909546
C1C=CC2C3CC=CC1C23,0.84704894
C1C=CC2NN=CC3C1C23,0.54618573
C1C=CC2OC=CC3C1C23,0.75440514
C1C=CC2ON=CC3C1C23,1.0828866
C1C=CC2C3NN=CC1C23,1.1622393
N1N=CC2OC=CC3C1C23,0.9082893
C1C=CC2C3N=CNC1C23,0.60071826
C1C=CC2C3OC=CC1C23,1.090496
C1C=CC2C3ON=CC1C23,1.25993
N1N=CC2C3OC=CC1C23,1.372681
O1C=CC2C3OC=CC1C23,1.2983235
O1C=CC2ON=CC3C1C23,0.91179764
O1C=CC2C3ON=CC1C23,1.4481577
C1C=CC2C3C1C=CCN23,0.70196795
C1C=CC2NN=CC3C2N13,0.92786443
C1C=CC2OC=CC3C2N13,1.0914165
C1C=CC2ON=CC3C2N13,1.0251005
C1C=CC2C3CC=CC1N23,0.8746276
C1C=CC2C3C=CCC1C23,0.6818653
C1C=CC2C3C=NNC1C23,0.6363063
C1C=CC2C3C=COC1C23,0.8563677
C1C=CC2C3C=NOC1C23,1.1200998
O1C=CC2C3C=COC1C23,0.8443683
O1C=CC2C3C=NOC1C23,1.3000512
C1C=CC2C3C=CCN1C23,0.86532587
C1C=CC2C3C=CCC1N23,0.5893073
C1CC2C3CC=CCC1C23,0.8581191
C1CC2C3CC=COC1C23,0.63042104
C1CC2C3OC=CCC1C23,0.71124476
C1CC2C3OC=COC1C23,0.7473743
C1NC2CC=CCC3C1C23,0.84785414
C1NC2CC=COC3C1C23,0.759794
C1OC2CC=CCC3C1C23,0.78770643
C1OC2OC=CCC3C1C23,0.8476029
C1OC2CC=COC3C1C23,0.8992887
C1OC2OC=COC3C1C23,0.98028624
C1NC2C3CC=CCC1C23,0.7021911
C1NC2C3CC=COC1C23,0.77553487
C1NC2C3OC=CCC1C23,0.7682997
C1NC2C3OC=COC1C23,0.8628299
C1OC2C3CC=CCC1C23,0.8251321
C1OC2C3CC=COC1C23,0.813897
C1OC2C3OC=CCC1C23,0.900253
C1OC2C3OC=COC1C23,1.1772109
C1CN2CC=CCC3C1C23,0.7556735
C1CN2CC=COC3C1C23,0.8353226
C1CC2C3C1CC=CCN23,0.54752314
C1CC2C3C1OC=CCN23,0.884516
C1NC2CC=CCN3C1C23,0.59421974
C1OC2CC=CCN3C1C23,0.76013374
C1OC2OC=CCN3C1C23,0.74255824
C1CN2C3CC=CCC1C23,0.6963834
C1CN2C3CC=COC1C23,0.6331752
C1CC2C3CC=CCC1N23,0.6098643
C1CC2C3CCC(C=C1)C23,0.88271743
C1CC2C3COC=CC1C23,0.72002375
C1CC2C3NCC=CC1C23,0.79536563
C1CC2C3OCC=CC1C23,0.86593294
C1CC2C3CNC(C=C1)C23,0.66703975
C1NC2C=COCC3C1C23,0.49252558
C1NC2C3CNC(C=C1)C23,0.6434526
C1NC2C=CCOC3C1C23,0.7598746
C1CC2C3COC(C=C1)C23,0.88687044
C1OC=CC2OCC3C1C23,0.9013059
C1NC2C3COC(C=C1)C23,1.126082
C1OC2C3COC(C=C1)C23,1.0904764
C1CC2C3NCC(C=C1)C23,0.7295008
C1NC2C3COC=CC1C23,0.7977124
C1NC2C3NCC(C=C1)C23,0.6350518
C1NC2C3OCC=CC1C23,1.0145464
C1CC2C3OCC(C=C1)C23,0.7056245
C1OC=CC2COC3C1C23,0.74033785
C1NC2C3OCC(C=C1)C23,1.0088376
C1OC2C3OCC(C=C1)C23,1.2415034
C1CN2C3CCC(C=C1)C23,0.85147476
C1CN2C3CNC(C=C1)C23,0.52430576
C1CN2C3COC(C=C1)C23,0.9641241
C1CC2C3C(CCN23)C=C1,0.6773666
C1CN2C3COC=CC1C23,0.7742033
C1CC2C3CCC(C=C1)N23,0.6550253
C1CC2C3COC=CC1N23,0.90401655
C1CC2CCC3C(C=C1)C23,0.85063344
C1CC2C3C=COCC1C23,0.7620549
C1CC2C3C=CCNC1C23,0.6277147
C1CC2C3C=CCOC1C23,0.84294367
C1CC2NCC3C(C=C1)C23,0.7268938
C1NC2COC=CC3C1C23,0.832309
C1CC2OCC3C(C=C1)C23,0.7762318
C1OC=CC2C3COC1C23,0.6921581
C1OC2OCC3C(C=C1)C23,1.0939386
C1CC2CNC3C(C=C1)C23,0.7174019
C1NC2C3C=COCC1C23,0.6879872
C1NC2CNC3C(C=C1)C23,0.63881063
C1NC2C3C=CCOC1C23,0.8999779
C1CC2COC3C(C=C1)C23,0.77417505
C1OC=CC2C3OCC1C23,0.80427873
C1NC2COC3C(C=C1)C23,0.8932438
C1OC2COC3C(C=C1)C23,0.8540114
C1CN2CCC3C(C=C1)C23,0.9019768
C1CC2CCN3C(C=C1)C23,0.7327123
C1CN2C3C=COCC1C23,0.6208118
C1CN2C3C=CCNC1C23,0.30615085
C1CN2C3C=CCOC1C23,0.64326036
C1CC2CCC3C(C=C1)N23,0.62050676
C1CC2C3C=COCC1N23,0.89842486
C1CC2C3C=CC=CC1C23,1.040975
C1NC2C=CC=CC3C1C23,0.89381474
C1OC2C=CC=CC3C1C23,1.0599339
C1NC2C3C=CC=CC1C23,0.81546164
C1OC2C3C=CC=CC1C23,1.0469649
C1CN2C3C=CC=CC1C23,1.0609845
C1CC2C3C=CC=CC1N23,0.9591026
C1CCC2C3C=CC(C1)C23,0.72472453
C1CC2C3C=CC(CN1)C23,0.7905231
C1CC2C3C=CC(CO1)C23,0.7956483
C1CC2C=CC3C(CN1)C23,0.6474469
C1CC2C=CC3C(CO1)C23,0.6104389
C1CNC2C=CC3C(C1)C23,0.4646022
C1COC2C=CC3C(C1)C23,0.6045456
C1OCC2C3C=CC(O1)C23,0.79678124
C1CNC2C3C=CC(C1)C23,0.5675607
C1CNC2C3C=CC(N1)C23,0.46246105
C1COC2C=CC3C(N1)C23,0.5550098
C1COC2C3C=CC(C1)C23,0.6410081
C1OCC2C=CC3C(O1)C23,0.9644291
C1COC2C3C=CC(N1)C23,0.65357375
C1COC2C3C=CC(O1)C23,0.7897573
C1CCN2C3C=CC(C1)C23,0.6264326
C1CN2C3C=CC(CN1)C23,0.42858398
C1CN2C3C=CC(CO1)C23,1.0214038
C1CNC2C=CC3C2N3C1,0.6637334
C1COC2C=CC3C2N3C1,0.59313846
C1CCC2C3C=CC(C1)N23,0.63188803
C1CC2C3C=CC(CN1)N23,0.8209518
C1CC2C3C=CC(CO1)N23,0.76819503
C1CC2C=CC3C(CN1)N23,0.6766332
C1CC2C=CC3C(CO1)N23,0.37396738
C1C=CCC2C3C=CC1C23,0.94042814
C1C=NNC2C=CC3C1C23,0.718582
C1N=CNC2C=CC3C1C23,0.6276535
C1C=COC2C=CC3C1C23,0.6764256
C1C=NOC2C=CC3C1C23,0.8945289
C1N=CNC2C3C=CC1C23,0.89688814
C1C=NNC2C3C=CC1C23,0.9460964
N1C=NNC2C=CC3C1C23,0.8060878
N1C=NNC2C3C=CC1C23,0.9034226
N1C=NOC2C=CC3C1C23,1.052075
N1N=COC2C=CC3C1C23,0.8383292
C1C=COC2C3C=CC1C23,1.1096816
C1C=NOC2C3C=CC1C23,1.1995182
N1N=COC2C3C=CC1C23,1.0833596
N1C=NOC2C3C=CC1C23,1.3045005
O1C=COC2C3C=CC1C23,1.1160996
O1C=NOC2C=CC3C1C23,1.0048355
O1C=NOC2C3C=CC1C23,1.2908286
C1C=CCN2C3C=CC1C23,1.0178422
C1C=NNC2C=CC3C2N13,0.7725097
C1C=COC2C=CC3C2N13,0.8270775
C1C=NOC2C=CC3C2N13,1.1521498
C1C=CCC2C3C=CC1N23,1.160386
C1CC2C3C=CC(C=C1)C23,0.8144195
C1NN=CC2C=CC3C1C23,0.7180456
C1OC=CC2C=CC3C1C23,0.6216142
C1ON=CC2C=CC3C1C23,1.0884272
C1NC2C3C=CC(C=C1)C23,1.1324803
C1OC2C3C=CC(C=C1)C23,1.3050476
C1CN2C3C=CC(C=C1)C23,1.0447594
C1CC2C3C=CC(C=C1)N23,0.82049495
C1NN=CC2C=CC3C1N23,0.8975626
C1OC=CC2C=CC3C1N23,0.76668406
C1ON=CC2C=CC3C1N23,1.4202887
C1CC2C=CC3C(C=C1)C23,0.95264864
C1OC=CC2C3C=CC1C23,0.98959523
C1NN=CC2C3C=CC1C23,1.0953852
C1ON=CC2C3C=CC1C23,1.4210676
C1NC2C=CC3C(C=C1)C23,1.1080128
C1OC2C=CC3C(C=C1)C23,1.234221
C1CC2C=CC3C(C=C1)N23,0.8106818
C1OC=CC2C3C=CC1N23,0.9391304
C1NN=CC2C3C=CC1N23,1.2007324
C1ON=CC2C3C=CC1N23,1.4693989
C1=CC2C=CC3C(C=C1)C23,1.0480648
C1=CC2C3C=NN=CC1C23,1.6575106
C1=CC2C=CC3C(C=C1)N23,1.1226175
C1=CC2C3C=NN=CC1N23,1.8614849
C1CC2C=CC3CCC1C23,0.7472952
C1CC2C=CC3NCC1C23,0.5885955
C1CC2C=CC3OCC1C23,0.8812803
C1CC2C=CC3CNC1C23,0.60970265
C1CC2C=CC3COC1C23,0.7910994
C1NC2C=CC3NCC1C23,0.5093969
C1NC2C=CC3OCC1C23,0.7033285
C1NC2C=CC3CNC1C23,0.4491712
C1NC2C=CC3COC1C23,0.70911765
C1OC2C=CC3OCC1C23,0.8551253
C1NC2COC3C=CC1C23,0.9492441
C1OC2C=CC3COC1C23,0.75359833
C1OC2OCC3C=CC1C23,0.9676221
C1CN2CCC3C=CC1C23,0.5689533
C1CC2C=CC3CCC1N23,0.49688157
C1CC2C=CC3C=CC1C23,0.821179
C1NC2C=CC3C=CC1C23,0.7649812
C1OC2C=CC3C=CC1C23,0.7822639
C1CC2C=CC3C=CC1N23,0.9174247
C1CC2=CCC3C=CC1C23,0.759228
C1CC2=NNC3C=CC1C23,0.7759894
C1CC2=COC3C=CC1C23,0.9746541
C1CC2=NOC3C=CC1C23,1.2677861
C1NC2=NCC3C=CC1C23,0.80124485
C1N=C2NNC3C=CC1C23,0.7721857
C1N=C2NOC3C=CC1C23,0.960426
C1OC2=CCC3C=CC1C23,0.8030834
C1OC2=NNC3C=CC1C23,0.9671502
C1OC2=COC3C=CC1C23,0.9856546
C1OC2=NOC3C=CC1C23,1.350767
C1NC2C=CC3CC=C1C23,1.1046386
C1NC2C=CC3NN=C1C23,0.89589906
C1NC2C=CC3OC=C1C23,1.0033212
C1NC2C=CC3ON=C1C23,1.2840847
N1NC2=NNC3C=CC1C23,0.9628433
N1NC2=NOC3C=CC1C23,1.3428706
C1OC2C=CC3CC=C1C23,1.064881
C1OC2C=CC3NN=C1C23,1.0168905
C1OC2C=CC3OC=C1C23,1.3591934
C1OC2C=CC3ON=C1C23,1.433929
N1OC2C=CC3ON=C1C23,1.7157735
C1CC2=NCC3C=CC1N23,0.87849295
C1NC2=NCC3C=CC1N23,0.8323683
C1OC2=NCC3C=CC1N23,1.2250297
C1=CC2C=CC3C=CC1C23,0.69131505
C1=CC2C=CC3C=CC1N23,1.0201384
C1C=C2C=CC3C=CC1C23,0.8884472
N1N=C2C=CC3C=CC1C23,1.3846372
O1C=C2C=CC3C=CC1C23,1.1963012
O1N=C2C=CC3C=CC1C23,1.3856728
C1N=C2C=CC3C=CC1N23,1.2611336
C1CC2CCC3=C2C1CC3,0.67609006
C1CC2COC3=C2C1CC3,0.7773656
C1CC2NCC3=C2C1CC3,0.5718202
C1CC2OCC3=C2C1CC3,0.84120566
C1CC2NCC3=C2C1CO3,0.6572932
C1CC2OCC3=C2C1CO3,0.8532066
C1CC2NCC3=C2C1NC3,0.4782268
C1CC2OCC3=C2C1NC3,0.55202645
C1CC2OCC3=C2C1OC3,0.652205
C1CC2=C3C1CNC3CC2,0.52860343
C1CC2=C3C1CNC3CO2,0.6399731
C1CC2=C3C(CNC13)CO2,0.3657751
C1CC2=C3C1NCC3NC2,0.5489379
C1NC2COC3=C2C1NC3,0.6849607
C1CC2=C3C1NCC3OC2,0.45941216
C1NC2COC3=C2C1OC3,0.4600978
C1CC2=C3C1COC3CC2,0.82075036
C1CC2=C3C1COC3CO2,0.722928
C1CC2=C3C1COC3OC2,0.7939101
C1CC2=C3C(COC13)CO2,0.3506673
C1OC2OCC3=C2C1CO3,1.194641
C1CC2=C3C(COC13)NC2,0.6993026
C1NC2COC3COC1=C23,0.6509418
C1NC2COC3OCC1=C23,0.9558488
C1CC2=C3C1OCC3OC2,0.6762151
C1OC2COC3=C2C1OC3,0.7791461
C1OC2OCC3=C2C1OC3,1.0816351
C1CC2C=CC3=C2C1CC3,0.99238646
C1CC2C=CC3=C2C1CO3,0.989643
C1CC2C=CC3=C2C1NC3,0.93362886
C1CC2C=CC3=C2C1OC3,0.972847
C1CC2=C3C1CNC3C=C2,0.8296393
C1NC2C=CC3=C2C1CO3,0.94908017
C1NC2C=CC3=C2C1NC3,0.75195634
C1NC2C=CC3=C2C1OC3,0.94324166
C1CC2=C3C1COC3C=C2,1.0137013
C1OC2C=CC3=C2C1CO3,1.266162
C1NC2COC3C=CC1=C23,1.4537681
C1OC2C=CC3=C2C1OC3,1.3523583
C1CC2=C3C1NCC3C=C2,0.7939171
C1NC2COC3=C2C1C=C3,0.96572727
C1CC2=C3C1OCC3C=C2,0.992473
C1OC2COC3=C2C1C=C3,1.0537286
C1OC2OCC3=C2C1C=C3,1.1849736
C1CC2C=CC3=C2C1C=C3,1.1830269
C1NC2C=CC3=C2C1C=C3,1.0003672
C1OC2C=CC3=C2C1C=C3,1.2703525
C1CC2=C3C1C=CC3CC2,0.9575861
C1CC2=C3C1C=CC3CO2,0.82087386
C1CC2=C3C1C=CC3NC2,0.8111123
C1CC2=C3C1C=CC3OC2,1.0598584
C1NC2C=CC3COC1=C23,0.8081466
C1OC2=C3C1C=CC3OC2,1.1131266
C1NC2C=CC3NCC1=C23,0.74403876
C1NC2C=CC3OCC1=C23,0.896517
C1OC2C=CC3OCC1=C23,1.2943435
C1CC2=C3C1C=CC3C=C2,1.1172454
C1OC2=C3C1C=CC3C=C2,1.2396889
C1NC2C=CC3C=CC1=C23,1.2993126
C1OC2C=CC3C=CC1=C23,1.5841792
C1=CC2C=CC3=C2C1C=C3,1.284766
C1C2CC3C4C=CC1C2C34,0.94245756
C1C2NC3C4C=CC1C2C34,0.92680323
C1C2OC3C4C=CC1C2C34,0.91446656
C1C2NC3C=CC4C1C4C23,0.5722134
C1C2OC3C=CC4C1C4C23,0.8580185
C1C2C=CC3C4CN1C2C34,0.63777775
C1C2CC3C4C=CC1N2C34,0.90403455
C1C2CN3C4C=CC1C2C34,0.91783845
C1C2NC3C=CC4C(C23)N14,0.6724671
C1C2OC3C=CC4C(C23)N14,0.9633718
C1C2CC3C4C=CC1C2N34,0.6472701
C1C2NC3C=CC4C1N4C23,0.7107285
C1C2OC3C=CC4C1N4C23,0.9858681
C1C2C=CC3C4CC4C1C23,0.77488565
C1C2C1C3C=CC4NC2C34,0.5439256
C1C2C1C3C=CC4OC2C34,0.78787035
C1C2C1N3CC4C=CC2C34,0.63895285
C1C2C1C3C=CC4CC2N34,0.62482905
C1C2C=CC3C4NC4C1C23,0.5345741
N1C2C=CC3C4NC4C1C23,0.6318139
N1C2C1C3C=CC4OC2C34,0.97211325
C1C2C=CC3C4NC4C1N23,0.4358329
C1C2C=CC3C4OC4C1C23,0.96081245
N1C2C=CC3C4OC4C1C23,0.94617623
O1C2C=CC3C4OC4C1C23,1.4347011
C1C2C=CC3C4OC4C1N23,0.8082353
C1C2C=CC3C2C1C4CN34,0.7176673
C1C2C3NC4C=CC(C34)N12,0.67881167
C1C2C3OC4C=CC(C34)N12,1.0511781
C1C2C=CC3C4CN4C1C23,0.5543852
C1C=C2C3CC3C4CC1C24,0.7984534
C1C2OC=C3C4CC4C1C23,0.87894094
C1C=C2C3CC3C4NC1C24,0.6750643
C1C=C2C3CC3C4OC1C24,0.48832515
C1C=C2C3CC3C4CN1C24,0.83179677
C1C=C2C3CC3N4CC1C24,0.70417523
C1C2C1C3=COC4CN2C34,0.888677
C1C=C2C3NC3C4CC1C24,0.41730413
C1C2OC=C3C4NC4C1C23,0.91271025
C1C=C2C3NC3C4NC1C24,0.4999638
C1C=C2C3NC3C4OC1C24,0.8308215
C1C=C2C3NC3C4CN1C24,0.65015984
C1C=C2C3OC3C4CC1C24,0.77385736
C1C2OC=C3C4OC4C1C23,1.183086
C1C=C2C3OC3C4NC1C24,0.79280925
C1C=C2C3OC3C4OC1C24,1.0706298
C1C=C2C3OC3C4CN1C24,1.0606703
C1C=C2C3CN3C4CC1C24,0.5929731
C1C2OC=C3C4CN4C1C23,0.8994093
C1C=C2C3CN3C4CN1C24,0.7590683
C1C2CC3C4C=CC(C12)C34,0.6207553
C1C2NC3C4C=CC(C12)C34,0.61042273
C1C2OC3C4C=CC(C12)C34,0.725579
C1C2NC2C3C=CC4C1C34,0.49324587
C1C2OC2C3C=CC4C1C34,0.5978366
C1C2C3C=CC(C4CN14)C23,0.93407685
C1C2CN2C3C=CC4C1C34,0.72673225
C1C2CN3C4C=CC(C12)C34,0.76707095
C1C2NC2C3C=CC4C3N14,0.6228997
C1C2OC2C3C=CC4C3N14,0.6712127
C1C2CN3C4C=CC(C34)N12,0.79203796
C1C2CC3C4C=CC(C12)N34,0.8886329
C1C2NC2C3C=CC4C1N34,0.5835805
C1C2OC2C3C=CC4C1N34,0.62299466
C1C2C3C=CC4C(CN12)N34,0.7161511
C1C=CC2C3CC4C1C4C23,0.7386854
C1C2C3OC=CC4C1C4C23,0.8356581
C1C=CC2C3NC4C1C4C23,0.74308825
N1C2C3OC=CC4C1C4C23,0.83269644
C1C=CC2C3OC4C1C4C23,0.97673804
O1C=CC2C3OC4C1C4C23,1.0130926
C1C=CC2C3CC4C(C23)N14,1.1215917
C1C=CC2C3C4C1C4CN23,0.8159052
C1C2C3OC=CC4C(C23)N14,1.058088
C1C=CC2C3C4C(CN23)N14,0.6554003
C1C=CC2C3CN4C1C4C23,0.58090514
C1C=CC2C3CC4C1C4N23,0.805998
C1C2C3OC=CC4C1N4C23,0.7322297
C1C=CC2C3CC4C1N4C23,0.89811146
C1CC2C3C=CC4C1C4C23,0.8831835
C1NC2C3C=CC4C1C4C23,0.8879927
C1OC2C3C=CC4C1C4C23,1.0610988
C1CN2C3C=CC4C1C4C23,0.95879316
C1CN2C3C=CC4C(C23)N14,0.8909566
C1CC2C3C=CC4C1C4N23,0.8109069
C1NC2C3C=CC4C1N4C23,0.84415436
C1OC2C3C=CC4C1N4C23,0.9024898
C1=CC2C3C=CC4C1C4C23,0.7565602
C1=CC2C3C=CC4C1C4N23,0.8992622
C1C2CC2C3C4C=CC1C34,0.75820446
C1C2NC3C=CC4C(C12)C34,0.5420038
C1C2OC3C=CC4C(C12)C34,0.6452962
C1C2NC2C3C4C=CC1C34,0.7973907
C1C2OC2C3C4C=CC1C34,0.94421864
C1C2C=CC3C2C3C4CN14,0.7382191
C1C2CN2C3C4C=CC1C34,0.8943981
C1C2CC2N3C4C=CC1C34,0.8124041
C1C2NC3C=CC4C3N4C12,0.67792
C1C2OC3C=CC4C3N4C12,0.9941833
C1C2CC2C3C4C=CC1N34,0.932354
C1C2NC2C3C4C=CC1N34,0.76889676
C1C2OC2C3C4C=CC1N34,1.0131243
C1C2C=CC3C(C4CN14)N23,0.36461318
C1C2CC3C4C1C=CC2C34,0.7895181
C1C2NC3C=CC2C4C1C34,0.603519
C1C2OC3C=CC2C4C1C34,0.7020396
C1C2NC3C4C1C=CC2C34,0.68553424
C1C2OC3C4C1C=CC2C34,0.76209074
O1C2OC3C4C1C=CC2C34,0.9285996
C1C2C=CC3C4C(CN13)C24,0.9133639
C1C2CC3C4C2C=CC1N34,0.94392633
C1C2C=CC3C4C(CN13)N24,1.3312389
C1C2CN3C4C1C=CC2C34,0.75780827
C1C2NC3C=CC2C4C3N14,0.65140593
C1C2OC3C=CC2C4C3N14,1.4019922
C1C2CC3C4C1C=CC2N34,0.9283296
C1C2NC3C=CC2N4C1C34,0.6559845
C1C2OC3C=CC2N4C1C34,0.8234457
C1C=C2CC3CC4C(C13)C24,0.7723271
C1C2CC3=COC2C4C1C34,0.5474752
C1C=C2OC3CC4C(C13)C24,0.7750399
C1C2OC3=COC2C4C1C34,0.6651023
C1C=C2CC3NC4C(C13)C24,0.7825589
C1C2NC3C4C2OC=C1C34,0.85563433
C1C=C2CC3OC4C(C13)C24,0.9421402
C1C2OC3C4C2OC=C1C34,1.0967753
C1C=C2OC3OC4C(C13)C24,1.0678564
O1C=C2OC3OC4C(C13)C24,0.8779455
C1C=C2CN3CC4C(C13)C24,0.7806881
C1C=C2CC3CC4C(C24)N13,0.91426617
C1C=C2CC3CN4C(C13)C24,0.626959
C1C2CC3=COC2C4C3N14,0.6126193
C1C=C2OC3CN4C(C13)C24,0.7161108
C1C2OC3=COC2C4C3N14,0.6201894
C1C=C2CC3CC4C2N4C13,0.8185901
C1C=C2OC3CC4C2N4C13,0.7983269
C1CC2=CC3CC4C(C13)C24,0.69833314
C1OC2=CC3CC4C(C13)C24,0.84826446
C1NC2C3CC4C2C4C1=C3,0.8672644
C1OC2C3CC4C2C4C1=C3,0.87267417
C1CC2=CC3NC4C(C13)C24,0.8459023
C1OC2=CC3NC4C(C13)C24,0.86929256
C1NC2C3NC4C2C4C1=C3,0.6756042
C1OC2C3NC4C2C4C1=C3,0.8786816
C1CC2=CC3OC4C(C13)C24,1.0005891
C1OC2=CC3OC4C(C13)C24,1.0661682
C1NC2C3OC4C2C4C1=C3,0.94653475
C1OC2C3OC4C2C4C1=C3,1.1415819
C1CC2=CC3CC4C(C24)N13,0.93555397
C1CC2=CC3CN4C(C13)C24,0.66949666
C1OC2=CC3CN4C(C13)C24,0.8564694
C1NC2C3CN4C2C4C1=C3,0.73546875
C1OC2C3CN4C2C4C1=C3,0.89985955
C1CC2=CC3CC4C2N4C13,0.7847506
C1OC2=CC3CC4C2N4C13,0.8526046
C1C2C=C3C=CC2C4C1C34,0.8488616
N1C2C=C3C=CC2C4C1C34,0.9948985
O1C2C=C3C=CC2C4C1C34,1.1642141
C1C2C=C3C=CC2C4C3N14,1.840569
C1C2C=C3C=CC2N4C1C34,0.9098836
C1C=CC2C3CC4C(C13)C24,0.7627596
C1C2C3OC=CC2C4C1C34,0.7555778
C1C=CC2C3NC4C(C13)C24,0.80964327
N1C2C3OC=CC2C4C1C34,0.7437369
C1C=CC2C3OC4C(C13)C24,0.89009607
O1C=CC2C3OC4C(C13)C24,1.124079
C1C=CC2C3CC4C2C4N13,0.7512208
C1C=CC2C3C4CN2C1C34,0.99967456
C1C=CC2C3CN4C(C13)C24,0.6030564
C1C2C3OC=CC2C4C3N14,0.59885335
C1C=CC2C3CC4C(C13)N24,0.6471741
C1C2C3OC=CC2N4C1C34,0.87462056
C1C=CC2C3CC4C2N4C13,0.7258619
C1CC2C3CC4C2C4C3=C1,0.8513252
C1OC=C2C3CC4C(C13)C24,0.81061065
C1NC2C3CC4C2C4C3=C1,0.7363373
C1OC2C3CC4C2C4C3=C1,0.74156725
C1CC2C3NC4C2C4C3=C1,0.7371031
C1OC=C2C3NC4C(C13)C24,0.8988016
C1NC2C3NC4C2C4C3=C1,0.5606934
C1OC2C3NC4C2C4C3=C1,0.82296026
C1CC2C3OC4C2C4C3=C1,0.83752567
C1OC=C2C3OC4C(C13)C24,1.0395138
C1NC2C3OC4C2C4C3=C1,0.9203861
C1OC2C3OC4C2C4C3=C1,1.118172
C1CN2C3CC4C2C4C3=C1,0.7720729
C1CC2C3CN4C2C4C3=C1,0.9119484
C1OC=C2C3CN4C(C13)C24,0.817659
C1NC2C3CN4C2C4C3=C1,0.6372677
C1OC2C3CN4C2C4C3=C1,0.86522126
C1CC2C3CC4C(N24)C3=C1,0.9821204
C1OC=C2C3CC4C2N4C13,0.8919765
C1C2CC3C4C=CC(C14)C23,0.84930855
C1C2NC3C4C=CC3C2C14,0.73458135
C1C2OC3C4C=CC3C2C14,0.9482231
C1C2NC3C4C=CC(C14)C23,1.0049436
C1C2OC3C4C=CC(C14)C23,1.1148394
C1C2CN3C4C=CC3C2C14,0.77164155
C1C2NC3C2C4C=CC3N14,0.72002614
C1C2OC3C2C4C=CC3N14,0.99870086
C1C2C3C=CC2C4C3CN14,0.8460829
C1C2CN3C4C=CC(C14)C23,0.94183534
C1C2NC3C4C=CC3N1C24,0.6608411
C1C2OC3C4C=CC3N1C24,0.9094716
C1C2CC3C4C=CC(C14)N23,0.9852592
C1C2C=CC3C1C4CC3C24,0.564092
C1C2C3NC4C=CC3C1C24,0.8230883
C1C2C3OC4C=CC3C1C24,1.1121191
C1C2C=CC3C1C4NC3C24,0.6829687
N1C2C=CC3C1C4NC3C24,0.6043198
N1C2C3OC4C=CC3C1C24,1.0091754
C1C2C=CC3C1C4OC3C24,0.8197862
N1C2C=CC3C1C4OC3C24,0.8125306
O1C2C=CC3C1C4OC3C24,1.1695515
C1C2C3C=CC4CN3C1C24,0.75232863
C1C2C=CC3C1C4CN3C24,0.7342275
C1C2C3NC4C=CC3N1C24,0.7359071
C1C2C3OC4C=CC3N1C24,1.0197586
C1C2C=CC3C1C4CC3N24,0.7597221
C1C2C=CC3C4CN(C13)C24,0.7813809
C1C2CC3C1C=CC4C2C34,0.7490941
C1C2NC3C=CC4C2C4C13,0.69205236
C1C2OC3C=CC4C2C4C13,0.84362066
C1C2NC3C1C=CC4C2C34,0.65352243
C1C2OC3C1C=CC4C2C34,0.5465686
O1C2OC3C1C=CC4C2C34,0.9262804
C1C2C=CC3C4C2CN1C34,0.75645804
C1C2CN3C1C=CC4C2C34,0.8200779
C1C2CC3C1C=CC4C3N24,1.1621459
C1C2CC3C1C=CC4C2N34,0.6327579
C1C2NC3C=CC4C2N4C13,0.758797
C1C2OC3C=CC4C2N4C13,0.93443686
C1C2CC3C1C4C=CC3C24,0.65549237
C1C2NC3C1C4C=CC3C24,0.70156217
C1C2OC3C1C4C=CC3C24,0.79764724
O1C2OC3C1C4C=CC3C24,0.78545845
C1C2C3CN1C4C2C=CC34,0.7819098
C1C2CN3C1C4C=CC3C24,0.7500591
C1C2CC3C1C4C=CC3N24,0.89745176
C1CC2C3C=CC4C(C13)C24,0.7166795
C1NC2C3C=CC4C(C13)C24,0.6355995
C1OC2C3C=CC4C(C13)C24,0.6395137
C1CN2C3C=CC4C(C13)C24,0.7668996
C1CC2C3C=CC4C(C13)N24,0.92172366
C1NC2C3C=CC4C2N4C13,0.79911685
C1OC2C3C=CC4C2N4C13,1.0010488
C1CC2C3C4C=CC(C14)C23,0.9977614
C1NC2C3C=CC2C4C1C34,1.0349147
C1OC2C3C=CC2C4C1C34,1.2048218
C1NC2C3C4C=CC(C14)C23,1.0642154
C1OC2C3C4C=CC(C14)C23,1.0437762
C1CN2C3C=CC2C4C1C34,1.2016606
C1CN2C3C4C=CC(C14)C23,1.0529866
C1CN2C3C4C=CC(C23)N14,0.74926007
C1CC2C3C4C=CC(C14)N23,1.0546457
C1NC2C3C=CC2N4C1C34,0.7036143
C1OC2C3C=CC2N4C1C34,0.7982867
C1=CC2C3C4C=CC(C14)C23,0.63825196
C1=CC2C3C4C=CC(C14)N23,0.8612932
C1CC2C3CC=C2C4C1C34,0.870644
C1NC2C3CC=C2C4C1C34,0.765012
C1OC2C3CC=C2C4C1C34,0.78388554
C1NC2C3C4CC=C(C14)C23,0.8860337
C1OC2C3C4CC=C(C14)C23,0.8915105
C1CC2C3OC=C2C4C1C34,0.70710456
C1NC2C3OC=C2C4C1C34,0.6807898
C1OC2C3OC=C2C4C1C34,0.93332684
C1NC2C3C4OC=C(C14)C23,1.0939568
C1OC2C3C4OC=C(C14)C23,1.3387262
C1CC2N3CC=C2C4C1C34,0.90477014
C1NC2C3C2C4=CCN3C14,0.867361
C1OC2C3C2C4=CCN3C14,1.1676271
C1CN2C3C4CC=C(C14)C23,1.0330596
C1CN2C3C4OC=C(C14)C23,1.0713863
C1CC2C3CC=C2C4C1N34,0.7361387
C1NC2C3CC=C2C4C1N34,0.61190826
C1OC2C3CC=C2C4C1N34,0.66122293
C1C=C2C3C=CC4C(C13)C24,0.83332896
N1N=C2C3C=CC4C(C13)C24,1.2719475
O1C=C2C3C=CC4C(C13)C24,1.1808584
O1N=C2C3C=CC4C(C13)C24,1.4704244
C1C=C2C3C=CC4C(C24)N13,1.4492351
C1C=C2C3C=CC4C2N4C13,1.1865997
C1CC2C3C1C4C=CC3C24,0.73206615
C1NC2C3C=CC4C2C1C34,0.66825235
C1OC2C3C=CC4C2C1C34,0.68912584
C1NC2C3C1C4C=CC3C24,0.74243504
C1OC2C3C1C4C=CC3C24,0.7020118
C1CN2C3C=CC4C3C1C24,0.7220794
C1CN2C3C1C4C=CC3C24,0.7661025
C1CC2C3C1C4C=CC3N24,0.98375463
C1NC2C3C1N4C2C=CC34,0.7824254
C1OC2C3C1N4C2C=CC34,0.8790659
C1CC2C3C4C=CC3N2C14,0.8100822
C1=CC2C3C1C4C=CC3C24,0.7201606
C1=CC2C3C1C4C=CC3N24,1.027225
C1C2C=CC3C2CC4C1C34,0.41718456
C1C2C3NC4C1C4C2C=C3,0.77810955
C1C2C3OC4C1C4C2C=C3,0.9025128
C1C2C=CC3C2NC4C1C34,0.47370103
N1C2C=CC3C2NC4C1C34,0.5472362
N1C2C3OC4C1C4C2C=C3,0.9110241
C1C2C=CC3C2OC4C1C34,0.6800213
N1C2C=CC3C2OC4C1C34,0.9202446
O1C2C=CC3C2OC4C1C34,1.0628902
C1C2C=CC3C4C1C4CN23,0.6135059
C1C2C3CN4C1C4C2C=C3,0.61033195
C1C2C=CC3C4C(CN23)N14,0.6637994
C1C2C=CC3C2CN4C1C34,0.544919
C1C2C=CC3C2CC4C1N34,0.6123034
C1C2C=CC3C4CC2C1C34,0.7842356
C1C2C=CC3C4NC2C1C34,0.71968126
C1C2C=CC3C4OC2C1C34,1.1498425
C1C2C3NC2C4C1C4C=C3,0.854671
N1C2C=CC3C4NC2C1C34,0.6836247
N1C2C=CC3C4OC2C1C34,1.0465575
C1C2C3OC2C4C1C4C=C3,0.8444822
N1C2C3OC2C4C1C4C=C3,0.8762773
O1C2C=CC3C4OC2C1C34,1.3275888
C1C2C=CC3C4CN2C1C34,0.89472425
C1C2C3C=CC4CN(C14)C23,1.0650858
C1C2C=CC3C4C1C2CN34,0.7317894
C1C2C3NC2C4C(C=C3)N14,0.62266004
C1C2C3OC2C4C(C=C3)N14,0.8586682
C1C2C=CC3C4CC2C1N34,0.9377177
C1C2CC3C4C=CC2C1C34,0.9009003
C1C2NC3C4C=CC2C1C34,1.0309534
C1C2OC3C4C=CC2C1C34,0.99636
C1C2NC3C2C=CC4C1C34,0.83215654
C1C2OC3C2C=CC4C1C34,0.95311636
C1C2C3C=CC4C(CN14)C23,1.128
C1C2CN3C2C=CC4C1C34,0.90683913
C1C2NC3C4C=CC2N1C34,0.7900667
C1C2OC3C4C=CC2N1C34,1.1150888
C1C2CN3C4C=CC2C1C34,0.8260144
C1C2NC3C2C=CC4C3N14,0.6137382
C1C2OC3C2C=CC4C3N14,0.6759296
C1C2CC3C4C=CC2C1N34,1.049624
C1C2C3C=CC4C(CN13)N24,0.93356705
C1C2C=CC3C4CC(C14)C23,0.56758463
C1C2C3NC4C=CC2C4C13,0.7020959
C1C2C3OC4C=CC2C4C13,0.98090255
C1C2C=CC3C4NC(C14)C23,0.79732466
N1C2C=CC3C4NC(C14)C23,0.8019204
N1C2C3OC4C=CC2C4C13,0.9725722
C1C2C=CC3C4OC(C14)C23,0.7202867
N1C2C=CC3C4OC(C14)C23,0.8824785
O1C2C=CC3C4OC(C14)C23,1.1680878
C1C2C=CC3C4CC(C14)N23,0.8901937
C1C2C=CC3C2C4CN3C14,0.8835915
C1C2C3C=CC4CN2C1C34,0.88739264
C1C2C=CC3C4CN(C14)C23,0.7790046
C1C=CC2C3CC2C4C1C34,0.6203497
C1C2C3C=COC4C2C4C13,0.6785117
C1C=CC2C3NC2C4C1C34,0.62250507
N1C2C3C=COC4C2C4C13,0.98190105
C1C=CC2C3OC2C4C1C34,0.49152204
O1C=CC2C3OC2C4C1C34,0.7338731
C1C=CC2C3CN2C4C1C34,0.65282655
C1C2C3C4OC=CC2N1C34,0.9489507
C1C=CC2C3CC2C4C3N14,0.7695231
C1C=CC2C3NC2C4C3N14,0.6874943
C1C=CC2C3OC2C4C3N14,0.5759276
C1C=CC2C3CC2N4C1C34,0.512693
C1C=CC2C3C4CC(C14)C23,0.876165
C1C2C3OC=CC4C2C4C13,0.80572927
C1C=CC2C3C4NC(C14)C23,0.7970767
N1C2C3OC=CC4C2C4C13,0.8045175
C1C=CC2C3C4OC(C14)C23,0.636237
O1C=CC2C3C4OC(C14)C23,0.9225755
C1C=CC2C3C4CC(C23)N14,0.9124424
C1C=CC2C3C4CN(C14)C23,0.8803127
C1C=CC2C3C4CC(C14)N23,0.9948707
C1C2C3OC=CC4C2N4C13,0.7112451
C1C2C=CC3C4CC3C2C14,0.5869336
C1C2C3NC4C=CC2C1C34,0.5754775
C1C2C3OC4C=CC2C1C34,0.9208338
C1C2C=CC3C4NC3C2C14,0.57873887
N1C2C=CC3C4NC3C2C14,0.6385696
N1C2C3OC4C=CC2C1C34,0.8587118
C1C2C=CC3C4OC3C2C14,0.7527722
N1C2C=CC3C4OC3C2C14,0.8645942
O1C2C=CC3C4OC3C2C14,1.1268169
C1C2C=CC3C4CN3C1C24,0.4894345
C1C2C3C=CC4CN(C13)C24,0.95276475
C1C2C=CC3C4CN3C2C14,0.4472935
C1C2C3NC4C=CC2N1C34,0.5219104
C1C2C3OC4C=CC2N1C34,0.8263243
C1C2C=CC3C4CC3N2C14,0.26621088
CC1C2C3C=CC4C3C4C12,0.81081665
NC1C2C3C=CC4C3C4C12,0.7877673
OC1C2C3C=CC4C3C4C12,0.8008508
CN1C2C3C=CC4C3C4C12,0.6252893
CC1C2C3C4C=CC(C34)N12,0.81575245
CC1C2C3C=CC4C3C4N12,0.68792415
CC1C2C3C=CC4C3N4C12,0.8654226
NC1C2C3C=CC4C3N4C12,0.896428
OC1C2C3C=CC4C3N4C12,0.8747991
CC1C2C3C=CC4C(C12)N34,0.7461547
NC1C2C3C=CC4C(C12)N34,0.7158906
OC1C2C3C=CC4C(C12)N34,0.81271994
CN1C2C3C=CC4C(C12)N34,0.70092404
C=C1C2C3CC4C(CC23)C14,0.6054267
C=C1C2C3CC4C(NC23)C14,0.65272176
C=C1C2C3CC4C(OC23)C14,0.7444123
C=C1C2C3NC4C(NC23)C14,0.5323138
C=C1C2C3NC4C(OC23)C14,0.89885175
C=C1C2C3OC4C(OC23)C14,1.3213452
C=C1C2C3CC4C1N4CC23,0.6780712
C=C1C2C3CN4C(CN23)C14,0.92453814
C1C2C3CC4C1C4C=CC23,0.81730545
C1C2C3NC4C1C4C=CC23,1.0296558
C1C2C3OC4C1C4C=CC23,1.321002
N1C2C3NC4C1C4C=CC23,0.8706899
N1C2C3OC4C1C4C=CC23,1.2353139
O1C2C3OC4C1C4C=CC23,1.0797373
C1C2C3CN4C1C4C=CC23,0.7710009
C1C2C3C=CC4C(CN23)N14,0.87470996
C=C1CC2C3C4CC(C23)C14,0.5796179
C=C1OC2C3C4CC(C23)C14,0.82617956
C=C1CC2C3C4NC(C23)C14,0.55754596
C=C1OC2C3C4NC(C23)C14,0.8149664
C=C1CC2C3C4OC(C23)C14,0.5780447
C=C1OC2C3C4OC(C23)C14,0.9550842
C=C1CC2C3C4CN(C23)C14,0.73386115
C=C1OC2C3C4CN(C23)C14,0.91790885
C=C1CN2C3C4CC(C23)C14,0.56936777
C=C1CN2C3C4NC(C23)C14,0.6660935
C=C1CN2C3C4OC(C23)C14,0.68805695
C=C1CC2C3C4CC(C14)N23,0.84522146
CC1=CC2C3C4CC(C23)C14,0.618997
CC1=CC2C3C4NC(C23)C14,0.5539097
CC1=CC2C3C4OC(C23)C14,0.6306557
CC1=CC2C3C4CN(C23)C14,0.79036444
CC1=CC2C3C4CC(C14)N23,0.93438244
C=CC1C2C3CC2C4C3C14,0.47535926
C=CC1C2C3NC2C4C3C14,0.53571445
C=CC1C2C3OC2C4C3C14,0.6576727
C=CC1C2C3C4CC(C23)N14,0.67779684
C=CC1C2C3C4CN(C14)C23,0.7360478
C=CC1C2C3CC2C4C3N14,0.50161165
C=CC1C2C3NC2C4C3N14,0.47865433
C=CC1C2C3OC2C4C3N14,0.58160686
C=CC1C2C3CC2N4C3C14,0.5214128
CC=C1C2C3CC2C4C3C14,0.65934527
CC=C1C2C3NC2C4C3C14,0.5690776
CC=C1C2C3OC2C4C3C14,0.6417775
CC=C1C2C3C4CN(C23)C14,0.81447923
CC=C1C2C3CC2N4C3C14,0.6963612
C=C1C2C3C4C5C2C5C1C34,0.6466198
C=C1C2C3C4C3C1N5C4C25,0.6333984
C=C1C2C3C4C5C(C1N34)N25,1.0434957
C=C1C2C3C4C3N5C2C5C14,0.7202537
C1C2C3C2C4C5C(C=C14)C35,1.1278731
O1C2C3C2C4C5C(C=C14)C35,1.2916573
C1N2C3C4C5C=C1C(C45)C23,1.1697673
C1C2C3C2N4C5C=C1C3C45,1.0060807
O1C2C3C2N4C5C=C1C3C45,1.5403495
C1C2C3C4C5C(C=C14)C5N23,1.3676368
C1C2C3C2C4N5C(C=C14)C35,1.2589259
O1C2C3C2C4N5C(C=C14)C35,1.2354819
C1N2C3C4C5C=C1C(C23)N45,1.4139825
C1C2C3C4C5C=C1C(C45)N23,1.4281634
C1C2C3C4C5CC1=C(C23)C45,0.60167754
C1C2C3C4C5OC1=C(C23)C45,1.2265049
C1C2C3C4C5N4CC1=C5C23,1.1194412
C1N2C3C4C5OC1=C(C45)C23,1.179541
C1N2C3C4C5N4CC1=C5C23,1.5494983
C1C2C3C2C4=C1CC5C4N35,0.80563986
C1C2C3N2C4C5OC1=C3C45,1.6945812
C1C2C3C1C4=CC5C3C5C24,0.85574746
N1C2C3C1C4=CC5C3C5C24,0.92437583
O1C2C3C1C4=CC5C3C5C24,1.0750151
C1C2C3C4C5C=C3C1N2C45,1.0799397
C1C2C3C4C5C=C2C(C45)N13,1.2021936
C1C2C3C1C4=CC5C(C24)N35,1.4764322
N1C2C3C1C4=CC5C(C24)N35,1.581367
O1C2C3C1C4=CC5C(C24)N35,1.3336545
C1C2C3C1C4=CC5C3N5C24,0.9845618
N1C2C3C1C4=CC5C3N5C24,1.0561731
O1C2C3C1C4=CC5C3N5C24,1.2539865
C1C2C3C4C5CC2=C(C13)C45,0.60868776
C1C2C3C1C4=C2OC5C3C45,1.1051711
C1C2C3C4C5NC4C(C23)=C15,0.8082248
N1C2C3C1C4=C2OC5C3C45,1.0908893
C1C2C3C4C5OC4C(C23)=C15,1.3167652
O1C2C3C4C5OC2=C(C13)C45,1.2698772
C1C2N3C4C5CC2=C(C45)C13,0.9899291
C1C2N3C1C4=C2OC5C3C45,1.1818461
C1C2C3C1C4=C2CN5C3C45,0.8970858
C1N2C3C4C5NC4C(C23)=C15,1.0054522
C1N2C3C4C5OC4C(C23)=C15,1.1654962
C1C2C3C1C4=C2CC5C4N35,1.0038337
C1C2C3N2C4C5NC4C3=C15,1.288269
C1C2C3N2C4C5OC4C3=C15,1.8172618
C1C2C3C4C5CC4C(C13)=C25,0.795469
C1C2C3C1C4=C2C5NC4C35,1.0407449
C1C2C3C1C4=C2C5OC4C35,1.2975502
N1C2C3C4C5NC4C(C13)=C25,0.9885423
N1C2C3C1C4=C2C5OC4C35,1.3245035
O1C2C3C4C5OC4C(C13)=C25,1.4980096
C1C2C3C1C4=C2C5CC4N35,1.3153011
C1C2N3C1C4=C2C5NC4C35,1.0043575
C1C2N3C1C4=C2C5OC4C35,1.3490672
C1CC(C1)C2C3CC2C=C3,0.63315797
C1NCC1C2C3CC2C=C3,0.6425688
C1OCC1C2C3CC2C=C3,0.73882383
C1CC(N1)C2C3CC2C=C3,0.64154834
C1CC(O1)C2C3CC2C=C3,0.7661052
C1CC(C1)C2C3NC2C=C3,0.5074878
C1NCC1C2C3NC2C=C3,0.60441977
C1OCC1C2C3NC2C=C3,0.65208966
C1CC(N1)C2C3NC2C=C3,0.7447554
C1CC(O1)C2C3NC2C=C3,0.7560168
C1CC(C1)C2C3OC2C=C3,0.64555883
C1NCC1C2C3OC2C=C3,0.5375008
C1OCC1C2C3OC2C=C3,0.70913327
C1CC(N1)C2C3OC2C=C3,0.6671711
C1CC(O1)C2C3OC2C=C3,0.8004739
C1CN(C1)C2C3CC2C=C3,0.6835846
C1CN(C1)C2C3NC2C=C3,0.6762665
C1CN(C1)C2C3OC2C=C3,0.7327024
C1CC(C1)N2C3CC2C=C3,0.53699154
C1NCC1N2C3CC2C=C3,0.6078001
C1OCC1N2C3CC2C=C3,0.6314036
C1CC(C1)C2C3CC=CC23,0.72647077
C1CC(C1)C2C3OC=CC23,0.7601468
C1NCC1C2C3CC=CC23,0.7544896
C1NCC1C2C3OC=CC23,0.8448006
C1OCC1C2C3CC=CC23,0.7020297
C1OCC1C2C3OC=CC23,0.83685046
C1CC(N1)C2C3CC=CC23,0.8261578
C1CC(N1)C2C3OC=CC23,0.904894
C1CC(O1)C2C3CC=CC23,0.9240582
C1CC(O1)C2C3OC=CC23,1.0332385
C1CN(C1)C2C3CC=CC23,0.7609276
C1CN(C1)C2C3OC=CC23,0.73271257
C1CC(C1)N2C3CC=CC23,0.50469
C1NCC1N2C3CC=CC23,0.3345085
C1OCC1N2C3CC=CC23,0.5265999
C1CC(C1)C2C3C=CCN23,0.70153093
C1NCC1C2C3C=CCN23,0.77431947
C1OCC1C2C3C=CCN23,0.730515
C1CC(N1)C2C3C=CCN23,0.71778303
C1CC(O1)C2C3C=CCN23,0.6957996
C1C2CC1C3C4C=CC3C24,1.2343638
C1C2NC1C3C4C=CC3C24,1.234679
C1C2OC1C3C4C=CC3C24,1.3221155
C1C2CN1C3C4C=CC3C24,1.3701628
C1C2CC1N3C4C=CC3C24,1.0009677
C1C2CN1C3C4C=CC3N24,1.457956
C1CC2C1C3C=CC4C2C34,0.6335964
C1NC2C1C3C4C=CC2C34,0.72160196
C1OC2C1C3C4C=CC2C34,0.7931669
C1NC2C1C3C=CC4C2C34,0.5800891
C1OC2C1C3C=CC4C2C34,0.61596227
C1CN2C1C3C4C=CC2C34,0.63779974
C1CN2C1C3C=CC4C3C24,0.49040368
C1CC2C1C3C=CC4C3N24,0.68914104
C1NC2C1N3C4C=CC2C34,0.825703
C1OC2C1N3C4C=CC2C34,1.1670643
C1CC2C1C3C=CC4C2N34,0.73162735
C1NC2C1C3C4C=CC2N34,0.86966157
C1OC2C1C3C4C=CC2N34,1.0629859
C1NC2C1C3C=CC4C2N34,0.6085127
C1OC2C1C3C=CC4C2N34,0.7130351
C1CC2C1C3C4C=CC3C24,0.7682508
C1NC2C1C3C4C=CC3C24,0.7935817
C1OC2C1C3C4C=CC3C24,0.888571
C1CN2C1C3C4C=CC3C24,0.6491985
C1CC2C1C3C4C=CC3N24,0.8828799
C1NC2C1N3C4C=CC3C24,0.85878813
C1OC2C1N3C4C=CC3C24,1.2101184
C1=CC2C3C4C1C5C2C5C34,0.5434569
C1=CC2C3C4C1C5C(C34)N25,0.77324384
C1=CC2C3C4C5C(C1N34)N25,0.78783077
C1=CC2C3C4C1C5C2N5C34,0.73751736
C1CC1C2C3CC=CC2C3,0.7459692
C1CC1C2C3CC2C=CO3,0.64859486
C1CC1C2C3CC=CC2N3,0.58026904
C1CC1C2C3CC=CC2O3,0.71555686
C1CC1N2C3CC=CC2C3,0.6129695
C1CC1C2C3CN2CC=C3,0.6549313
C1NC1C2C3CC=CC2C3,0.7801042
C1NC1C2C3CC2C=CO3,0.7936724
C1NC1C2C3CC=CC2N3,0.60787797
C1NC1C2C3CC=CC2O3,0.8979107
C1NC1C2C3CN2CC=C3,0.7657974
C1OC1C2C3CC=CC2C3,0.91406447
C1OC1C2C3CC2C=CO3,0.92832243
C1OC1C2C3CC=CC2N3,0.67941296
C1OC1C2C3CC=CC2O3,1.0406915
C1OC1C2C3CN2CC=C3,0.9122189
C1CN1C2C3CC=CC2C3,0.8101188
C1CN1C2C3CC2C=CO3,0.78267765
C1CN1C2C3CC=CC2N3,0.6328841
C1CN1C2C3CC=CC2O3,0.8953357
C1CC1C2C3CC=CCC23,1.0915039
C1CC1C2C3CC=COC23,0.58134294
C1CC1C2C3OC=COC23,0.59808326
C1NC1C2C3CC=CCC23,0.7782748
C1NC1C2C3CC=COC23,0.59811974
C1NC1C2C3OC=COC23,0.71579033
C1OC1C2C3CC=CCC23,1.070281
C1OC1C2C3CC=COC23,0.7930171
C1OC1C2C3OC=COC23,0.8936834
C1CN1C2C3CC=CCC23,0.93000126
C1CN1C2C3CC=COC23,0.6190671
C1CN1C2C3OC=COC23,0.8029315
C1CC1N2C3CC=CCC23,0.8986333
C1CC1C2C3CC=CCN23,1.0398821
C1NC1C2C3CC=CCN23,0.5632023
C1OC1C2C3CC=CCN23,0.6395161
C1CC2C(C=C1)C2C3CC3,0.75129646
C1CC1C2C3COC=CC23,0.7024169
C1CC1C2C3NCC=CC23,0.6695595
C1CC1C2C3OCC=CC23,0.8166688
C1CC2C(C=C1)C2C3CN3,0.7803827
C1NC1C2C3COC=CC23,0.7078082
C1NC2C(C=C1)C2C3CN3,0.7954793
C1NC1C2C3OCC=CC23,0.9565939
C1CC2C(C=C1)C2C3CO3,0.7286366
C1OC=CC2C1C2C3CO3,0.6944327
C1NC2C(C=C1)C2C3CO3,0.85140216
C1OC2C(C=C1)C2C3CO3,0.9724195
C1CC2C(C=C1)C2N3CC3,0.73331094
C1OC=CC2C1C2N3CC3,0.8310861
C1NC2C(C=C1)C2N3CC3,0.847528
C1OC2C(C=C1)C2N3CC3,0.99145746
C1CC2C(C=C1)N2C3CC3,0.7871842
C1CC1N2C3COC=CC23,0.6600386
C1CN2C(C=C1)C2C3CC3,0.7042218
C1CN2C(C=C1)C2C3CN3,0.7309492
C1CN2C(C=C1)C2C3CO3,0.6981052
C1CC1C2C3C=CC=CC23,1.0273134
C1NC1C2C3C=CC=CC23,1.0344807
C1OC1C2C3C=CC=CC23,1.0589527
C1CN1C2C3C=CC=CC23,0.999095
C1CC1N2C3C=CC=CC23,0.86497223
C1CC1C2C3C=CC=NN23,1.409355
C1NC1C2C3C=CC=NN23,1.3319263
C1OC1C2C3C=CC=NN23,1.6627141
C1CC1C2C3CCC2C=C3,0.82384306
C1CC1C2C3CNC2C=C3,0.6499073
C1CC1C2C3COC2C=C3,0.8147606
C1CC1N2C3CCC2C=C3,0.5873218
C1CC2C=CC1C2C3CN3,0.6406732
C1NC1C2C3CNC2C=C3,0.70877165
C1NC1C2C3COC2C=C3,0.872586
C1CC2C=CC1C2C3CO3,0.65992516
C1NC2C=CC1C2C3CO3,0.655123
C1OC1C2C3COC2C=C3,0.824927
C1CC2C=CC1C2N3CC3,0.6735283
C1NC2C=CC1C2N3CC3,0.7856054
C1OC2C=CC1C2N3CC3,1.0828242
C1CC1C2C3C=CC2C=C3,0.9308708
C1CC1N2C3C=CC2C=C3,0.97361815
C1NC1C2C3C=CC2C=C3,0.94386446
C1OC1C2C3C=CC2C=C3,0.9603903
C1CN1C2C3C=CC2C=C3,1.0127559
C1C2C=CC3C4CC4C2C13,0.9868456
C1C2C1C3C4NC3C2C=C4,0.72997355
C1C2C1C3C4OC3C2C=C4,0.6462841
C1C2C=CC3C4CC4N2C13,1.2271132
C1C2C1C3C4CN3C2C=C4,0.98735213
C1C2C=CC3C1C2C4NC34,0.63716507
N1C2C=CC3C4NC4C2C13,0.7370405
N1C2C1C3C4OC3C2C=C4,0.9515637
C1C2C=CC3C4NC4C2N13,0.62880504
C1C2C=CC3C1C2C4OC34,0.78952146
N1C2C=CC3C1C2C4OC34,0.6655875
O1C2C=CC3C4OC4C2C13,1.3269478
C1C2C=CC3C4OC4C2N13,0.7929996
C1C2C=CC3C1C2C4CN34,0.72530633
C1C2C3C4NC3C(C=C4)N12,1.0193413
C1C2C3C4OC3C(C=C4)N12,1.0370923
C1C2C=CC3C1C2N4CC34,1.1264669
C1C2C3C=CC4NC3C4N12,1.2283908
C1C2C3C=CC4OC3C4N12,1.3061446
C1C=CC2C3C4CC4C2C13,0.7646285
C1C2C1C3C4OC=CC3C24,0.9179424
C1C=CC2C3C4CC4C2N13,0.79386485
C1C=CC2C3C4CC4N2C13,0.9837808
C1C=CC2C3C1C2C4NC34,0.69448364
N1C2C1C3C4OC=CC3C24,1.0639597
C1C=CC2C3C4NC4C2N13,0.7583487
C1C=CC2C3C1C2C4OC34,0.68568516
O1C=CC2C3C4OC4C2C13,1.3180298
C1C=CC2C3C4OC4C2N13,0.95143104
C1C=CC2C3C1C2N4CC34,0.5849236
C1C2C3C4OC=CC3C4N12,1.0742074
C1C2C=CC3C1C3C4CC24,0.63137686
C1C2C1C3C4NC2C=CC34,0.6060245
C1C2C1C3C4OC2C=CC34,0.8196478
C1C2C=CC3C1C3C4NC24,0.66702855
N1C2C=CC3C1C3C4NC24,0.8249247
N1C2C1C3C4OC2C=CC34,0.88066226
C1C2C=CC3C1C3C4OC24,0.6478253
N1C2C=CC3C1C3C4OC24,0.9856156
O1C2C=CC3C1C3C4OC24,1.2434164
C1C2C=CC3C1C3C4CN24,0.7860706
C1C2C=CC3C1C3N4CC24,0.66205686
C1C2C3NC4C(C=C3)C4N12,0.75788933
C1C2C3OC4C(C=C3)C4N12,0.8729671
C1C2C=CC3C1N3C4CC24,0.6369565
C1C2C3CN4C(C=C3)C4C12,1.0596106
C1C2C=CC3C(C4NC24)N13,0.5692085
C1C2C=CC3C(C4OC24)N13,0.640855
C1C2C=CC3C(C4CN24)N13,0.5035325
C1C=CC2C3CC3C4C1C24,0.64525294
C1C2C1C3C4OC=CC2C34,0.7774232
C1C=CC2C3NC3C4C1C24,0.51138407
N1C2C1C3C4OC=CC2C34,0.89374304
C1C=CC2C3OC3C4C1C24,0.5366186
O1C=CC2C3OC3C4C1C24,0.7023834
C1C=CC2C3CC3C4C2N14,0.8874004
C1C=CC2C3NC3C4C2N14,0.7685307
C1C=CC2C3OC3C4C2N14,0.862054
C1C=CC2C3C1C3C4CN24,0.29378065
C1C2C3C4OC=CC(C34)N12,0.9863609
C1C=CC2C3C(C4CN24)N13,0.5783478
C1C=CC2C3CN3C4C1C24,0.32777745
C1C2C3C=COC4C3C4N12,0.57041824
C1C=CC2C3CC3N4C1C24,0.461155
C1C=CC2C3CC3C4C1N24,0.44450524
C1C=CC2C3NC3C4C1N24,0.53493315
C1C=CC2C3OC3C4C1N24,0.5795489
C1C=CC2C3C1C4CC4C23,0.47261378
C1C2C1C3C4C=COC2C34,0.77570945
C1C=CC2C3C4CC4N1C23,0.6027065
C1C=CC2C3C1C4NC4C23,0.57453835
N1C2C1C3C4C=COC2C34,0.8088588
C1C=CC2C3C1C4OC4C23,0.8160407
O1C=CC2C3C1C4OC4C23,0.8591559
C1C=CC2C3C1N4CC4C23,0.57455355
C1C=CC2C3C1C4CN4C23,0.4728864
C1C2C3OC=CC4C3C4N12,0.58958817
C1C=CC2C3C1C4CC4N23,0.49357396
C1C2C3OC=CC4C3N4C12,0.8500525
C1C=CC2C3C4CC4C1N23,0.57248235
C1C=CC2C3C4NC4C1N23,0.4562494
C1C=CC2C3C4OC4C1N23,0.80152726
C1C2C=CC3C1C4CC4C23,0.6072424
C1C2C1C3C4NC2C3C=C4,0.7315535
C1C2C1C3C4OC2C3C=C4,0.77046025
C1C2C1N3CC4C=CC3C24,0.84426445
C1C2C=CC3C1C4CC4N23,0.6244625
C1C2C=CC3C1C4NC4C23,0.6392834
N1C2C=CC3C1C4NC4C23,0.58025414
N1C2C1C3C4OC2C3C=C4,0.8604092
C1C2C=CC3C1C4OC4C23,0.85796714
N1C2C=CC3C1C4OC4C23,0.82584
O1C2C=CC3C1C4OC4C23,1.1016207
C1C2C=CC3C1N4CC4C23,0.69504845
C1C2C=CC3C1C4CN4C23,0.60404587
C1C2C3NC4C=CC3C4N12,0.7514112
C1C2C3OC4C=CC3C4N12,0.94480324
